2025-12-17 09:20:12,771: Training Started
2025-12-17 09:24:20,265: save data time 0.10, train_i=0.00, total_steps=0.00
2025-12-17 09:24:48,438: MaxHebb=0.00483, T=0.05, F=0.51, L=0.01, train_i=100, total_steps=2500
2025-12-17 09:24:48,438: it=100, lxP=30.86, lxG=70.02, lxGt=70.02, lp=0.30, lg=0.00, aP=96.25, aGinf=4.00, aGt=4.00
2025-12-17 09:25:15,781: MaxHebb=0.06027, T=0.10, F=1.00, L=0.01, train_i=200, total_steps=5000
2025-12-17 09:25:15,781: it=200, lxP=9.53, lxG=72.76, lxGt=72.77, lp=0.14, lg=0.00, aP=100.00, aGinf=6.75, aGt=6.75
2025-12-17 09:25:42,965: MaxHebb=0.16730, T=0.15, F=1.00, L=0.02, train_i=300, total_steps=7500
2025-12-17 09:25:42,965: it=300, lxP=6.97, lxG=56.20, lxGt=56.20, lp=0.09, lg=0.00, aP=100.00, aGinf=46.50, aGt=46.50
2025-12-17 09:26:10,153: MaxHebb=0.15739, T=0.20, F=1.00, L=0.03, train_i=400, total_steps=10000
2025-12-17 09:26:10,153: it=400, lxP=10.42, lxG=57.44, lxGt=57.44, lp=0.14, lg=0.00, aP=100.00, aGinf=20.50, aGt=20.50
2025-12-17 09:27:19,048: MaxHebb=0.15043, T=0.25, F=1.00, L=0.03, train_i=500, total_steps=12500
2025-12-17 09:27:19,048: it=500, lxP=13.19, lxG=69.23, lxGt=69.28, lp=0.20, lg=0.00, aP=100.00, aGinf=26.50, aGt=26.75
2025-12-17 09:27:46,221: MaxHebb=0.17878, T=0.30, F=1.00, L=0.04, train_i=600, total_steps=15000
2025-12-17 09:27:46,221: it=600, lxP=21.21, lxG=68.77, lxGt=68.88, lp=0.17, lg=0.00, aP=99.25, aGinf=21.50, aGt=21.50
2025-12-17 09:28:13,407: MaxHebb=0.19177, T=0.35, F=1.00, L=0.04, train_i=700, total_steps=17500
2025-12-17 09:28:13,408: it=700, lxP=11.47, lxG=70.23, lxGt=70.64, lp=0.22, lg=0.03, aP=100.00, aGinf=8.00, aGt=8.50
2025-12-17 09:28:40,495: MaxHebb=0.22183, T=0.40, F=1.00, L=0.05, train_i=800, total_steps=20000
2025-12-17 09:28:40,495: it=800, lxP=16.37, lxG=64.48, lxGt=65.16, lp=0.09, lg=0.12, aP=100.00, aGinf=44.50, aGt=44.50
2025-12-17 09:29:09,115: MaxHebb=0.17548, T=0.45, F=1.00, L=0.06, train_i=900, total_steps=22500
2025-12-17 09:29:09,116: it=900, lxP=9.64, lxG=57.32, lxGt=58.41, lp=0.10, lg=0.23, aP=100.00, aGinf=47.00, aGt=46.00
2025-12-17 09:29:36,289: MaxHebb=0.18253, T=0.50, F=1.00, L=0.06, train_i=1000, total_steps=25000
2025-12-17 09:29:36,289: it=1000, lxP=10.76, lxG=55.43, lxGt=54.54, lp=0.08, lg=0.54, aP=100.00, aGinf=48.25, aGt=47.50
2025-12-17 09:30:03,461: MaxHebb=0.26349, T=0.55, F=1.00, L=0.07, train_i=1100, total_steps=27500
2025-12-17 09:30:03,461: it=1100, lxP=14.77, lxG=73.32, lxGt=75.89, lp=0.15, lg=1.32, aP=100.00, aGinf=8.75, aGt=14.00
2025-12-17 09:30:30,660: MaxHebb=0.31045, T=0.60, F=1.00, L=0.08, train_i=1200, total_steps=30000
2025-12-17 09:30:30,660: it=1200, lxP=11.24, lxG=75.86, lxGt=62.85, lp=0.16, lg=1.73, aP=100.00, aGinf=5.25, aGt=12.00
2025-12-17 09:30:59,312: MaxHebb=0.29078, T=0.65, F=1.00, L=0.08, train_i=1300, total_steps=32500
2025-12-17 09:30:59,313: it=1300, lxP=9.82, lxG=74.41, lxGt=61.48, lp=0.13, lg=1.90, aP=100.00, aGinf=6.75, aGt=19.25
2025-12-17 09:31:26,441: MaxHebb=0.25469, T=0.70, F=1.00, L=0.09, train_i=1400, total_steps=35000
2025-12-17 09:31:26,441: it=1400, lxP=7.87, lxG=72.20, lxGt=59.78, lp=0.13, lg=2.17, aP=100.00, aGinf=4.00, aGt=21.00
2025-12-17 09:31:53,633: MaxHebb=0.25551, T=0.75, F=1.00, L=0.09, train_i=1500, total_steps=37500
2025-12-17 09:31:53,633: it=1500, lxP=8.08, lxG=75.55, lxGt=62.00, lp=0.14, lg=2.40, aP=100.00, aGinf=5.75, aGt=20.75
2025-12-17 09:32:20,754: MaxHebb=0.22485, T=0.80, F=1.00, L=0.10, train_i=1600, total_steps=40000
2025-12-17 09:32:20,754: it=1600, lxP=18.05, lxG=65.96, lxGt=63.15, lp=0.10, lg=1.85, aP=100.00, aGinf=7.75, aGt=15.75
2025-12-17 09:32:49,355: MaxHebb=0.24628, T=0.85, F=1.00, L=0.11, train_i=1700, total_steps=42500
2025-12-17 09:32:49,355: it=1700, lxP=9.88, lxG=70.62, lxGt=64.05, lp=0.12, lg=2.16, aP=100.00, aGinf=5.25, aGt=20.25
2025-12-17 09:33:16,448: MaxHebb=0.25506, T=0.90, F=1.00, L=0.11, train_i=1800, total_steps=45000
2025-12-17 09:33:16,448: it=1800, lxP=11.46, lxG=65.83, lxGt=57.98, lp=0.10, lg=1.93, aP=100.00, aGinf=10.25, aGt=21.25
2025-12-17 09:33:43,640: MaxHebb=0.22135, T=0.95, F=1.00, L=0.12, train_i=1900, total_steps=47500
2025-12-17 09:33:43,640: it=1900, lxP=8.43, lxG=75.92, lxGt=67.14, lp=0.11, lg=1.98, aP=100.00, aGinf=5.50, aGt=13.50
2025-12-17 09:34:10,949: MaxHebb=0.21985, T=1.00, F=1.00, L=0.13, train_i=2000, total_steps=50000
2025-12-17 09:34:10,949: it=2000, lxP=7.23, lxG=70.29, lxGt=62.99, lp=0.10, lg=2.16, aP=100.00, aGinf=5.50, aGt=11.50
2025-12-17 09:34:12,607: save data time 0.14, train_i=2000.00, total_steps=50000.00
2025-12-17 09:34:39,839: MaxHebb=0.20674, T=1.00, F=1.00, L=0.13, train_i=2100, total_steps=52500
2025-12-17 09:34:39,839: it=2100, lxP=6.52, lxG=68.37, lxGt=60.49, lp=0.10, lg=2.27, aP=100.00, aGinf=5.50, aGt=10.00
2025-12-17 09:35:07,072: MaxHebb=0.20246, T=1.00, F=1.00, L=0.14, train_i=2200, total_steps=55000
2025-12-17 09:35:07,072: it=2200, lxP=5.95, lxG=67.57, lxGt=63.43, lp=0.11, lg=2.98, aP=100.00, aGinf=13.50, aGt=11.25
2025-12-17 09:35:34,310: MaxHebb=0.16646, T=1.00, F=1.00, L=0.14, train_i=2300, total_steps=57500
2025-12-17 09:35:34,310: it=2300, lxP=5.76, lxG=67.99, lxGt=62.22, lp=0.08, lg=2.03, aP=100.00, aGinf=7.25, aGt=5.50
2025-12-17 09:36:01,603: MaxHebb=0.13712, T=1.00, F=1.00, L=0.15, train_i=2400, total_steps=60000
2025-12-17 09:36:01,603: it=2400, lxP=5.30, lxG=66.61, lxGt=53.90, lp=0.06, lg=2.19, aP=100.00, aGinf=9.75, aGt=7.75
2025-12-17 09:36:30,378: MaxHebb=0.15964, T=1.00, F=1.00, L=0.16, train_i=2500, total_steps=62500
2025-12-17 09:36:30,378: it=2500, lxP=5.07, lxG=63.29, lxGt=54.13, lp=0.06, lg=2.29, aP=100.00, aGinf=11.25, aGt=16.75
2025-12-17 09:36:57,681: MaxHebb=0.12776, T=1.00, F=1.00, L=0.16, train_i=2600, total_steps=65000
2025-12-17 09:36:57,682: it=2600, lxP=4.61, lxG=62.00, lxGt=60.72, lp=0.05, lg=2.15, aP=99.00, aGinf=11.75, aGt=16.00
2025-12-17 09:37:25,059: MaxHebb=0.09876, T=1.00, F=1.00, L=0.17, train_i=2700, total_steps=67500
2025-12-17 09:37:25,059: it=2700, lxP=3.92, lxG=61.36, lxGt=60.19, lp=0.05, lg=2.24, aP=98.00, aGinf=10.00, aGt=10.00
2025-12-17 09:37:52,385: MaxHebb=0.10616, T=1.00, F=1.00, L=0.18, train_i=2800, total_steps=70000
2025-12-17 09:37:52,385: it=2800, lxP=4.63, lxG=58.00, lxGt=61.82, lp=0.04, lg=4.16, aP=98.75, aGinf=13.75, aGt=23.00
2025-12-17 09:38:21,232: MaxHebb=0.09049, T=1.00, F=1.00, L=0.18, train_i=2900, total_steps=72500
2025-12-17 09:38:21,232: it=2900, lxP=5.73, lxG=64.67, lxGt=64.92, lp=0.04, lg=3.83, aP=98.25, aGinf=6.75, aGt=14.00
2025-12-17 09:38:48,680: MaxHebb=0.12195, T=1.00, F=1.00, L=0.19, train_i=3000, total_steps=75000
2025-12-17 09:38:48,680: it=3000, lxP=4.04, lxG=64.28, lxGt=66.75, lp=0.04, lg=4.01, aP=98.00, aGinf=5.75, aGt=15.25
2025-12-17 09:39:16,114: MaxHebb=0.15324, T=1.00, F=1.00, L=0.19, train_i=3100, total_steps=77500
2025-12-17 09:39:16,115: it=3100, lxP=4.64, lxG=62.80, lxGt=65.85, lp=0.04, lg=3.93, aP=100.00, aGinf=12.75, aGt=16.50
2025-12-17 09:39:43,526: MaxHebb=0.12868, T=1.00, F=1.00, L=0.20, train_i=3200, total_steps=80000
2025-12-17 09:39:43,527: it=3200, lxP=4.23, lxG=44.11, lxGt=63.12, lp=0.03, lg=3.77, aP=99.00, aGinf=28.50, aGt=11.75
2025-12-17 09:40:12,392: MaxHebb=0.17173, T=1.00, F=1.00, L=0.21, train_i=3300, total_steps=82500
2025-12-17 09:40:12,392: it=3300, lxP=3.56, lxG=34.55, lxGt=58.46, lp=0.03, lg=3.90, aP=98.50, aGinf=40.25, aGt=20.50
2025-12-17 09:40:39,826: MaxHebb=0.17367, T=1.00, F=1.00, L=0.21, train_i=3400, total_steps=85000
2025-12-17 09:40:39,826: it=3400, lxP=2.30, lxG=37.09, lxGt=59.90, lp=0.03, lg=3.93, aP=98.50, aGinf=36.00, aGt=18.25
2025-12-17 09:41:07,371: MaxHebb=0.20645, T=1.00, F=1.00, L=0.22, train_i=3500, total_steps=87500
2025-12-17 09:41:07,371: it=3500, lxP=2.50, lxG=35.79, lxGt=61.65, lp=0.03, lg=5.09, aP=97.75, aGinf=31.25, aGt=16.25
2025-12-17 09:41:34,805: MaxHebb=0.19271, T=1.00, F=1.00, L=0.23, train_i=3600, total_steps=90000
2025-12-17 09:41:34,805: it=3600, lxP=2.70, lxG=37.70, lxGt=60.99, lp=0.02, lg=5.08, aP=98.75, aGinf=39.00, aGt=20.50
2025-12-17 09:42:03,663: MaxHebb=0.18284, T=1.00, F=1.00, L=0.23, train_i=3700, total_steps=92500
2025-12-17 09:42:03,663: it=3700, lxP=2.22, lxG=28.50, lxGt=53.35, lp=0.02, lg=4.98, aP=98.75, aGinf=42.50, aGt=26.75
2025-12-17 09:42:31,219: MaxHebb=0.17631, T=1.00, F=1.00, L=0.24, train_i=3800, total_steps=95000
2025-12-17 09:42:31,219: it=3800, lxP=1.34, lxG=32.55, lxGt=57.64, lp=0.02, lg=4.99, aP=100.00, aGinf=42.00, aGt=20.75
2025-12-17 09:42:58,614: MaxHebb=0.17654, T=1.00, F=1.00, L=0.24, train_i=3900, total_steps=97500
2025-12-17 09:42:58,614: it=3900, lxP=2.26, lxG=28.71, lxGt=47.58, lp=0.01, lg=4.79, aP=100.00, aGinf=33.00, aGt=22.50
2025-12-17 09:43:26,039: MaxHebb=0.18457, T=1.00, F=1.00, L=0.25, train_i=4000, total_steps=100000
2025-12-17 09:43:26,040: it=4000, lxP=2.34, lxG=28.16, lxGt=59.97, lp=0.01, lg=4.86, aP=100.00, aGinf=38.75, aGt=19.00
2025-12-17 09:43:27,569: save data time 0.12, train_i=4000.00, total_steps=100000.00
2025-12-17 09:43:55,085: MaxHebb=0.17890, T=1.00, F=1.00, L=0.26, train_i=4100, total_steps=102500
2025-12-17 09:43:55,085: it=4100, lxP=1.73, lxG=32.84, lxGt=53.09, lp=0.02, lg=4.82, aP=100.00, aGinf=37.75, aGt=24.00
2025-12-17 09:44:22,523: MaxHebb=0.18334, T=1.00, F=1.00, L=0.26, train_i=4200, total_steps=105000
2025-12-17 09:44:22,523: it=4200, lxP=2.00, lxG=23.34, lxGt=52.30, lp=0.02, lg=4.72, aP=100.00, aGinf=40.50, aGt=19.75
2025-12-17 09:44:49,934: MaxHebb=0.18991, T=1.00, F=1.00, L=0.27, train_i=4300, total_steps=107500
2025-12-17 09:44:49,934: it=4300, lxP=0.61, lxG=28.88, lxGt=53.25, lp=0.02, lg=4.86, aP=100.00, aGinf=35.75, aGt=22.50
2025-12-17 09:45:17,341: MaxHebb=0.16780, T=1.00, F=1.00, L=0.28, train_i=4400, total_steps=110000
2025-12-17 09:45:17,341: it=4400, lxP=0.63, lxG=25.01, lxGt=58.18, lp=0.02, lg=4.90, aP=100.00, aGinf=31.75, aGt=19.00
2025-12-17 09:45:46,177: MaxHebb=0.16366, T=1.00, F=1.00, L=0.28, train_i=4500, total_steps=112500
2025-12-17 09:45:46,177: it=4500, lxP=2.48, lxG=25.30, lxGt=57.30, lp=0.01, lg=4.77, aP=100.00, aGinf=33.00, aGt=17.50
2025-12-17 09:46:13,629: MaxHebb=0.17449, T=1.00, F=1.00, L=0.29, train_i=4600, total_steps=115000
2025-12-17 09:46:13,629: it=4600, lxP=2.16, lxG=28.46, lxGt=51.51, lp=0.01, lg=4.74, aP=100.00, aGinf=32.25, aGt=20.25
2025-12-17 09:46:41,022: MaxHebb=0.16109, T=1.00, F=1.00, L=0.29, train_i=4700, total_steps=117500
2025-12-17 09:46:41,022: it=4700, lxP=1.72, lxG=28.56, lxGt=51.36, lp=0.01, lg=4.28, aP=100.00, aGinf=33.75, aGt=20.50
2025-12-17 09:47:08,429: MaxHebb=0.16602, T=1.00, F=1.00, L=0.30, train_i=4800, total_steps=120000
2025-12-17 09:47:08,429: it=4800, lxP=1.98, lxG=25.59, lxGt=51.57, lp=0.01, lg=4.16, aP=100.00, aGinf=32.50, aGt=21.50
2025-12-17 09:47:37,307: MaxHebb=0.16402, T=1.00, F=1.00, L=0.31, train_i=4900, total_steps=122500
2025-12-17 09:47:37,307: it=4900, lxP=1.40, lxG=21.93, lxGt=53.89, lp=0.01, lg=4.23, aP=100.00, aGinf=40.00, aGt=16.00
2025-12-17 09:48:04,701: MaxHebb=0.15786, T=1.00, F=1.00, L=0.31, train_i=5000, total_steps=125000
2025-12-17 09:48:04,701: it=5000, lxP=1.40, lxG=29.68, lxGt=50.00, lp=0.02, lg=4.25, aP=100.00, aGinf=31.50, aGt=20.25
2025-12-17 09:48:32,153: MaxHebb=0.16659, T=1.00, F=1.00, L=0.32, train_i=5100, total_steps=127500
2025-12-17 09:48:32,153: it=5100, lxP=1.27, lxG=23.98, lxGt=46.47, lp=0.01, lg=4.19, aP=100.00, aGinf=33.75, aGt=20.25
2025-12-17 09:48:59,642: MaxHebb=0.16299, T=1.00, F=1.00, L=0.33, train_i=5200, total_steps=130000
2025-12-17 09:48:59,642: it=5200, lxP=1.05, lxG=29.13, lxGt=54.13, lp=0.01, lg=4.28, aP=100.00, aGinf=35.75, aGt=21.25
2025-12-17 09:49:28,597: MaxHebb=0.17704, T=1.00, F=1.00, L=0.33, train_i=5300, total_steps=132500
2025-12-17 09:49:28,597: it=5300, lxP=0.87, lxG=23.56, lxGt=49.78, lp=0.01, lg=4.18, aP=100.00, aGinf=38.50, aGt=21.00
2025-12-17 09:49:56,203: MaxHebb=0.17216, T=1.00, F=1.00, L=0.34, train_i=5400, total_steps=135000
2025-12-17 09:49:56,203: it=5400, lxP=1.55, lxG=23.87, lxGt=51.49, lp=0.02, lg=4.24, aP=100.00, aGinf=32.75, aGt=19.00
2025-12-17 09:50:23,710: MaxHebb=0.16948, T=1.00, F=1.00, L=0.34, train_i=5500, total_steps=137500
2025-12-17 09:50:23,710: it=5500, lxP=0.98, lxG=24.23, lxGt=51.59, lp=0.01, lg=4.19, aP=100.00, aGinf=38.75, aGt=23.00
2025-12-17 09:50:51,198: MaxHebb=0.15666, T=1.00, F=1.00, L=0.35, train_i=5600, total_steps=140000
2025-12-17 09:50:51,198: it=5600, lxP=2.58, lxG=27.58, lxGt=49.22, lp=0.01, lg=4.12, aP=100.00, aGinf=34.25, aGt=21.50
2025-12-17 09:51:19,988: MaxHebb=0.14755, T=1.00, F=1.00, L=0.36, train_i=5700, total_steps=142500
2025-12-17 09:51:19,988: it=5700, lxP=0.54, lxG=28.04, lxGt=52.11, lp=0.01, lg=4.26, aP=100.00, aGinf=32.25, aGt=16.00
2025-12-17 09:51:47,402: MaxHebb=0.14300, T=1.00, F=1.00, L=0.36, train_i=5800, total_steps=145000
2025-12-17 09:51:47,402: it=5800, lxP=0.57, lxG=25.68, lxGt=48.74, lp=0.01, lg=4.28, aP=100.00, aGinf=35.25, aGt=21.50
2025-12-17 09:52:14,771: MaxHebb=0.17127, T=1.00, F=1.00, L=0.37, train_i=5900, total_steps=147500
2025-12-17 09:52:14,771: it=5900, lxP=0.64, lxG=24.37, lxGt=50.29, lp=0.01, lg=4.21, aP=100.00, aGinf=36.25, aGt=24.50
2025-12-17 09:52:42,113: MaxHebb=0.12999, T=1.00, F=1.00, L=0.38, train_i=6000, total_steps=150000
2025-12-17 09:52:42,114: it=6000, lxP=0.30, lxG=22.79, lxGt=47.99, lp=0.01, lg=4.24, aP=100.00, aGinf=39.50, aGt=24.00
2025-12-17 09:52:43,681: save data time 0.16, train_i=6000.00, total_steps=150000.00
2025-12-17 09:53:11,254: MaxHebb=0.16356, T=1.00, F=1.00, L=0.38, train_i=6100, total_steps=152500
2025-12-17 09:53:11,254: it=6100, lxP=0.36, lxG=20.96, lxGt=61.06, lp=0.01, lg=4.21, aP=100.00, aGinf=43.50, aGt=23.00
2025-12-17 09:53:38,699: MaxHebb=0.14779, T=1.00, F=1.00, L=0.39, train_i=6200, total_steps=155000
2025-12-17 09:53:38,699: it=6200, lxP=0.63, lxG=23.77, lxGt=59.79, lp=0.01, lg=4.19, aP=100.00, aGinf=42.75, aGt=13.25
2025-12-17 09:54:06,130: MaxHebb=0.14250, T=1.00, F=1.00, L=0.39, train_i=6300, total_steps=157500
2025-12-17 09:54:06,130: it=6300, lxP=0.69, lxG=24.06, lxGt=58.15, lp=0.01, lg=4.20, aP=100.00, aGinf=45.00, aGt=21.75
2025-12-17 09:54:33,552: MaxHebb=0.12941, T=1.00, F=1.00, L=0.40, train_i=6400, total_steps=160000
2025-12-17 09:54:33,552: it=6400, lxP=0.45, lxG=19.05, lxGt=56.26, lp=0.02, lg=4.32, aP=100.00, aGinf=44.50, aGt=20.75
2025-12-17 09:55:02,518: MaxHebb=0.14465, T=1.00, F=1.00, L=0.41, train_i=6500, total_steps=162500
2025-12-17 09:55:02,518: it=6500, lxP=0.56, lxG=17.38, lxGt=57.22, lp=0.01, lg=4.27, aP=100.00, aGinf=43.00, aGt=17.00
2025-12-17 09:55:30,009: MaxHebb=0.13695, T=1.00, F=1.00, L=0.41, train_i=6600, total_steps=165000
2025-12-17 09:55:30,010: it=6600, lxP=0.33, lxG=16.66, lxGt=48.00, lp=0.01, lg=4.30, aP=100.00, aGinf=54.50, aGt=26.25
2025-12-17 09:55:57,505: MaxHebb=0.13577, T=1.00, F=1.00, L=0.42, train_i=6700, total_steps=167500
2025-12-17 09:55:57,505: it=6700, lxP=0.15, lxG=20.72, lxGt=53.28, lp=0.01, lg=4.36, aP=100.00, aGinf=53.00, aGt=21.00
2025-12-17 09:56:24,911: MaxHebb=0.14776, T=1.00, F=1.00, L=0.43, train_i=6800, total_steps=170000
2025-12-17 09:56:24,911: it=6800, lxP=0.48, lxG=26.01, lxGt=57.90, lp=0.01, lg=4.36, aP=100.00, aGinf=50.25, aGt=20.75
2025-12-17 09:56:53,678: MaxHebb=0.15020, T=1.00, F=1.00, L=0.43, train_i=6900, total_steps=172500
2025-12-17 09:56:53,678: it=6900, lxP=1.26, lxG=22.19, lxGt=54.56, lp=0.01, lg=4.33, aP=100.00, aGinf=51.50, aGt=24.75
2025-12-17 09:57:21,097: MaxHebb=0.16032, T=1.00, F=1.00, L=0.44, train_i=7000, total_steps=175000
2025-12-17 09:57:21,097: it=7000, lxP=0.41, lxG=19.48, lxGt=50.87, lp=0.01, lg=4.31, aP=100.00, aGinf=49.75, aGt=20.50
2025-12-17 09:57:48,487: MaxHebb=0.15921, T=1.00, F=1.00, L=0.44, train_i=7100, total_steps=177500
2025-12-17 09:57:48,487: it=7100, lxP=0.28, lxG=17.45, lxGt=52.11, lp=0.01, lg=4.30, aP=100.00, aGinf=51.50, aGt=23.25
2025-12-17 09:58:15,870: MaxHebb=0.16083, T=1.00, F=1.00, L=0.45, train_i=7200, total_steps=180000
2025-12-17 09:58:15,870: it=7200, lxP=0.61, lxG=22.55, lxGt=50.05, lp=0.01, lg=4.31, aP=100.00, aGinf=52.00, aGt=20.00
2025-12-17 09:58:44,635: MaxHebb=0.16407, T=1.00, F=1.00, L=0.46, train_i=7300, total_steps=182500
2025-12-17 09:58:44,636: it=7300, lxP=0.60, lxG=19.04, lxGt=59.28, lp=0.01, lg=4.27, aP=100.00, aGinf=59.50, aGt=24.25
2025-12-17 09:59:12,061: MaxHebb=0.15527, T=1.00, F=1.00, L=0.46, train_i=7400, total_steps=185000
2025-12-17 09:59:12,061: it=7400, lxP=0.58, lxG=21.15, lxGt=48.50, lp=0.02, lg=4.48, aP=100.00, aGinf=48.75, aGt=21.25
2025-12-17 09:59:39,461: MaxHebb=0.15862, T=1.00, F=1.00, L=0.47, train_i=7500, total_steps=187500
2025-12-17 09:59:39,461: it=7500, lxP=0.32, lxG=20.41, lxGt=47.76, lp=0.01, lg=4.31, aP=100.00, aGinf=53.75, aGt=25.00
2025-12-17 10:00:06,893: MaxHebb=0.17276, T=1.00, F=1.00, L=0.48, train_i=7600, total_steps=190000
2025-12-17 10:00:06,894: it=7600, lxP=0.46, lxG=13.79, lxGt=51.06, lp=0.01, lg=4.26, aP=100.00, aGinf=52.50, aGt=21.25
2025-12-17 10:00:35,666: MaxHebb=0.17159, T=1.00, F=1.00, L=0.48, train_i=7700, total_steps=192500
2025-12-17 10:00:35,666: it=7700, lxP=0.30, lxG=17.89, lxGt=54.22, lp=0.01, lg=4.41, aP=100.00, aGinf=49.75, aGt=21.75
2025-12-17 10:01:03,028: MaxHebb=0.16894, T=1.00, F=1.00, L=0.49, train_i=7800, total_steps=195000
2025-12-17 10:01:03,028: it=7800, lxP=0.53, lxG=19.72, lxGt=52.43, lp=0.01, lg=4.29, aP=100.00, aGinf=49.50, aGt=21.00
2025-12-17 10:01:30,366: MaxHebb=0.17494, T=1.00, F=1.00, L=0.49, train_i=7900, total_steps=197500
2025-12-17 10:01:30,366: it=7900, lxP=0.30, lxG=13.32, lxGt=45.20, lp=0.01, lg=4.33, aP=100.00, aGinf=58.75, aGt=24.75
2025-12-17 10:01:57,675: MaxHebb=0.16916, T=1.00, F=1.00, L=0.50, train_i=8000, total_steps=200000
2025-12-17 10:01:57,675: it=8000, lxP=0.37, lxG=18.39, lxGt=51.04, lp=0.01, lg=4.27, aP=100.00, aGinf=49.75, aGt=23.25
2025-12-17 10:01:59,193: save data time 0.11, train_i=8000.00, total_steps=200000.00
2025-12-17 10:02:26,624: MaxHebb=0.17027, T=1.00, F=1.00, L=0.51, train_i=8100, total_steps=202500
2025-12-17 10:02:26,624: it=8100, lxP=0.35, lxG=27.95, lxGt=52.90, lp=0.01, lg=4.32, aP=100.00, aGinf=41.25, aGt=20.50
2025-12-17 10:02:54,012: MaxHebb=0.17006, T=1.00, F=1.00, L=0.51, train_i=8200, total_steps=205000
2025-12-17 10:02:54,012: it=8200, lxP=0.64, lxG=20.77, lxGt=54.69, lp=0.01, lg=4.17, aP=100.00, aGinf=58.75, aGt=25.50
2025-12-17 10:03:21,360: MaxHebb=0.17797, T=1.00, F=1.00, L=0.52, train_i=8300, total_steps=207500
2025-12-17 10:03:21,360: it=8300, lxP=0.41, lxG=21.05, lxGt=54.07, lp=0.01, lg=4.34, aP=100.00, aGinf=49.00, aGt=19.50
2025-12-17 10:03:48,776: MaxHebb=0.18059, T=1.00, F=1.00, L=0.53, train_i=8400, total_steps=210000
2025-12-17 10:03:48,777: it=8400, lxP=0.22, lxG=17.80, lxGt=47.08, lp=0.01, lg=4.19, aP=100.00, aGinf=58.50, aGt=24.00
2025-12-17 10:04:17,563: MaxHebb=0.17956, T=1.00, F=1.00, L=0.53, train_i=8500, total_steps=212500
2025-12-17 10:04:17,563: it=8500, lxP=0.51, lxG=20.36, lxGt=46.16, lp=0.01, lg=4.18, aP=100.00, aGinf=55.25, aGt=24.50
2025-12-17 10:04:45,001: MaxHebb=0.18824, T=1.00, F=1.00, L=0.54, train_i=8600, total_steps=215000
2025-12-17 10:04:45,001: it=8600, lxP=0.72, lxG=17.46, lxGt=51.52, lp=0.01, lg=4.16, aP=100.00, aGinf=58.00, aGt=21.50
2025-12-17 10:05:12,388: MaxHebb=0.19577, T=1.00, F=1.00, L=0.54, train_i=8700, total_steps=217500
2025-12-17 10:05:12,388: it=8700, lxP=2.54, lxG=27.53, lxGt=53.08, lp=0.00, lg=4.16, aP=100.00, aGinf=56.00, aGt=28.50
2025-12-17 10:05:39,828: MaxHebb=0.19269, T=1.00, F=1.00, L=0.55, train_i=8800, total_steps=220000
2025-12-17 10:05:39,828: it=8800, lxP=0.97, lxG=19.36, lxGt=46.78, lp=0.01, lg=4.10, aP=100.00, aGinf=56.25, aGt=26.00
2025-12-17 10:06:08,662: MaxHebb=0.19084, T=1.00, F=1.00, L=0.56, train_i=8900, total_steps=222500
2025-12-17 10:06:08,662: it=8900, lxP=0.13, lxG=21.03, lxGt=53.25, lp=0.01, lg=4.19, aP=100.00, aGinf=54.50, aGt=23.50
2025-12-17 10:06:36,097: MaxHebb=0.20310, T=1.00, F=1.00, L=0.56, train_i=9000, total_steps=225000
2025-12-17 10:06:36,097: it=9000, lxP=0.67, lxG=17.34, lxGt=52.56, lp=0.01, lg=4.17, aP=100.00, aGinf=54.50, aGt=21.25
2025-12-17 10:07:03,454: MaxHebb=0.20804, T=1.00, F=1.00, L=0.57, train_i=9100, total_steps=227500
2025-12-17 10:07:03,455: it=9100, lxP=0.93, lxG=26.63, lxGt=56.61, lp=0.01, lg=4.23, aP=100.00, aGinf=50.25, aGt=23.00
2025-12-17 10:07:30,864: MaxHebb=0.20818, T=1.00, F=1.00, L=0.58, train_i=9200, total_steps=230000
2025-12-17 10:07:30,864: it=9200, lxP=0.64, lxG=19.22, lxGt=46.65, lp=0.01, lg=4.15, aP=100.00, aGinf=54.00, aGt=28.50
2025-12-17 10:07:59,691: MaxHebb=0.20429, T=1.00, F=1.00, L=0.58, train_i=9300, total_steps=232500
2025-12-17 10:07:59,691: it=9300, lxP=0.24, lxG=15.55, lxGt=45.65, lp=0.01, lg=4.19, aP=100.00, aGinf=63.25, aGt=31.50
2025-12-17 10:08:27,063: MaxHebb=0.20754, T=1.00, F=1.00, L=0.59, train_i=9400, total_steps=235000
2025-12-17 10:08:27,063: it=9400, lxP=0.56, lxG=17.61, lxGt=47.68, lp=0.01, lg=4.12, aP=100.00, aGinf=58.00, aGt=26.50
2025-12-17 10:08:54,494: MaxHebb=0.21250, T=1.00, F=1.00, L=0.59, train_i=9500, total_steps=237500
2025-12-17 10:08:54,494: it=9500, lxP=0.45, lxG=23.13, lxGt=46.60, lp=0.01, lg=4.14, aP=100.00, aGinf=56.75, aGt=32.25
2025-12-17 10:09:21,970: MaxHebb=0.21473, T=1.00, F=1.00, L=0.60, train_i=9600, total_steps=240000
2025-12-17 10:09:21,971: it=9600, lxP=0.33, lxG=21.42, lxGt=52.15, lp=0.00, lg=4.16, aP=100.00, aGinf=54.25, aGt=25.50
2025-12-17 10:09:50,801: MaxHebb=0.21647, T=1.00, F=1.00, L=0.61, train_i=9700, total_steps=242500
2025-12-17 10:09:50,802: it=9700, lxP=0.78, lxG=21.65, lxGt=53.12, lp=0.01, lg=4.22, aP=100.00, aGinf=50.00, aGt=23.75
2025-12-17 10:10:18,211: MaxHebb=0.22004, T=1.00, F=1.00, L=0.61, train_i=9800, total_steps=245000
2025-12-17 10:10:18,211: it=9800, lxP=0.12, lxG=14.53, lxGt=40.34, lp=0.01, lg=4.30, aP=100.00, aGinf=56.00, aGt=27.00
2025-12-17 10:10:45,607: MaxHebb=0.21003, T=1.00, F=1.00, L=0.62, train_i=9900, total_steps=247500
2025-12-17 10:10:45,607: it=9900, lxP=0.30, lxG=21.58, lxGt=50.12, lp=0.02, lg=4.20, aP=100.00, aGinf=50.75, aGt=25.25
2025-12-17 10:11:13,053: MaxHebb=0.22079, T=1.00, F=1.00, L=0.63, train_i=10000, total_steps=250000
2025-12-17 10:11:13,053: it=10000, lxP=1.35, lxG=19.78, lxGt=49.93, lp=0.01, lg=4.13, aP=100.00, aGinf=54.50, aGt=24.75
2025-12-17 10:11:14,600: save data time 0.12, train_i=10000.00, total_steps=250000.00
2025-12-17 10:11:42,077: MaxHebb=0.21747, T=1.00, F=1.00, L=0.63, train_i=10100, total_steps=252500
2025-12-17 10:11:42,077: it=10100, lxP=0.21, lxG=19.06, lxGt=49.02, lp=0.01, lg=4.14, aP=100.00, aGinf=59.25, aGt=26.75
2025-12-17 10:12:09,500: MaxHebb=0.21966, T=1.00, F=1.00, L=0.64, train_i=10200, total_steps=255000
2025-12-17 10:12:09,501: it=10200, lxP=0.45, lxG=17.08, lxGt=42.18, lp=0.01, lg=4.18, aP=100.00, aGinf=56.75, aGt=31.50
2025-12-17 10:12:36,952: MaxHebb=0.22225, T=1.00, F=1.00, L=0.64, train_i=10300, total_steps=257500
2025-12-17 10:12:36,952: it=10300, lxP=0.68, lxG=18.65, lxGt=45.78, lp=0.01, lg=4.15, aP=100.00, aGinf=57.50, aGt=29.00
2025-12-17 10:13:04,393: MaxHebb=0.22369, T=1.00, F=1.00, L=0.65, train_i=10400, total_steps=260000
2025-12-17 10:13:04,393: it=10400, lxP=1.29, lxG=17.94, lxGt=52.17, lp=0.01, lg=4.03, aP=100.00, aGinf=64.75, aGt=28.00
2025-12-17 10:13:33,260: MaxHebb=0.22496, T=1.00, F=1.00, L=0.66, train_i=10500, total_steps=262500
2025-12-17 10:13:33,260: it=10500, lxP=0.41, lxG=18.63, lxGt=50.63, lp=0.01, lg=4.17, aP=100.00, aGinf=55.25, aGt=21.25
2025-12-17 10:14:00,682: MaxHebb=0.23014, T=1.00, F=1.00, L=0.66, train_i=10600, total_steps=265000
2025-12-17 10:14:00,682: it=10600, lxP=0.28, lxG=15.38, lxGt=42.40, lp=0.00, lg=4.10, aP=100.00, aGinf=56.50, aGt=28.75
2025-12-17 10:14:28,070: MaxHebb=0.22922, T=1.00, F=1.00, L=0.67, train_i=10700, total_steps=267500
2025-12-17 10:14:28,071: it=10700, lxP=0.21, lxG=22.33, lxGt=50.88, lp=0.01, lg=4.15, aP=100.00, aGinf=52.00, aGt=30.00
2025-12-17 10:14:55,537: MaxHebb=0.22955, T=1.00, F=1.00, L=0.68, train_i=10800, total_steps=270000
2025-12-17 10:14:55,537: it=10800, lxP=0.57, lxG=19.42, lxGt=50.07, lp=0.01, lg=4.10, aP=100.00, aGinf=57.25, aGt=25.25
2025-12-17 10:15:24,425: MaxHebb=0.23483, T=1.00, F=1.00, L=0.68, train_i=10900, total_steps=272500
2025-12-17 10:15:24,425: it=10900, lxP=0.72, lxG=20.81, lxGt=51.56, lp=0.01, lg=4.12, aP=100.00, aGinf=52.00, aGt=22.75
2025-12-17 10:15:51,893: MaxHebb=0.23440, T=1.00, F=1.00, L=0.69, train_i=11000, total_steps=275000
2025-12-17 10:15:51,893: it=11000, lxP=0.14, lxG=17.38, lxGt=49.71, lp=0.01, lg=4.16, aP=100.00, aGinf=64.25, aGt=35.50
2025-12-17 10:16:19,275: MaxHebb=0.23851, T=1.00, F=1.00, L=0.69, train_i=11100, total_steps=277500
2025-12-17 10:16:19,275: it=11100, lxP=0.78, lxG=21.96, lxGt=53.86, lp=0.01, lg=4.09, aP=100.00, aGinf=54.00, aGt=25.75
2025-12-17 10:16:46,672: MaxHebb=0.24446, T=1.00, F=1.00, L=0.70, train_i=11200, total_steps=280000
2025-12-17 10:16:46,672: it=11200, lxP=0.28, lxG=20.99, lxGt=52.74, lp=0.01, lg=4.16, aP=100.00, aGinf=58.00, aGt=27.75
2025-12-17 10:17:15,426: MaxHebb=0.24358, T=1.00, F=1.00, L=0.71, train_i=11300, total_steps=282500
2025-12-17 10:17:15,426: it=11300, lxP=0.77, lxG=16.42, lxGt=47.44, lp=0.01, lg=4.14, aP=100.00, aGinf=54.50, aGt=27.75
2025-12-17 10:17:42,767: MaxHebb=0.23895, T=1.00, F=1.00, L=0.71, train_i=11400, total_steps=285000
2025-12-17 10:17:42,767: it=11400, lxP=0.14, lxG=16.83, lxGt=47.71, lp=0.01, lg=4.18, aP=100.00, aGinf=51.25, aGt=20.75
2025-12-17 10:18:10,208: MaxHebb=0.24826, T=1.00, F=1.00, L=0.72, train_i=11500, total_steps=287500
2025-12-17 10:18:10,208: it=11500, lxP=0.24, lxG=21.46, lxGt=51.10, lp=0.01, lg=4.14, aP=100.00, aGinf=55.50, aGt=27.75
2025-12-17 10:18:37,568: MaxHebb=0.23908, T=1.00, F=1.00, L=0.73, train_i=11600, total_steps=290000
2025-12-17 10:18:37,568: it=11600, lxP=0.64, lxG=21.12, lxGt=51.94, lp=0.01, lg=4.13, aP=100.00, aGinf=52.75, aGt=27.25
2025-12-17 10:19:06,390: MaxHebb=0.24406, T=1.00, F=1.00, L=0.73, train_i=11700, total_steps=292500
2025-12-17 10:19:06,390: it=11700, lxP=0.24, lxG=21.38, lxGt=49.82, lp=0.01, lg=4.16, aP=100.00, aGinf=55.75, aGt=27.25
2025-12-17 10:19:33,834: MaxHebb=0.24415, T=1.00, F=1.00, L=0.74, train_i=11800, total_steps=295000
2025-12-17 10:19:33,834: it=11800, lxP=0.17, lxG=16.94, lxGt=50.67, lp=0.01, lg=4.22, aP=100.00, aGinf=54.25, aGt=28.75
2025-12-17 10:20:01,348: MaxHebb=0.25070, T=1.00, F=1.00, L=0.74, train_i=11900, total_steps=297500
2025-12-17 10:20:01,348: it=11900, lxP=0.36, lxG=15.32, lxGt=51.27, lp=0.01, lg=4.15, aP=100.00, aGinf=55.50, aGt=23.75
2025-12-17 10:20:28,865: MaxHebb=0.24855, T=1.00, F=1.00, L=0.75, train_i=12000, total_steps=300000
2025-12-17 10:20:28,865: it=12000, lxP=0.10, lxG=19.16, lxGt=46.65, lp=0.01, lg=4.23, aP=100.00, aGinf=57.50, aGt=26.75
2025-12-17 10:20:30,397: save data time 0.10, train_i=12000.00, total_steps=300000.00
2025-12-17 10:20:57,852: MaxHebb=0.24256, T=1.00, F=1.00, L=0.76, train_i=12100, total_steps=302500
2025-12-17 10:20:57,852: it=12100, lxP=0.88, lxG=14.10, lxGt=45.31, lp=0.01, lg=4.14, aP=100.00, aGinf=63.50, aGt=30.00
2025-12-17 10:21:25,271: MaxHebb=0.24484, T=1.00, F=1.00, L=0.76, train_i=12200, total_steps=305000
2025-12-17 10:21:25,271: it=12200, lxP=0.28, lxG=13.61, lxGt=46.53, lp=0.01, lg=4.22, aP=100.00, aGinf=59.75, aGt=30.75
2025-12-17 10:21:52,645: MaxHebb=0.23990, T=1.00, F=1.00, L=0.77, train_i=12300, total_steps=307500
2025-12-17 10:21:52,645: it=12300, lxP=0.34, lxG=19.74, lxGt=50.78, lp=0.01, lg=4.23, aP=100.00, aGinf=55.00, aGt=30.50
2025-12-17 10:22:20,030: MaxHebb=0.23688, T=1.00, F=1.00, L=0.78, train_i=12400, total_steps=310000
2025-12-17 10:22:20,031: it=12400, lxP=0.13, lxG=20.37, lxGt=46.35, lp=0.02, lg=4.30, aP=100.00, aGinf=53.50, aGt=32.75
2025-12-17 10:22:48,894: MaxHebb=0.23483, T=1.00, F=1.00, L=0.78, train_i=12500, total_steps=312500
2025-12-17 10:22:48,895: it=12500, lxP=0.33, lxG=8.03, lxGt=37.70, lp=0.01, lg=4.28, aP=100.00, aGinf=64.25, aGt=36.00
2025-12-17 10:23:16,362: MaxHebb=0.24059, T=1.00, F=1.00, L=0.79, train_i=12600, total_steps=315000
2025-12-17 10:23:16,362: it=12600, lxP=0.82, lxG=17.26, lxGt=48.07, lp=0.02, lg=4.24, aP=100.00, aGinf=58.25, aGt=28.75
2025-12-17 10:23:43,766: MaxHebb=0.24012, T=1.00, F=1.00, L=0.79, train_i=12700, total_steps=317500
2025-12-17 10:23:43,766: it=12700, lxP=0.27, lxG=10.18, lxGt=51.85, lp=0.01, lg=4.29, aP=100.00, aGinf=60.75, aGt=28.00
2025-12-17 10:24:11,146: MaxHebb=0.23854, T=1.00, F=1.00, L=0.80, train_i=12800, total_steps=320000
2025-12-17 10:24:11,147: it=12800, lxP=0.28, lxG=23.27, lxGt=49.95, lp=0.02, lg=4.33, aP=100.00, aGinf=52.25, aGt=22.25
2025-12-17 10:24:39,974: MaxHebb=0.23512, T=1.00, F=1.00, L=0.81, train_i=12900, total_steps=322500
2025-12-17 10:24:39,974: it=12900, lxP=0.60, lxG=11.34, lxGt=47.25, lp=0.02, lg=4.30, aP=100.00, aGinf=59.50, aGt=31.50
2025-12-17 10:25:07,441: MaxHebb=0.23752, T=1.00, F=1.00, L=0.81, train_i=13000, total_steps=325000
2025-12-17 10:25:07,441: it=13000, lxP=0.57, lxG=11.42, lxGt=51.33, lp=0.01, lg=4.16, aP=100.00, aGinf=65.00, aGt=31.00
2025-12-17 10:25:34,887: MaxHebb=0.23602, T=1.00, F=1.00, L=0.82, train_i=13100, total_steps=327500
2025-12-17 10:25:34,887: it=13100, lxP=0.61, lxG=10.66, lxGt=42.29, lp=0.01, lg=4.25, aP=100.00, aGinf=62.25, aGt=36.25
2025-12-17 10:26:02,423: MaxHebb=0.24114, T=1.00, F=1.00, L=0.83, train_i=13200, total_steps=330000
2025-12-17 10:26:02,423: it=13200, lxP=0.26, lxG=12.34, lxGt=45.80, lp=0.02, lg=4.27, aP=100.00, aGinf=59.25, aGt=34.25
2025-12-17 10:26:31,232: MaxHebb=0.24467, T=1.00, F=1.00, L=0.83, train_i=13300, total_steps=332500
2025-12-17 10:26:31,232: it=13300, lxP=0.38, lxG=16.88, lxGt=46.78, lp=0.01, lg=4.23, aP=100.00, aGinf=66.75, aGt=40.00
2025-12-17 10:26:58,578: MaxHebb=0.25003, T=1.00, F=1.00, L=0.84, train_i=13400, total_steps=335000
2025-12-17 10:26:58,578: it=13400, lxP=0.30, lxG=10.62, lxGt=43.99, lp=0.01, lg=4.30, aP=100.00, aGinf=66.25, aGt=31.25
2025-12-17 10:27:26,063: MaxHebb=0.23587, T=1.00, F=1.00, L=0.84, train_i=13500, total_steps=337500
2025-12-17 10:27:26,063: it=13500, lxP=0.47, lxG=9.79, lxGt=48.40, lp=0.01, lg=4.24, aP=100.00, aGinf=62.50, aGt=29.75
2025-12-17 10:27:53,495: MaxHebb=0.24254, T=1.00, F=1.00, L=0.85, train_i=13600, total_steps=340000
2025-12-17 10:27:53,495: it=13600, lxP=0.49, lxG=7.51, lxGt=45.49, lp=0.01, lg=4.29, aP=100.00, aGinf=70.00, aGt=36.25
2025-12-17 10:28:22,472: MaxHebb=0.25283, T=1.00, F=1.00, L=0.86, train_i=13700, total_steps=342500
2025-12-17 10:28:22,472: it=13700, lxP=0.08, lxG=12.98, lxGt=46.21, lp=0.01, lg=4.37, aP=100.00, aGinf=62.25, aGt=32.75
2025-12-17 10:28:49,839: MaxHebb=0.24535, T=1.00, F=1.00, L=0.86, train_i=13800, total_steps=345000
2025-12-17 10:28:49,839: it=13800, lxP=0.46, lxG=12.50, lxGt=48.63, lp=0.01, lg=4.26, aP=100.00, aGinf=58.25, aGt=33.00
2025-12-17 10:29:17,332: MaxHebb=0.24418, T=1.00, F=1.00, L=0.87, train_i=13900, total_steps=347500
2025-12-17 10:29:17,332: it=13900, lxP=0.61, lxG=11.25, lxGt=44.28, lp=0.01, lg=4.15, aP=100.00, aGinf=62.00, aGt=36.25
2025-12-17 10:29:44,798: MaxHebb=0.25668, T=1.00, F=1.00, L=0.88, train_i=14000, total_steps=350000
2025-12-17 10:29:44,799: it=14000, lxP=0.25, lxG=9.98, lxGt=46.63, lp=0.01, lg=4.31, aP=100.00, aGinf=64.75, aGt=36.75
2025-12-17 10:29:46,318: save data time 0.12, train_i=14000.00, total_steps=350000.00
2025-12-17 10:30:13,695: MaxHebb=0.25242, T=1.00, F=1.00, L=0.88, train_i=14100, total_steps=352500
2025-12-17 10:30:13,695: it=14100, lxP=0.37, lxG=14.82, lxGt=50.61, lp=0.01, lg=4.26, aP=100.00, aGinf=56.00, aGt=27.25
2025-12-17 10:30:41,113: MaxHebb=0.25381, T=1.00, F=1.00, L=0.89, train_i=14200, total_steps=355000
2025-12-17 10:30:41,114: it=14200, lxP=0.36, lxG=9.59, lxGt=47.93, lp=0.01, lg=4.24, aP=100.00, aGinf=65.25, aGt=32.75
2025-12-17 10:31:08,470: MaxHebb=0.25153, T=1.00, F=1.00, L=0.89, train_i=14300, total_steps=357500
2025-12-17 10:31:08,470: it=14300, lxP=0.27, lxG=9.14, lxGt=47.96, lp=0.02, lg=4.32, aP=100.00, aGinf=58.75, aGt=30.00
2025-12-17 10:31:35,925: MaxHebb=0.26466, T=1.00, F=1.00, L=0.90, train_i=14400, total_steps=360000
2025-12-17 10:31:35,925: it=14400, lxP=0.60, lxG=8.90, lxGt=47.31, lp=0.01, lg=4.28, aP=100.00, aGinf=66.00, aGt=38.50
2025-12-17 10:32:04,810: MaxHebb=0.26194, T=1.00, F=1.00, L=0.91, train_i=14500, total_steps=362500
2025-12-17 10:32:04,810: it=14500, lxP=0.14, lxG=12.19, lxGt=50.17, lp=0.02, lg=4.38, aP=100.00, aGinf=56.25, aGt=32.00
2025-12-17 10:32:32,231: MaxHebb=0.24617, T=1.00, F=1.00, L=0.91, train_i=14600, total_steps=365000
2025-12-17 10:32:32,231: it=14600, lxP=0.67, lxG=12.92, lxGt=46.83, lp=0.01, lg=4.22, aP=100.00, aGinf=64.00, aGt=33.25
2025-12-17 10:32:59,629: MaxHebb=0.24130, T=1.00, F=1.00, L=0.92, train_i=14700, total_steps=367500
2025-12-17 10:32:59,629: it=14700, lxP=0.14, lxG=8.43, lxGt=47.68, lp=0.01, lg=4.29, aP=100.00, aGinf=67.25, aGt=34.00
2025-12-17 10:33:27,133: MaxHebb=0.25136, T=1.00, F=1.00, L=0.93, train_i=14800, total_steps=370000
2025-12-17 10:33:27,133: it=14800, lxP=0.18, lxG=13.33, lxGt=43.47, lp=0.02, lg=4.28, aP=100.00, aGinf=60.00, aGt=35.75
2025-12-17 10:33:55,990: MaxHebb=0.23588, T=1.00, F=1.00, L=0.93, train_i=14900, total_steps=372500
2025-12-17 10:33:55,990: it=14900, lxP=0.13, lxG=17.19, lxGt=53.13, lp=0.02, lg=3.52, aP=100.00, aGinf=60.25, aGt=32.50
2025-12-17 10:34:23,467: MaxHebb=0.23321, T=1.00, F=1.00, L=0.94, train_i=15000, total_steps=375000
2025-12-17 10:34:23,467: it=15000, lxP=0.15, lxG=9.04, lxGt=44.02, lp=0.01, lg=3.10, aP=100.00, aGinf=62.25, aGt=34.25
2025-12-17 10:34:50,818: MaxHebb=0.25130, T=1.00, F=1.00, L=0.94, train_i=15100, total_steps=377500
2025-12-17 10:34:50,818: it=15100, lxP=0.09, lxG=10.06, lxGt=47.73, lp=0.01, lg=2.93, aP=100.00, aGinf=64.75, aGt=34.00
2025-12-17 10:35:18,246: MaxHebb=0.25832, T=1.00, F=1.00, L=0.95, train_i=15200, total_steps=380000
2025-12-17 10:35:18,246: it=15200, lxP=0.36, lxG=10.00, lxGt=45.38, lp=0.01, lg=2.80, aP=100.00, aGinf=72.00, aGt=34.00
2025-12-17 10:35:47,103: MaxHebb=0.21510, T=1.00, F=1.00, L=0.96, train_i=15300, total_steps=382500
2025-12-17 10:35:47,103: it=15300, lxP=1.66, lxG=7.96, lxGt=50.58, lp=0.01, lg=2.69, aP=100.00, aGinf=68.25, aGt=26.75
2025-12-17 10:36:14,636: MaxHebb=0.21766, T=1.00, F=1.00, L=0.96, train_i=15400, total_steps=385000
2025-12-17 10:36:14,636: it=15400, lxP=1.66, lxG=8.52, lxGt=46.81, lp=0.01, lg=2.58, aP=100.00, aGinf=65.75, aGt=32.50
2025-12-17 10:36:42,162: MaxHebb=0.24059, T=1.00, F=1.00, L=0.97, train_i=15500, total_steps=387500
2025-12-17 10:36:42,163: it=15500, lxP=0.06, lxG=4.07, lxGt=41.55, lp=0.01, lg=2.73, aP=100.00, aGinf=67.75, aGt=30.25
2025-12-17 10:37:09,500: MaxHebb=0.21855, T=1.00, F=1.00, L=0.98, train_i=15600, total_steps=390000
2025-12-17 10:37:09,500: it=15600, lxP=1.80, lxG=10.79, lxGt=44.11, lp=0.01, lg=2.65, aP=100.00, aGinf=64.00, aGt=28.00
2025-12-17 10:37:38,329: MaxHebb=0.23671, T=1.00, F=1.00, L=0.98, train_i=15700, total_steps=392500
2025-12-17 10:37:38,329: it=15700, lxP=0.03, lxG=6.71, lxGt=43.90, lp=0.01, lg=2.74, aP=100.00, aGinf=70.75, aGt=29.00
2025-12-17 10:38:05,790: MaxHebb=0.20183, T=1.00, F=1.00, L=0.99, train_i=15800, total_steps=395000
2025-12-17 10:38:05,790: it=15800, lxP=0.22, lxG=5.84, lxGt=49.78, lp=0.01, lg=2.64, aP=100.00, aGinf=67.50, aGt=34.25
2025-12-17 10:38:33,224: MaxHebb=0.21947, T=1.00, F=1.00, L=0.99, train_i=15900, total_steps=397500
2025-12-17 10:38:33,224: it=15900, lxP=0.19, lxG=7.96, lxGt=43.61, lp=0.01, lg=2.66, aP=100.00, aGinf=64.25, aGt=36.00
2025-12-17 10:39:00,651: MaxHebb=0.23431, T=1.00, F=1.00, L=1.00, train_i=16000, total_steps=400000
2025-12-17 10:39:00,652: it=16000, lxP=0.01, lxG=7.64, lxGt=44.90, lp=0.01, lg=2.74, aP=100.00, aGinf=67.25, aGt=36.00
2025-12-17 10:39:02,161: save data time 0.10, train_i=16000.00, total_steps=400000.00
2025-12-17 10:39:29,588: MaxHebb=0.24919, T=1.00, F=1.00, L=1.00, train_i=16100, total_steps=402500
2025-12-17 10:39:29,588: it=16100, lxP=0.11, lxG=4.48, lxGt=35.60, lp=0.01, lg=2.71, aP=100.00, aGinf=71.50, aGt=42.00
2025-12-17 10:39:57,038: MaxHebb=0.22087, T=1.00, F=1.00, L=1.00, train_i=16200, total_steps=405000
2025-12-17 10:39:57,038: it=16200, lxP=0.02, lxG=3.48, lxGt=41.24, lp=0.01, lg=2.80, aP=100.00, aGinf=67.25, aGt=39.00
2025-12-17 10:40:24,398: MaxHebb=0.17942, T=1.00, F=1.00, L=1.00, train_i=16300, total_steps=407500
2025-12-17 10:40:24,398: it=16300, lxP=0.09, lxG=6.07, lxGt=42.79, lp=0.01, lg=2.66, aP=100.00, aGinf=72.00, aGt=36.50
2025-12-17 10:40:51,814: MaxHebb=0.25701, T=1.00, F=1.00, L=1.00, train_i=16400, total_steps=410000
2025-12-17 10:40:51,814: it=16400, lxP=0.24, lxG=5.32, lxGt=47.83, lp=0.01, lg=2.67, aP=100.00, aGinf=66.75, aGt=36.50
2025-12-17 10:41:20,578: MaxHebb=0.30023, T=1.00, F=1.00, L=1.00, train_i=16500, total_steps=412500
2025-12-17 10:41:20,579: it=16500, lxP=0.05, lxG=5.82, lxGt=42.97, lp=0.01, lg=2.67, aP=100.00, aGinf=73.25, aGt=40.00
2025-12-17 10:41:48,089: MaxHebb=0.19149, T=1.00, F=1.00, L=1.00, train_i=16600, total_steps=415000
2025-12-17 10:41:48,089: it=16600, lxP=0.50, lxG=6.52, lxGt=42.78, lp=0.01, lg=2.56, aP=100.00, aGinf=71.25, aGt=40.25
2025-12-17 10:42:15,461: MaxHebb=0.28463, T=1.00, F=1.00, L=1.00, train_i=16700, total_steps=417500
2025-12-17 10:42:15,461: it=16700, lxP=0.18, lxG=5.81, lxGt=38.80, lp=0.01, lg=2.61, aP=100.00, aGinf=67.50, aGt=34.50
2025-12-17 10:42:42,857: MaxHebb=0.32445, T=1.00, F=1.00, L=1.00, train_i=16800, total_steps=420000
2025-12-17 10:42:42,857: it=16800, lxP=0.22, lxG=4.03, lxGt=40.42, lp=0.01, lg=2.65, aP=100.00, aGinf=80.25, aGt=39.75
2025-12-17 10:43:11,700: MaxHebb=0.26157, T=1.00, F=1.00, L=1.00, train_i=16900, total_steps=422500
2025-12-17 10:43:11,700: it=16900, lxP=0.12, lxG=7.55, lxGt=37.55, lp=0.01, lg=2.59, aP=100.00, aGinf=65.75, aGt=41.00
2025-12-17 10:43:39,189: MaxHebb=0.30647, T=1.00, F=1.00, L=1.00, train_i=17000, total_steps=425000
2025-12-17 10:43:39,189: it=17000, lxP=0.47, lxG=5.60, lxGt=38.68, lp=0.01, lg=2.55, aP=100.00, aGinf=67.75, aGt=42.00
2025-12-17 10:44:06,617: MaxHebb=0.31564, T=1.00, F=1.00, L=1.00, train_i=17100, total_steps=427500
2025-12-17 10:44:06,617: it=17100, lxP=0.48, lxG=5.81, lxGt=40.07, lp=0.01, lg=2.59, aP=100.00, aGinf=73.25, aGt=39.50
2025-12-17 10:44:34,034: MaxHebb=0.24412, T=1.00, F=1.00, L=1.00, train_i=17200, total_steps=430000
2025-12-17 10:44:34,034: it=17200, lxP=0.30, lxG=6.17, lxGt=42.61, lp=0.01, lg=2.60, aP=100.00, aGinf=71.75, aGt=37.50
2025-12-17 10:45:02,753: MaxHebb=0.27865, T=1.00, F=1.00, L=1.00, train_i=17300, total_steps=432500
2025-12-17 10:45:02,753: it=17300, lxP=0.21, lxG=4.45, lxGt=42.20, lp=0.01, lg=2.60, aP=100.00, aGinf=73.25, aGt=34.75
2025-12-17 10:45:30,173: MaxHebb=0.24966, T=1.00, F=1.00, L=1.00, train_i=17400, total_steps=435000
2025-12-17 10:45:30,173: it=17400, lxP=0.22, lxG=6.63, lxGt=35.58, lp=0.01, lg=2.57, aP=100.00, aGinf=68.00, aGt=39.00
2025-12-17 10:45:57,598: MaxHebb=0.28497, T=1.00, F=1.00, L=1.00, train_i=17500, total_steps=437500
2025-12-17 10:45:57,598: it=17500, lxP=0.36, lxG=5.82, lxGt=42.49, lp=0.01, lg=2.53, aP=100.00, aGinf=71.75, aGt=38.75
2025-12-17 10:46:25,011: MaxHebb=0.25350, T=1.00, F=1.00, L=1.00, train_i=17600, total_steps=440000
2025-12-17 10:46:25,011: it=17600, lxP=0.13, lxG=6.20, lxGt=45.90, lp=0.01, lg=2.62, aP=100.00, aGinf=67.50, aGt=40.00
2025-12-17 10:46:53,864: MaxHebb=0.30816, T=1.00, F=1.00, L=1.00, train_i=17700, total_steps=442500
2025-12-17 10:46:53,864: it=17700, lxP=0.09, lxG=7.91, lxGt=37.78, lp=0.01, lg=2.62, aP=100.00, aGinf=68.25, aGt=40.25
2025-12-17 10:47:21,273: MaxHebb=0.31541, T=1.00, F=1.00, L=1.00, train_i=17800, total_steps=445000
2025-12-17 10:47:21,273: it=17800, lxP=0.36, lxG=5.21, lxGt=45.30, lp=0.01, lg=2.52, aP=100.00, aGinf=69.75, aGt=37.50
2025-12-17 10:47:48,737: MaxHebb=0.20790, T=1.00, F=1.00, L=1.00, train_i=17900, total_steps=447500
2025-12-17 10:47:48,737: it=17900, lxP=0.13, lxG=3.82, lxGt=41.16, lp=0.01, lg=2.58, aP=100.00, aGinf=79.25, aGt=52.50
2025-12-17 10:48:16,146: MaxHebb=0.28280, T=1.00, F=1.00, L=1.00, train_i=18000, total_steps=450000
2025-12-17 10:48:16,146: it=18000, lxP=0.06, lxG=7.16, lxGt=41.00, lp=0.01, lg=2.60, aP=100.00, aGinf=67.75, aGt=40.00
2025-12-17 10:48:17,679: save data time 0.13, train_i=18000.00, total_steps=450000.00
2025-12-17 10:48:45,267: MaxHebb=0.28194, T=1.00, F=1.00, L=1.00, train_i=18100, total_steps=452500
2025-12-17 10:48:45,267: it=18100, lxP=0.13, lxG=3.30, lxGt=32.73, lp=0.01, lg=2.58, aP=100.00, aGinf=69.00, aGt=36.50
2025-12-17 10:49:12,811: MaxHebb=0.31307, T=1.00, F=1.00, L=1.00, train_i=18200, total_steps=455000
2025-12-17 10:49:12,811: it=18200, lxP=0.34, lxG=4.29, lxGt=44.87, lp=0.01, lg=2.55, aP=100.00, aGinf=75.00, aGt=40.75
2025-12-17 10:49:40,224: MaxHebb=0.25929, T=1.00, F=1.00, L=1.00, train_i=18300, total_steps=457500
2025-12-17 10:49:40,225: it=18300, lxP=0.32, lxG=7.97, lxGt=36.13, lp=0.01, lg=2.57, aP=100.00, aGinf=67.00, aGt=45.75
2025-12-17 10:50:07,754: MaxHebb=0.29383, T=1.00, F=1.00, L=1.00, train_i=18400, total_steps=460000
2025-12-17 10:50:07,754: it=18400, lxP=0.06, lxG=5.36, lxGt=36.17, lp=0.01, lg=2.61, aP=100.00, aGinf=72.00, aGt=39.75
2025-12-17 10:50:36,609: MaxHebb=0.28745, T=1.00, F=1.00, L=1.00, train_i=18500, total_steps=462500
2025-12-17 10:50:36,609: it=18500, lxP=0.29, lxG=3.69, lxGt=41.80, lp=0.01, lg=2.58, aP=100.00, aGinf=71.75, aGt=40.00
2025-12-17 10:51:04,018: MaxHebb=0.30111, T=1.00, F=1.00, L=1.00, train_i=18600, total_steps=465000
2025-12-17 10:51:04,019: it=18600, lxP=0.17, lxG=6.91, lxGt=40.74, lp=0.01, lg=2.62, aP=100.00, aGinf=74.50, aGt=42.25
2025-12-17 10:51:31,367: MaxHebb=0.33329, T=1.00, F=1.00, L=1.00, train_i=18700, total_steps=467500
2025-12-17 10:51:31,367: it=18700, lxP=0.21, lxG=3.06, lxGt=38.42, lp=0.01, lg=2.62, aP=100.00, aGinf=78.25, aGt=52.25
2025-12-17 10:51:58,742: MaxHebb=0.27554, T=1.00, F=1.00, L=1.00, train_i=18800, total_steps=470000
2025-12-17 10:51:58,742: it=18800, lxP=0.02, lxG=6.79, lxGt=34.99, lp=0.01, lg=2.64, aP=100.00, aGinf=69.00, aGt=43.50
2025-12-17 10:52:27,564: MaxHebb=0.30405, T=1.00, F=1.00, L=1.00, train_i=18900, total_steps=472500
2025-12-17 10:52:27,564: it=18900, lxP=0.03, lxG=1.91, lxGt=37.40, lp=0.01, lg=2.63, aP=100.00, aGinf=72.25, aGt=43.50
2025-12-17 10:52:55,028: MaxHebb=0.32253, T=1.00, F=1.00, L=1.00, train_i=19000, total_steps=475000
2025-12-17 10:52:55,028: it=19000, lxP=0.02, lxG=2.47, lxGt=39.12, lp=0.01, lg=2.64, aP=100.00, aGinf=71.50, aGt=39.50
2025-12-17 10:53:22,456: MaxHebb=0.34228, T=1.00, F=1.00, L=1.00, train_i=19100, total_steps=477500
2025-12-17 10:53:22,456: it=19100, lxP=0.16, lxG=4.08, lxGt=36.87, lp=0.01, lg=2.57, aP=100.00, aGinf=77.50, aGt=48.00
2025-12-17 10:53:49,955: MaxHebb=0.30592, T=1.00, F=1.00, L=1.00, train_i=19200, total_steps=480000
2025-12-17 10:53:49,955: it=19200, lxP=0.12, lxG=8.01, lxGt=39.12, lp=0.02, lg=2.61, aP=100.00, aGinf=65.75, aGt=41.00
2025-12-17 10:54:18,774: MaxHebb=0.30765, T=1.00, F=1.00, L=1.00, train_i=19300, total_steps=482500
2025-12-17 10:54:18,774: it=19300, lxP=0.02, lxG=2.13, lxGt=39.85, lp=0.01, lg=2.64, aP=100.00, aGinf=77.75, aGt=46.25
2025-12-17 10:54:46,300: MaxHebb=0.24322, T=1.00, F=1.00, L=1.00, train_i=19400, total_steps=485000
2025-12-17 10:54:46,300: it=19400, lxP=0.02, lxG=3.23, lxGt=39.45, lp=0.01, lg=2.66, aP=100.00, aGinf=76.25, aGt=43.00
2025-12-17 10:55:13,818: MaxHebb=0.33505, T=1.00, F=1.00, L=1.00, train_i=19500, total_steps=487500
2025-12-17 10:55:13,818: it=19500, lxP=0.06, lxG=3.37, lxGt=36.46, lp=0.01, lg=2.63, aP=100.00, aGinf=74.50, aGt=50.00
2025-12-17 10:55:41,265: MaxHebb=0.26454, T=1.00, F=1.00, L=1.00, train_i=19600, total_steps=490000
2025-12-17 10:55:41,265: it=19600, lxP=0.26, lxG=5.75, lxGt=37.63, lp=0.01, lg=2.59, aP=100.00, aGinf=69.00, aGt=44.00
2025-12-17 10:56:10,107: MaxHebb=0.32013, T=1.00, F=1.00, L=1.00, train_i=19700, total_steps=492500
2025-12-17 10:56:10,107: it=19700, lxP=0.05, lxG=11.09, lxGt=41.55, lp=0.02, lg=2.63, aP=100.00, aGinf=65.50, aGt=43.75
2025-12-17 10:56:37,587: MaxHebb=0.33580, T=1.00, F=1.00, L=1.00, train_i=19800, total_steps=495000
2025-12-17 10:56:37,587: it=19800, lxP=0.10, lxG=3.68, lxGt=33.65, lp=0.01, lg=2.60, aP=100.00, aGinf=73.75, aGt=49.25
2025-12-17 10:57:05,018: MaxHebb=0.29941, T=1.00, F=1.00, L=1.00, train_i=19900, total_steps=497500
2025-12-17 10:57:05,018: it=19900, lxP=0.13, lxG=3.82, lxGt=36.90, lp=0.01, lg=2.58, aP=100.00, aGinf=73.75, aGt=46.75
2025-12-17 10:57:32,417: MaxHebb=0.29619, T=1.00, F=1.00, L=1.00, train_i=20000, total_steps=500000
2025-12-17 10:57:32,417: it=20000, lxP=0.11, lxG=5.70, lxGt=42.74, lp=0.01, lg=2.59, aP=100.00, aGinf=72.75, aGt=46.75
2025-12-17 10:57:33,938: save data time 0.12, train_i=20000.00, total_steps=500000.00
2025-12-17 10:58:01,356: MaxHebb=0.35485, T=1.00, F=1.00, L=1.00, train_i=20100, total_steps=502500
2025-12-17 10:58:01,356: it=20100, lxP=0.18, lxG=3.65, lxGt=36.12, lp=0.01, lg=2.61, aP=100.00, aGinf=78.25, aGt=48.00
2025-12-17 10:58:28,872: MaxHebb=0.35808, T=1.00, F=1.00, L=1.00, train_i=20200, total_steps=505000
2025-12-17 10:58:28,872: it=20200, lxP=0.11, lxG=2.38, lxGt=35.16, lp=0.01, lg=2.65, aP=100.00, aGinf=70.00, aGt=41.00
2025-12-17 10:58:56,404: MaxHebb=0.28901, T=1.00, F=1.00, L=1.00, train_i=20300, total_steps=507500
2025-12-17 10:58:56,404: it=20300, lxP=0.12, lxG=2.02, lxGt=33.14, lp=0.01, lg=2.57, aP=100.00, aGinf=74.00, aGt=44.50
2025-12-17 10:59:23,803: MaxHebb=0.33493, T=1.00, F=1.00, L=1.00, train_i=20400, total_steps=510000
2025-12-17 10:59:23,803: it=20400, lxP=0.02, lxG=2.58, lxGt=39.56, lp=0.01, lg=2.63, aP=100.00, aGinf=78.25, aGt=51.50
2025-12-17 10:59:52,619: MaxHebb=0.34089, T=1.00, F=1.00, L=1.00, train_i=20500, total_steps=512500
2025-12-17 10:59:52,619: it=20500, lxP=0.01, lxG=2.90, lxGt=33.91, lp=0.01, lg=2.73, aP=100.00, aGinf=73.00, aGt=44.25
2025-12-17 11:00:20,040: MaxHebb=0.28095, T=1.00, F=1.00, L=1.00, train_i=20600, total_steps=515000
2025-12-17 11:00:20,040: it=20600, lxP=0.07, lxG=3.34, lxGt=36.12, lp=0.01, lg=2.61, aP=100.00, aGinf=78.75, aGt=46.25
2025-12-17 11:00:47,398: MaxHebb=0.35041, T=1.00, F=1.00, L=1.00, train_i=20700, total_steps=517500
2025-12-17 11:00:47,399: it=20700, lxP=0.01, lxG=1.46, lxGt=31.13, lp=0.01, lg=2.67, aP=100.00, aGinf=71.75, aGt=46.50
2025-12-17 11:01:14,737: MaxHebb=0.34098, T=1.00, F=1.00, L=1.00, train_i=20800, total_steps=520000
2025-12-17 11:01:14,737: it=20800, lxP=0.02, lxG=6.02, lxGt=33.86, lp=0.02, lg=2.66, aP=100.00, aGinf=68.50, aGt=41.00
2025-12-17 11:01:43,547: MaxHebb=0.31874, T=1.00, F=1.00, L=1.00, train_i=20900, total_steps=522500
2025-12-17 11:01:43,547: it=20900, lxP=0.13, lxG=3.43, lxGt=31.04, lp=0.01, lg=2.60, aP=100.00, aGinf=68.50, aGt=42.25
2025-12-17 11:02:10,990: MaxHebb=0.29175, T=1.00, F=1.00, L=1.00, train_i=21000, total_steps=525000
2025-12-17 11:02:10,990: it=21000, lxP=0.02, lxG=3.98, lxGt=35.36, lp=0.01, lg=2.60, aP=100.00, aGinf=80.50, aGt=54.50
2025-12-17 11:02:38,477: MaxHebb=0.36063, T=1.00, F=1.00, L=1.00, train_i=21100, total_steps=527500
2025-12-17 11:02:38,477: it=21100, lxP=0.21, lxG=1.68, lxGt=36.27, lp=0.01, lg=2.59, aP=100.00, aGinf=74.50, aGt=45.25
2025-12-17 11:03:05,882: MaxHebb=0.31383, T=1.00, F=1.00, L=1.00, train_i=21200, total_steps=530000
2025-12-17 11:03:05,882: it=21200, lxP=0.03, lxG=4.55, lxGt=38.33, lp=0.01, lg=2.64, aP=100.00, aGinf=74.00, aGt=47.25
2025-12-17 11:03:34,748: MaxHebb=0.36278, T=1.00, F=1.00, L=1.00, train_i=21300, total_steps=532500
2025-12-17 11:03:34,749: it=21300, lxP=0.04, lxG=3.36, lxGt=35.72, lp=0.01, lg=2.66, aP=100.00, aGinf=76.00, aGt=47.50
2025-12-17 11:04:02,171: MaxHebb=0.35941, T=1.00, F=1.00, L=1.00, train_i=21400, total_steps=535000
2025-12-17 11:04:02,171: it=21400, lxP=0.29, lxG=2.42, lxGt=31.17, lp=0.01, lg=2.58, aP=100.00, aGinf=75.25, aGt=45.75
2025-12-17 11:04:29,528: MaxHebb=0.33309, T=1.00, F=1.00, L=1.00, train_i=21500, total_steps=537500
2025-12-17 11:04:29,528: it=21500, lxP=0.12, lxG=5.93, lxGt=44.10, lp=0.01, lg=2.62, aP=100.00, aGinf=71.50, aGt=46.25
2025-12-17 11:04:56,968: MaxHebb=0.35448, T=1.00, F=1.00, L=1.00, train_i=21600, total_steps=540000
2025-12-17 11:04:56,968: it=21600, lxP=0.08, lxG=3.20, lxGt=35.57, lp=0.02, lg=2.69, aP=100.00, aGinf=72.00, aGt=43.75
2025-12-17 11:05:25,846: MaxHebb=0.35882, T=1.00, F=1.00, L=1.00, train_i=21700, total_steps=542500
2025-12-17 11:05:25,847: it=21700, lxP=1.02, lxG=2.77, lxGt=37.43, lp=0.01, lg=2.58, aP=100.00, aGinf=75.00, aGt=46.50
2025-12-17 11:05:53,417: MaxHebb=0.33263, T=1.00, F=1.00, L=1.00, train_i=21800, total_steps=545000
2025-12-17 11:05:53,417: it=21800, lxP=0.10, lxG=3.26, lxGt=27.06, lp=0.02, lg=2.60, aP=100.00, aGinf=73.50, aGt=48.75
2025-12-17 11:06:20,873: MaxHebb=0.36584, T=1.00, F=1.00, L=1.00, train_i=21900, total_steps=547500
2025-12-17 11:06:20,874: it=21900, lxP=0.12, lxG=2.87, lxGt=32.55, lp=0.01, lg=2.57, aP=100.00, aGinf=75.50, aGt=43.25
2025-12-17 11:06:48,335: MaxHebb=0.37236, T=1.00, F=1.00, L=1.00, train_i=22000, total_steps=550000
2025-12-17 11:06:48,335: it=22000, lxP=0.03, lxG=4.14, lxGt=38.36, lp=0.01, lg=2.61, aP=100.00, aGinf=70.50, aGt=42.50
2025-12-17 11:06:49,851: save data time 0.11, train_i=22000.00, total_steps=550000.00
2025-12-17 11:07:17,263: MaxHebb=0.35666, T=1.00, F=1.00, L=1.00, train_i=22100, total_steps=552500
2025-12-17 11:07:17,263: it=22100, lxP=0.09, lxG=1.94, lxGt=36.93, lp=0.01, lg=2.57, aP=100.00, aGinf=75.50, aGt=42.25
2025-12-17 11:07:44,775: MaxHebb=0.28640, T=1.00, F=1.00, L=1.00, train_i=22200, total_steps=555000
2025-12-17 11:07:44,776: it=22200, lxP=0.12, lxG=4.41, lxGt=37.33, lp=0.01, lg=2.58, aP=100.00, aGinf=76.25, aGt=51.25
2025-12-17 11:08:12,230: MaxHebb=0.32689, T=1.00, F=1.00, L=1.00, train_i=22300, total_steps=557500
2025-12-17 11:08:12,230: it=22300, lxP=0.08, lxG=4.36, lxGt=33.42, lp=0.02, lg=2.68, aP=100.00, aGinf=67.75, aGt=45.75
2025-12-17 11:08:39,720: MaxHebb=0.32663, T=1.00, F=1.00, L=1.00, train_i=22400, total_steps=560000
2025-12-17 11:08:39,720: it=22400, lxP=0.18, lxG=4.13, lxGt=44.70, lp=0.01, lg=2.65, aP=100.00, aGinf=76.25, aGt=47.25
2025-12-17 11:09:08,601: MaxHebb=0.24924, T=1.00, F=1.00, L=1.00, train_i=22500, total_steps=562500
2025-12-17 11:09:08,601: it=22500, lxP=0.10, lxG=10.59, lxGt=38.78, lp=0.01, lg=2.60, aP=100.00, aGinf=66.00, aGt=41.50
2025-12-17 11:09:36,048: MaxHebb=0.24814, T=1.00, F=1.00, L=1.00, train_i=22600, total_steps=565000
2025-12-17 11:09:36,048: it=22600, lxP=0.02, lxG=3.55, lxGt=38.72, lp=0.01, lg=2.64, aP=100.00, aGinf=76.25, aGt=45.25
2025-12-17 11:10:03,540: MaxHebb=0.29239, T=1.00, F=1.00, L=1.00, train_i=22700, total_steps=567500
2025-12-17 11:10:03,541: it=22700, lxP=0.10, lxG=9.52, lxGt=43.79, lp=0.01, lg=2.65, aP=100.00, aGinf=69.00, aGt=40.50
2025-12-17 11:10:31,002: MaxHebb=0.26294, T=1.00, F=1.00, L=1.00, train_i=22800, total_steps=570000
2025-12-17 11:10:31,002: it=22800, lxP=0.06, lxG=6.03, lxGt=39.26, lp=0.01, lg=2.63, aP=100.00, aGinf=72.00, aGt=44.75
2025-12-17 11:10:59,799: MaxHebb=0.30549, T=1.00, F=1.00, L=1.00, train_i=22900, total_steps=572500
2025-12-17 11:10:59,799: it=22900, lxP=0.04, lxG=6.42, lxGt=34.79, lp=0.01, lg=2.59, aP=100.00, aGinf=78.50, aGt=48.50
2025-12-17 11:11:27,284: MaxHebb=0.28907, T=1.00, F=1.00, L=1.00, train_i=23000, total_steps=575000
2025-12-17 11:11:27,284: it=23000, lxP=0.17, lxG=4.70, lxGt=37.77, lp=0.01, lg=2.59, aP=100.00, aGinf=71.50, aGt=44.25
2025-12-17 11:11:54,779: MaxHebb=0.27620, T=1.00, F=1.00, L=1.00, train_i=23100, total_steps=577500
2025-12-17 11:11:54,779: it=23100, lxP=0.04, lxG=7.71, lxGt=39.90, lp=0.01, lg=2.59, aP=100.00, aGinf=70.75, aGt=38.50
2025-12-17 11:12:22,265: MaxHebb=0.31064, T=1.00, F=1.00, L=1.00, train_i=23200, total_steps=580000
2025-12-17 11:12:22,265: it=23200, lxP=0.05, lxG=8.74, lxGt=33.95, lp=0.01, lg=2.61, aP=100.00, aGinf=66.25, aGt=37.75
2025-12-17 11:12:51,097: MaxHebb=0.29610, T=1.00, F=1.00, L=1.00, train_i=23300, total_steps=582500
2025-12-17 11:12:51,097: it=23300, lxP=0.08, lxG=5.75, lxGt=33.09, lp=0.01, lg=2.58, aP=100.00, aGinf=67.00, aGt=39.50
2025-12-17 11:13:18,601: MaxHebb=0.32249, T=1.00, F=1.00, L=1.00, train_i=23400, total_steps=585000
2025-12-17 11:13:18,601: it=23400, lxP=0.17, lxG=9.95, lxGt=39.71, lp=0.01, lg=2.56, aP=100.00, aGinf=68.75, aGt=33.75
2025-12-17 11:13:46,058: MaxHebb=0.28600, T=1.00, F=1.00, L=1.00, train_i=23500, total_steps=587500
2025-12-17 11:13:46,058: it=23500, lxP=0.03, lxG=4.40, lxGt=33.94, lp=0.01, lg=2.58, aP=100.00, aGinf=78.00, aGt=45.00
2025-12-17 11:14:13,541: MaxHebb=0.25829, T=1.00, F=1.00, L=1.00, train_i=23600, total_steps=590000
2025-12-17 11:14:13,541: it=23600, lxP=0.11, lxG=6.88, lxGt=34.67, lp=0.01, lg=2.60, aP=100.00, aGinf=70.50, aGt=42.50
2025-12-17 11:14:42,369: MaxHebb=0.25785, T=1.00, F=1.00, L=1.00, train_i=23700, total_steps=592500
2025-12-17 11:14:42,369: it=23700, lxP=0.05, lxG=5.86, lxGt=34.68, lp=0.01, lg=2.58, aP=100.00, aGinf=73.50, aGt=39.75
2025-12-17 11:15:09,776: MaxHebb=0.27201, T=1.00, F=1.00, L=1.00, train_i=23800, total_steps=595000
2025-12-17 11:15:09,776: it=23800, lxP=0.12, lxG=5.40, lxGt=35.01, lp=0.01, lg=2.64, aP=100.00, aGinf=71.00, aGt=36.25
2025-12-17 11:15:37,138: MaxHebb=0.24577, T=1.00, F=1.00, L=1.00, train_i=23900, total_steps=597500
2025-12-17 11:15:37,138: it=23900, lxP=0.09, lxG=6.79, lxGt=41.60, lp=0.01, lg=2.58, aP=100.00, aGinf=73.00, aGt=36.75
2025-12-17 11:16:04,588: MaxHebb=0.27448, T=1.00, F=1.00, L=1.00, train_i=24000, total_steps=600000
2025-12-17 11:16:04,588: it=24000, lxP=0.02, lxG=2.75, lxGt=32.98, lp=0.01, lg=2.63, aP=100.00, aGinf=77.50, aGt=34.75
2025-12-17 11:16:06,125: save data time 0.13, train_i=24000.00, total_steps=600000.00
2025-12-17 11:16:33,551: MaxHebb=0.26390, T=1.00, F=1.00, L=1.00, train_i=24100, total_steps=602500
2025-12-17 11:16:33,551: it=24100, lxP=0.07, lxG=6.09, lxGt=29.19, lp=0.01, lg=2.61, aP=100.00, aGinf=70.75, aGt=38.50
2025-12-17 11:17:01,046: MaxHebb=0.31934, T=1.00, F=1.00, L=1.00, train_i=24200, total_steps=605000
2025-12-17 11:17:01,046: it=24200, lxP=0.08, lxG=3.25, lxGt=33.76, lp=0.01, lg=2.57, aP=100.00, aGinf=76.75, aGt=38.25
2025-12-17 11:17:28,516: MaxHebb=0.26981, T=1.00, F=1.00, L=1.00, train_i=24300, total_steps=607500
2025-12-17 11:17:28,516: it=24300, lxP=0.04, lxG=4.40, lxGt=28.48, lp=0.01, lg=2.63, aP=100.00, aGinf=71.50, aGt=33.00
2025-12-17 11:17:55,878: MaxHebb=0.25381, T=1.00, F=1.00, L=1.00, train_i=24400, total_steps=610000
2025-12-17 11:17:55,878: it=24400, lxP=0.13, lxG=4.60, lxGt=33.18, lp=0.01, lg=2.59, aP=100.00, aGinf=79.50, aGt=37.25
2025-12-17 11:18:24,900: MaxHebb=0.26771, T=1.00, F=1.00, L=1.00, train_i=24500, total_steps=612500
2025-12-17 11:18:24,900: it=24500, lxP=0.05, lxG=4.44, lxGt=36.99, lp=0.01, lg=2.59, aP=100.00, aGinf=69.00, aGt=31.75
2025-12-17 11:18:52,309: MaxHebb=0.23962, T=1.00, F=1.00, L=1.00, train_i=24600, total_steps=615000
2025-12-17 11:18:52,309: it=24600, lxP=0.05, lxG=6.75, lxGt=36.13, lp=0.01, lg=2.59, aP=100.00, aGinf=69.75, aGt=31.50
2025-12-17 11:19:19,779: MaxHebb=0.28570, T=1.00, F=1.00, L=1.00, train_i=24700, total_steps=617500
2025-12-17 11:19:19,779: it=24700, lxP=0.07, lxG=9.11, lxGt=35.72, lp=0.01, lg=2.59, aP=100.00, aGinf=73.25, aGt=39.25
2025-12-17 11:19:47,170: MaxHebb=0.30228, T=1.00, F=1.00, L=1.00, train_i=24800, total_steps=620000
2025-12-17 11:19:47,170: it=24800, lxP=0.19, lxG=10.49, lxGt=37.45, lp=0.01, lg=2.55, aP=100.00, aGinf=70.75, aGt=31.50
2025-12-17 11:20:15,991: MaxHebb=0.30450, T=1.00, F=1.00, L=1.00, train_i=24900, total_steps=622500
2025-12-17 11:20:15,991: it=24900, lxP=0.08, lxG=6.34, lxGt=37.48, lp=0.01, lg=2.56, aP=100.00, aGinf=75.50, aGt=35.50
2025-12-17 11:20:43,465: MaxHebb=0.31076, T=1.00, F=1.00, L=1.00, train_i=25000, total_steps=625000
2025-12-17 11:20:43,465: it=25000, lxP=0.18, lxG=6.13, lxGt=32.65, lp=0.01, lg=2.56, aP=100.00, aGinf=77.50, aGt=35.00
2025-12-17 11:21:10,938: MaxHebb=0.28141, T=1.00, F=1.00, L=1.00, train_i=25100, total_steps=627500
2025-12-17 11:21:10,938: it=25100, lxP=0.09, lxG=7.05, lxGt=34.47, lp=0.01, lg=2.58, aP=100.00, aGinf=70.50, aGt=32.25
2025-12-17 11:21:38,375: MaxHebb=0.29381, T=1.00, F=1.00, L=1.00, train_i=25200, total_steps=630000
2025-12-17 11:21:38,375: it=25200, lxP=0.05, lxG=4.79, lxGt=36.12, lp=0.01, lg=2.59, aP=100.00, aGinf=69.50, aGt=29.50
2025-12-17 11:22:07,171: MaxHebb=0.30339, T=1.00, F=1.00, L=1.00, train_i=25300, total_steps=632500
2025-12-17 11:22:07,171: it=25300, lxP=0.02, lxG=7.19, lxGt=33.29, lp=0.01, lg=2.59, aP=100.00, aGinf=76.25, aGt=37.75
2025-12-17 11:22:34,641: MaxHebb=0.31508, T=1.00, F=1.00, L=1.00, train_i=25400, total_steps=635000
2025-12-17 11:22:34,641: it=25400, lxP=0.06, lxG=2.83, lxGt=33.16, lp=0.01, lg=2.60, aP=100.00, aGinf=71.75, aGt=31.75
2025-12-17 11:23:02,107: MaxHebb=0.28734, T=1.00, F=1.00, L=1.00, train_i=25500, total_steps=637500
2025-12-17 11:23:02,107: it=25500, lxP=0.10, lxG=1.99, lxGt=31.13, lp=0.01, lg=2.55, aP=100.00, aGinf=82.75, aGt=42.00
2025-12-17 11:23:29,649: MaxHebb=0.30715, T=1.00, F=1.00, L=1.00, train_i=25600, total_steps=640000
2025-12-17 11:23:29,649: it=25600, lxP=0.10, lxG=2.21, lxGt=29.71, lp=0.02, lg=2.61, aP=100.00, aGinf=76.75, aGt=31.75
2025-12-17 11:23:58,505: MaxHebb=0.28952, T=1.00, F=1.00, L=1.00, train_i=25700, total_steps=642500
2025-12-17 11:23:58,505: it=25700, lxP=0.14, lxG=4.92, lxGt=32.21, lp=0.01, lg=2.57, aP=100.00, aGinf=78.00, aGt=36.25
2025-12-17 11:24:25,861: MaxHebb=0.29948, T=1.00, F=1.00, L=1.00, train_i=25800, total_steps=645000
2025-12-17 11:24:25,861: it=25800, lxP=0.16, lxG=5.05, lxGt=33.61, lp=0.01, lg=2.55, aP=100.00, aGinf=73.75, aGt=34.25
2025-12-17 11:24:53,330: MaxHebb=0.36327, T=1.00, F=1.00, L=1.00, train_i=25900, total_steps=647500
2025-12-17 11:24:53,330: it=25900, lxP=0.05, lxG=3.31, lxGt=36.73, lp=0.01, lg=2.56, aP=100.00, aGinf=83.25, aGt=36.50
2025-12-17 11:25:20,755: MaxHebb=0.34732, T=1.00, F=1.00, L=1.00, train_i=26000, total_steps=650000
2025-12-17 11:25:20,755: it=26000, lxP=0.14, lxG=3.67, lxGt=26.44, lp=0.01, lg=2.56, aP=100.00, aGinf=79.75, aGt=33.00
2025-12-17 11:25:22,280: save data time 0.12, train_i=26000.00, total_steps=650000.00
2025-12-17 11:25:49,758: MaxHebb=0.35636, T=1.00, F=1.00, L=1.00, train_i=26100, total_steps=652500
2025-12-17 11:25:49,758: it=26100, lxP=0.06, lxG=4.49, lxGt=27.70, lp=0.01, lg=2.56, aP=100.00, aGinf=85.00, aGt=38.75
2025-12-17 11:26:17,173: MaxHebb=0.35120, T=1.00, F=1.00, L=1.00, train_i=26200, total_steps=655000
2025-12-17 11:26:17,174: it=26200, lxP=0.12, lxG=5.63, lxGt=33.61, lp=0.01, lg=2.59, aP=100.00, aGinf=77.50, aGt=38.00
2025-12-17 11:26:44,596: MaxHebb=0.36191, T=1.00, F=1.00, L=1.00, train_i=26300, total_steps=657500
2025-12-17 11:26:44,596: it=26300, lxP=0.08, lxG=8.67, lxGt=31.82, lp=0.01, lg=2.59, aP=100.00, aGinf=75.75, aGt=33.75
2025-12-17 11:27:12,043: MaxHebb=0.35848, T=1.00, F=1.00, L=1.00, train_i=26400, total_steps=660000
2025-12-17 11:27:12,044: it=26400, lxP=0.10, lxG=4.30, lxGt=34.82, lp=0.01, lg=2.60, aP=100.00, aGinf=74.25, aGt=31.50
2025-12-17 11:27:40,890: MaxHebb=0.36351, T=1.00, F=1.00, L=1.00, train_i=26500, total_steps=662500
2025-12-17 11:27:40,890: it=26500, lxP=0.10, lxG=4.11, lxGt=29.40, lp=0.01, lg=2.58, aP=100.00, aGinf=79.00, aGt=34.00
2025-12-17 11:28:08,321: MaxHebb=0.37125, T=1.00, F=1.00, L=1.00, train_i=26600, total_steps=665000
2025-12-17 11:28:08,321: it=26600, lxP=0.13, lxG=5.71, lxGt=32.00, lp=0.01, lg=2.58, aP=100.00, aGinf=81.00, aGt=42.50
2025-12-17 11:28:35,806: MaxHebb=0.37410, T=1.00, F=1.00, L=1.00, train_i=26700, total_steps=667500
2025-12-17 11:28:35,807: it=26700, lxP=0.30, lxG=8.04, lxGt=35.39, lp=0.01, lg=2.59, aP=100.00, aGinf=70.50, aGt=25.00
2025-12-17 11:29:03,283: MaxHebb=0.36830, T=1.00, F=1.00, L=1.00, train_i=26800, total_steps=670000
2025-12-17 11:29:03,283: it=26800, lxP=0.04, lxG=3.96, lxGt=31.28, lp=0.01, lg=2.62, aP=100.00, aGinf=76.75, aGt=34.50
2025-12-17 11:29:32,169: MaxHebb=0.36820, T=1.00, F=1.00, L=1.00, train_i=26900, total_steps=672500
2025-12-17 11:29:32,169: it=26900, lxP=0.07, lxG=3.64, lxGt=26.66, lp=0.01, lg=2.60, aP=100.00, aGinf=74.25, aGt=32.50
2025-12-17 11:29:59,584: MaxHebb=0.36891, T=1.00, F=1.00, L=1.00, train_i=27000, total_steps=675000
2025-12-17 11:29:59,584: it=27000, lxP=0.06, lxG=2.85, lxGt=30.07, lp=0.01, lg=2.60, aP=100.00, aGinf=80.25, aGt=40.25
2025-12-17 11:30:27,067: MaxHebb=0.37127, T=1.00, F=1.00, L=1.00, train_i=27100, total_steps=677500
2025-12-17 11:30:27,067: it=27100, lxP=0.38, lxG=2.61, lxGt=29.99, lp=0.01, lg=2.54, aP=100.00, aGinf=84.00, aGt=40.50
2025-12-17 11:30:54,515: MaxHebb=0.37180, T=1.00, F=1.00, L=1.00, train_i=27200, total_steps=680000
2025-12-17 11:30:54,515: it=27200, lxP=0.11, lxG=1.86, lxGt=28.92, lp=0.01, lg=2.58, aP=100.00, aGinf=84.50, aGt=45.75
2025-12-17 11:31:23,336: MaxHebb=0.36970, T=1.00, F=1.00, L=1.00, train_i=27300, total_steps=682500
2025-12-17 11:31:23,336: it=27300, lxP=0.13, lxG=3.13, lxGt=29.90, lp=0.01, lg=2.62, aP=100.00, aGinf=83.00, aGt=44.00
2025-12-17 11:31:50,858: MaxHebb=0.36809, T=1.00, F=1.00, L=1.00, train_i=27400, total_steps=685000
2025-12-17 11:31:50,858: it=27400, lxP=0.02, lxG=2.29, lxGt=29.78, lp=0.01, lg=2.62, aP=100.00, aGinf=83.50, aGt=45.25
2025-12-17 11:32:18,332: MaxHebb=0.36937, T=1.00, F=1.00, L=1.00, train_i=27500, total_steps=687500
2025-12-17 11:32:18,332: it=27500, lxP=0.21, lxG=4.16, lxGt=31.57, lp=0.01, lg=2.59, aP=100.00, aGinf=83.50, aGt=41.25
2025-12-17 11:32:45,724: MaxHebb=0.36888, T=1.00, F=1.00, L=1.00, train_i=27600, total_steps=690000
2025-12-17 11:32:45,724: it=27600, lxP=0.10, lxG=7.73, lxGt=36.34, lp=0.01, lg=2.62, aP=100.00, aGinf=84.75, aGt=45.00
2025-12-17 11:33:14,639: MaxHebb=0.36853, T=1.00, F=1.00, L=1.00, train_i=27700, total_steps=692500
2025-12-17 11:33:14,639: it=27700, lxP=0.03, lxG=3.30, lxGt=29.32, lp=0.01, lg=2.62, aP=100.00, aGinf=77.00, aGt=45.00
2025-12-17 11:33:42,069: MaxHebb=0.37069, T=1.00, F=1.00, L=1.00, train_i=27800, total_steps=695000
2025-12-17 11:33:42,070: it=27800, lxP=0.08, lxG=3.04, lxGt=28.41, lp=0.02, lg=2.65, aP=100.00, aGinf=76.00, aGt=42.50
2025-12-17 11:34:09,528: MaxHebb=0.37283, T=1.00, F=1.00, L=1.00, train_i=27900, total_steps=697500
2025-12-17 11:34:09,528: it=27900, lxP=0.09, lxG=2.59, lxGt=27.48, lp=0.02, lg=2.67, aP=100.00, aGinf=78.75, aGt=49.00
2025-12-17 11:34:36,967: MaxHebb=0.36558, T=1.00, F=1.00, L=1.00, train_i=28000, total_steps=700000
2025-12-17 11:34:36,967: it=28000, lxP=0.21, lxG=3.70, lxGt=30.34, lp=0.01, lg=2.63, aP=100.00, aGinf=85.00, aGt=45.25
2025-12-17 11:34:38,497: save data time 0.13, train_i=28000.00, total_steps=700000.00
2025-12-17 11:35:05,915: MaxHebb=0.36900, T=1.00, F=1.00, L=1.00, train_i=28100, total_steps=702500
2025-12-17 11:35:05,915: it=28100, lxP=0.10, lxG=5.57, lxGt=30.16, lp=0.01, lg=2.64, aP=100.00, aGinf=72.00, aGt=44.25
2025-12-17 11:35:33,344: MaxHebb=0.36900, T=1.00, F=1.00, L=1.00, train_i=28200, total_steps=705000
2025-12-17 11:35:33,344: it=28200, lxP=0.05, lxG=1.53, lxGt=28.72, lp=0.01, lg=2.68, aP=100.00, aGinf=79.25, aGt=48.00
2025-12-17 11:36:00,840: MaxHebb=0.36984, T=1.00, F=1.00, L=1.00, train_i=28300, total_steps=707500
2025-12-17 11:36:00,840: it=28300, lxP=0.17, lxG=3.11, lxGt=29.89, lp=0.01, lg=2.67, aP=100.00, aGinf=86.00, aGt=52.00
2025-12-17 11:36:28,265: MaxHebb=0.37071, T=1.00, F=1.00, L=1.00, train_i=28400, total_steps=710000
2025-12-17 11:36:28,265: it=28400, lxP=0.05, lxG=1.27, lxGt=28.17, lp=0.01, lg=2.65, aP=100.00, aGinf=90.50, aGt=53.00
2025-12-17 11:36:57,098: MaxHebb=0.36858, T=1.00, F=1.00, L=1.00, train_i=28500, total_steps=712500
2025-12-17 11:36:57,098: it=28500, lxP=0.05, lxG=4.84, lxGt=27.75, lp=0.01, lg=2.69, aP=100.00, aGinf=79.75, aGt=49.00
2025-12-17 11:37:24,594: MaxHebb=0.36924, T=1.00, F=1.00, L=1.00, train_i=28600, total_steps=715000
2025-12-17 11:37:24,594: it=28600, lxP=0.16, lxG=3.45, lxGt=32.10, lp=0.01, lg=2.67, aP=100.00, aGinf=82.25, aGt=53.25
2025-12-17 11:37:51,981: MaxHebb=0.36897, T=1.00, F=1.00, L=1.00, train_i=28700, total_steps=717500
2025-12-17 11:37:51,981: it=28700, lxP=0.05, lxG=2.55, lxGt=31.18, lp=0.01, lg=2.72, aP=100.00, aGinf=86.75, aGt=57.00
2025-12-17 11:38:19,509: MaxHebb=0.36818, T=1.00, F=1.00, L=1.00, train_i=28800, total_steps=720000
2025-12-17 11:38:19,509: it=28800, lxP=0.08, lxG=2.33, lxGt=31.08, lp=0.01, lg=2.70, aP=100.00, aGinf=87.25, aGt=54.75
2025-12-17 11:38:48,467: MaxHebb=0.36636, T=1.00, F=1.00, L=1.00, train_i=28900, total_steps=722500
2025-12-17 11:38:48,468: it=28900, lxP=0.13, lxG=2.87, lxGt=28.10, lp=0.02, lg=2.73, aP=100.00, aGinf=81.50, aGt=53.25
2025-12-17 11:39:16,028: MaxHebb=0.36526, T=1.00, F=1.00, L=1.00, train_i=29000, total_steps=725000
2025-12-17 11:39:16,028: it=29000, lxP=0.28, lxG=3.18, lxGt=27.90, lp=0.01, lg=2.66, aP=100.00, aGinf=91.50, aGt=56.25
2025-12-17 11:39:43,599: MaxHebb=0.36639, T=1.00, F=1.00, L=1.00, train_i=29100, total_steps=727500
2025-12-17 11:39:43,599: it=29100, lxP=0.05, lxG=6.00, lxGt=28.92, lp=0.01, lg=2.71, aP=100.00, aGinf=81.75, aGt=51.75
2025-12-17 11:40:11,143: MaxHebb=0.36686, T=1.00, F=1.00, L=1.00, train_i=29200, total_steps=730000
2025-12-17 11:40:11,143: it=29200, lxP=0.08, lxG=1.13, lxGt=28.35, lp=0.01, lg=2.71, aP=100.00, aGinf=94.00, aGt=61.50
2025-12-17 11:40:40,181: MaxHebb=0.36683, T=1.00, F=1.00, L=1.00, train_i=29300, total_steps=732500
2025-12-17 11:40:40,181: it=29300, lxP=0.10, lxG=4.46, lxGt=33.26, lp=0.01, lg=2.73, aP=100.00, aGinf=84.00, aGt=50.00
2025-12-17 11:41:07,826: MaxHebb=0.36399, T=1.00, F=1.00, L=1.00, train_i=29400, total_steps=735000
2025-12-17 11:41:07,826: it=29400, lxP=0.08, lxG=4.48, lxGt=30.99, lp=0.01, lg=2.71, aP=100.00, aGinf=87.75, aGt=58.25
2025-12-17 11:41:35,470: MaxHebb=0.36490, T=1.00, F=1.00, L=1.00, train_i=29500, total_steps=737500
2025-12-17 11:41:35,470: it=29500, lxP=0.18, lxG=2.07, lxGt=28.84, lp=0.02, lg=2.74, aP=100.00, aGinf=89.50, aGt=52.75
2025-12-17 11:42:03,102: MaxHebb=0.36472, T=1.00, F=1.00, L=1.00, train_i=29600, total_steps=740000
2025-12-17 11:42:03,102: it=29600, lxP=0.03, lxG=1.97, lxGt=27.01, lp=0.02, lg=2.75, aP=100.00, aGinf=80.00, aGt=53.50
2025-12-17 11:42:32,029: MaxHebb=0.36606, T=1.00, F=1.00, L=1.00, train_i=29700, total_steps=742500
2025-12-17 11:42:32,030: it=29700, lxP=0.07, lxG=2.14, lxGt=30.36, lp=0.01, lg=2.76, aP=100.00, aGinf=89.00, aGt=57.00
2025-12-17 11:42:59,573: MaxHebb=0.36125, T=1.00, F=1.00, L=1.00, train_i=29800, total_steps=745000
2025-12-17 11:42:59,573: it=29800, lxP=0.09, lxG=1.89, lxGt=27.65, lp=0.01, lg=2.76, aP=100.00, aGinf=85.75, aGt=54.00
2025-12-17 11:43:27,052: MaxHebb=0.36487, T=1.00, F=1.00, L=1.00, train_i=29900, total_steps=747500
2025-12-17 11:43:27,052: it=29900, lxP=0.12, lxG=3.93, lxGt=28.71, lp=0.01, lg=2.73, aP=100.00, aGinf=86.75, aGt=53.25
2025-12-17 11:43:54,576: MaxHebb=0.36409, T=1.00, F=1.00, L=1.00, train_i=30000, total_steps=750000
2025-12-17 11:43:54,576: it=30000, lxP=0.23, lxG=1.59, lxGt=23.34, lp=0.02, lg=2.70, aP=100.00, aGinf=87.25, aGt=60.25
2025-12-17 11:43:56,106: save data time 0.12, train_i=30000.00, total_steps=750000.00
2025-12-17 11:44:23,754: MaxHebb=0.36534, T=1.00, F=1.00, L=1.00, train_i=30100, total_steps=752500
2025-12-17 11:44:23,754: it=30100, lxP=0.29, lxG=4.23, lxGt=31.22, lp=0.02, lg=2.70, aP=100.00, aGinf=86.25, aGt=53.75
2025-12-17 11:44:51,356: MaxHebb=0.36786, T=1.00, F=1.00, L=1.00, train_i=30200, total_steps=755000
2025-12-17 11:44:51,356: it=30200, lxP=0.06, lxG=2.02, lxGt=25.05, lp=0.02, lg=2.71, aP=100.00, aGinf=82.75, aGt=53.00
2025-12-17 11:45:18,866: MaxHebb=0.36496, T=1.00, F=1.00, L=1.00, train_i=30300, total_steps=757500
2025-12-17 11:45:18,866: it=30300, lxP=0.04, lxG=6.51, lxGt=32.42, lp=0.02, lg=2.76, aP=100.00, aGinf=78.25, aGt=51.75
2025-12-17 11:45:46,443: MaxHebb=0.36389, T=1.00, F=1.00, L=1.00, train_i=30400, total_steps=760000
2025-12-17 11:45:46,443: it=30400, lxP=0.12, lxG=5.59, lxGt=32.32, lp=0.01, lg=2.71, aP=100.00, aGinf=80.50, aGt=52.50
2025-12-17 11:46:15,426: MaxHebb=0.36283, T=1.00, F=1.00, L=1.00, train_i=30500, total_steps=762500
2025-12-17 11:46:15,426: it=30500, lxP=0.01, lxG=4.31, lxGt=30.32, lp=0.02, lg=2.68, aP=100.00, aGinf=77.00, aGt=48.00
2025-12-17 11:46:43,103: MaxHebb=0.36633, T=1.00, F=1.00, L=1.00, train_i=30600, total_steps=765000
2025-12-17 11:46:43,103: it=30600, lxP=0.02, lxG=4.68, lxGt=27.81, lp=0.01, lg=2.71, aP=100.00, aGinf=79.25, aGt=54.50
2025-12-17 11:47:10,630: MaxHebb=0.36323, T=1.00, F=1.00, L=1.00, train_i=30700, total_steps=767500
2025-12-17 11:47:10,630: it=30700, lxP=0.02, lxG=7.02, lxGt=28.56, lp=0.02, lg=2.69, aP=100.00, aGinf=83.75, aGt=61.00
2025-12-17 11:47:38,147: MaxHebb=0.36534, T=1.00, F=1.00, L=1.00, train_i=30800, total_steps=770000
2025-12-17 11:47:38,147: it=30800, lxP=0.12, lxG=1.42, lxGt=31.18, lp=0.01, lg=2.73, aP=100.00, aGinf=88.75, aGt=53.00
2025-12-17 11:48:07,154: MaxHebb=0.36406, T=1.00, F=1.00, L=1.00, train_i=30900, total_steps=772500
2025-12-17 11:48:07,154: it=30900, lxP=0.05, lxG=2.43, lxGt=27.60, lp=0.02, lg=2.67, aP=100.00, aGinf=90.50, aGt=57.00
2025-12-17 11:48:34,819: MaxHebb=0.36459, T=1.00, F=1.00, L=1.00, train_i=31000, total_steps=775000
2025-12-17 11:48:34,819: it=31000, lxP=0.02, lxG=1.20, lxGt=28.02, lp=0.01, lg=2.67, aP=100.00, aGinf=85.75, aGt=52.00
2025-12-17 11:49:02,498: MaxHebb=0.36693, T=1.00, F=1.00, L=1.00, train_i=31100, total_steps=777500
2025-12-17 11:49:02,498: it=31100, lxP=0.07, lxG=3.28, lxGt=28.42, lp=0.01, lg=2.69, aP=100.00, aGinf=84.25, aGt=53.25
2025-12-17 11:49:30,202: MaxHebb=0.36232, T=1.00, F=1.00, L=1.00, train_i=31200, total_steps=780000
2025-12-17 11:49:30,202: it=31200, lxP=0.10, lxG=3.30, lxGt=23.50, lp=0.04, lg=2.77, aP=100.00, aGinf=71.00, aGt=49.00
2025-12-17 11:49:59,187: MaxHebb=0.36674, T=1.00, F=1.00, L=1.00, train_i=31300, total_steps=782500
2025-12-17 11:49:59,188: it=31300, lxP=0.04, lxG=1.93, lxGt=26.06, lp=0.01, lg=2.70, aP=100.00, aGinf=85.75, aGt=59.50
2025-12-17 11:50:26,768: MaxHebb=0.36429, T=1.00, F=1.00, L=1.00, train_i=31400, total_steps=785000
2025-12-17 11:50:26,768: it=31400, lxP=0.06, lxG=3.42, lxGt=31.49, lp=0.01, lg=2.70, aP=100.00, aGinf=81.50, aGt=57.00
2025-12-17 11:50:54,342: MaxHebb=0.36684, T=1.00, F=1.00, L=1.00, train_i=31500, total_steps=787500
2025-12-17 11:50:54,342: it=31500, lxP=0.08, lxG=1.87, lxGt=26.38, lp=0.02, lg=2.72, aP=100.00, aGinf=87.00, aGt=52.75
2025-12-17 11:51:21,911: MaxHebb=0.36577, T=1.00, F=1.00, L=1.00, train_i=31600, total_steps=790000
2025-12-17 11:51:21,912: it=31600, lxP=0.03, lxG=3.57, lxGt=27.46, lp=0.02, lg=2.69, aP=100.00, aGinf=78.75, aGt=55.25
2025-12-17 11:51:50,945: MaxHebb=0.36310, T=1.00, F=1.00, L=1.00, train_i=31700, total_steps=792500
2025-12-17 11:51:50,945: it=31700, lxP=0.09, lxG=1.27, lxGt=26.20, lp=0.02, lg=2.66, aP=100.00, aGinf=87.25, aGt=59.50
2025-12-17 11:52:18,525: MaxHebb=0.36527, T=1.00, F=1.00, L=1.00, train_i=31800, total_steps=795000
2025-12-17 11:52:18,525: it=31800, lxP=0.01, lxG=1.31, lxGt=25.47, lp=0.02, lg=2.69, aP=100.00, aGinf=88.50, aGt=58.25
2025-12-17 11:52:46,121: MaxHebb=0.36410, T=1.00, F=1.00, L=1.00, train_i=31900, total_steps=797500
2025-12-17 11:52:46,121: it=31900, lxP=0.03, lxG=2.05, lxGt=30.85, lp=0.01, lg=2.66, aP=100.00, aGinf=89.75, aGt=57.25
2025-12-17 11:53:13,731: MaxHebb=0.36336, T=1.00, F=1.00, L=1.00, train_i=32000, total_steps=800000
2025-12-17 11:53:13,731: it=32000, lxP=0.21, lxG=3.76, lxGt=26.23, lp=0.01, lg=2.69, aP=100.00, aGinf=79.50, aGt=53.50
2025-12-17 11:53:15,258: save data time 0.12, train_i=32000.00, total_steps=800000.00
2025-12-17 11:53:42,856: MaxHebb=0.36358, T=1.00, F=1.00, L=1.00, train_i=32100, total_steps=802500
2025-12-17 11:53:42,856: it=32100, lxP=0.12, lxG=5.85, lxGt=24.81, lp=0.02, lg=2.70, aP=100.00, aGinf=80.50, aGt=62.00
2025-12-17 11:54:10,405: MaxHebb=0.36328, T=1.00, F=1.00, L=1.00, train_i=32200, total_steps=805000
2025-12-17 11:54:10,405: it=32200, lxP=0.05, lxG=1.60, lxGt=27.51, lp=0.01, lg=2.69, aP=100.00, aGinf=82.00, aGt=50.00
2025-12-17 11:54:37,912: MaxHebb=0.36333, T=1.00, F=1.00, L=1.00, train_i=32300, total_steps=807500
2025-12-17 11:54:37,912: it=32300, lxP=0.21, lxG=3.46, lxGt=31.27, lp=0.01, lg=2.64, aP=100.00, aGinf=82.50, aGt=52.50
2025-12-17 11:55:05,433: MaxHebb=0.36590, T=1.00, F=1.00, L=1.00, train_i=32400, total_steps=810000
2025-12-17 11:55:05,433: it=32400, lxP=0.05, lxG=1.51, lxGt=27.00, lp=0.01, lg=2.63, aP=100.00, aGinf=86.75, aGt=61.25
2025-12-17 11:55:34,469: MaxHebb=0.36447, T=1.00, F=1.00, L=1.00, train_i=32500, total_steps=812500
2025-12-17 11:55:34,469: it=32500, lxP=0.25, lxG=2.54, lxGt=28.61, lp=0.02, lg=2.68, aP=100.00, aGinf=84.25, aGt=52.00
2025-12-17 11:56:02,091: MaxHebb=0.36387, T=1.00, F=1.00, L=1.00, train_i=32600, total_steps=815000
2025-12-17 11:56:02,091: it=32600, lxP=0.02, lxG=3.92, lxGt=33.46, lp=0.01, lg=2.67, aP=100.00, aGinf=76.00, aGt=50.25
2025-12-17 11:56:29,650: MaxHebb=0.36396, T=1.00, F=1.00, L=1.00, train_i=32700, total_steps=817500
2025-12-17 11:56:29,650: it=32700, lxP=0.10, lxG=2.50, lxGt=28.01, lp=0.01, lg=2.71, aP=100.00, aGinf=89.75, aGt=54.00
2025-12-17 11:56:57,198: MaxHebb=0.36097, T=1.00, F=1.00, L=1.00, train_i=32800, total_steps=820000
2025-12-17 11:56:57,198: it=32800, lxP=0.05, lxG=1.73, lxGt=28.76, lp=0.01, lg=2.68, aP=100.00, aGinf=90.50, aGt=54.25
2025-12-17 11:57:26,188: MaxHebb=0.36270, T=1.00, F=1.00, L=1.00, train_i=32900, total_steps=822500
2025-12-17 11:57:26,188: it=32900, lxP=0.07, lxG=1.51, lxGt=26.16, lp=0.02, lg=2.69, aP=100.00, aGinf=84.75, aGt=59.75
2025-12-17 11:57:53,831: MaxHebb=0.36190, T=1.00, F=1.00, L=1.00, train_i=33000, total_steps=825000
2025-12-17 11:57:53,831: it=33000, lxP=0.13, lxG=1.44, lxGt=31.07, lp=0.01, lg=2.65, aP=100.00, aGinf=83.50, aGt=56.25
2025-12-17 11:58:21,437: MaxHebb=0.36256, T=1.00, F=1.00, L=1.00, train_i=33100, total_steps=827500
2025-12-17 11:58:21,437: it=33100, lxP=0.04, lxG=1.73, lxGt=31.06, lp=0.01, lg=2.68, aP=100.00, aGinf=91.75, aGt=59.75
2025-12-17 11:58:49,021: MaxHebb=0.36059, T=1.00, F=1.00, L=1.00, train_i=33200, total_steps=830000
2025-12-17 11:58:49,021: it=33200, lxP=0.09, lxG=2.02, lxGt=26.25, lp=0.01, lg=2.68, aP=100.00, aGinf=89.00, aGt=56.25
2025-12-17 11:59:17,963: MaxHebb=0.36433, T=1.00, F=1.00, L=1.00, train_i=33300, total_steps=832500
2025-12-17 11:59:17,963: it=33300, lxP=0.09, lxG=1.18, lxGt=26.16, lp=0.01, lg=2.73, aP=100.00, aGinf=90.50, aGt=57.75
2025-12-17 11:59:45,528: MaxHebb=0.36428, T=1.00, F=1.00, L=1.00, train_i=33400, total_steps=835000
2025-12-17 11:59:45,528: it=33400, lxP=0.07, lxG=4.35, lxGt=25.18, lp=0.01, lg=2.66, aP=100.00, aGinf=83.75, aGt=51.50
2025-12-17 12:00:13,062: MaxHebb=0.36360, T=1.00, F=1.00, L=1.00, train_i=33500, total_steps=837500
2025-12-17 12:00:13,063: it=33500, lxP=0.05, lxG=1.15, lxGt=25.94, lp=0.01, lg=2.66, aP=100.00, aGinf=87.50, aGt=58.25
2025-12-17 12:00:40,642: MaxHebb=0.36306, T=1.00, F=1.00, L=1.00, train_i=33600, total_steps=840000
2025-12-17 12:00:40,642: it=33600, lxP=0.08, lxG=2.07, lxGt=26.57, lp=0.02, lg=2.67, aP=100.00, aGinf=81.00, aGt=52.50
2025-12-17 12:01:09,663: MaxHebb=0.35815, T=1.00, F=1.00, L=1.00, train_i=33700, total_steps=842500
2025-12-17 12:01:09,663: it=33700, lxP=0.03, lxG=2.62, lxGt=27.57, lp=0.01, lg=2.64, aP=100.00, aGinf=86.75, aGt=58.00
2025-12-17 12:01:37,242: MaxHebb=0.36418, T=1.00, F=1.00, L=1.00, train_i=33800, total_steps=845000
2025-12-17 12:01:37,242: it=33800, lxP=0.05, lxG=2.94, lxGt=26.20, lp=0.02, lg=2.72, aP=100.00, aGinf=80.75, aGt=56.25
2025-12-17 12:02:04,821: MaxHebb=0.36362, T=1.00, F=1.00, L=1.00, train_i=33900, total_steps=847500
2025-12-17 12:02:04,821: it=33900, lxP=0.02, lxG=3.69, lxGt=28.65, lp=0.02, lg=2.71, aP=100.00, aGinf=90.00, aGt=56.75
2025-12-17 12:02:32,355: MaxHebb=0.36270, T=1.00, F=1.00, L=1.00, train_i=34000, total_steps=850000
2025-12-17 12:02:32,355: it=34000, lxP=0.03, lxG=1.07, lxGt=21.62, lp=0.02, lg=2.64, aP=100.00, aGinf=85.50, aGt=59.50
2025-12-17 12:02:33,845: save data time 0.11, train_i=34000.00, total_steps=850000.00
2025-12-17 12:03:01,381: MaxHebb=0.36242, T=1.00, F=1.00, L=1.00, train_i=34100, total_steps=852500
2025-12-17 12:03:01,381: it=34100, lxP=0.05, lxG=5.66, lxGt=26.48, lp=0.03, lg=2.71, aP=100.00, aGinf=74.25, aGt=55.25
2025-12-17 12:03:28,974: MaxHebb=0.36184, T=1.00, F=1.00, L=1.00, train_i=34200, total_steps=855000
2025-12-17 12:03:28,974: it=34200, lxP=0.08, lxG=2.62, lxGt=29.73, lp=0.01, lg=2.69, aP=100.00, aGinf=82.25, aGt=56.50
2025-12-17 12:03:56,537: MaxHebb=0.36362, T=1.00, F=1.00, L=1.00, train_i=34300, total_steps=857500
2025-12-17 12:03:56,538: it=34300, lxP=0.06, lxG=2.63, lxGt=28.03, lp=0.01, lg=2.66, aP=100.00, aGinf=88.00, aGt=59.75
2025-12-17 12:04:24,111: MaxHebb=0.36319, T=1.00, F=1.00, L=1.00, train_i=34400, total_steps=860000
2025-12-17 12:04:24,111: it=34400, lxP=0.05, lxG=0.97, lxGt=24.16, lp=0.02, lg=2.67, aP=100.00, aGinf=81.25, aGt=51.00
2025-12-17 12:04:53,055: MaxHebb=0.35988, T=1.00, F=1.00, L=1.00, train_i=34500, total_steps=862500
2025-12-17 12:04:53,055: it=34500, lxP=0.08, lxG=0.78, lxGt=23.56, lp=0.01, lg=2.67, aP=100.00, aGinf=91.00, aGt=63.25
2025-12-17 12:05:20,597: MaxHebb=0.35819, T=1.00, F=1.00, L=1.00, train_i=34600, total_steps=865000
2025-12-17 12:05:20,597: it=34600, lxP=0.09, lxG=4.19, lxGt=27.00, lp=0.01, lg=2.69, aP=100.00, aGinf=89.50, aGt=61.00
2025-12-17 12:05:48,151: MaxHebb=0.36347, T=1.00, F=1.00, L=1.00, train_i=34700, total_steps=867500
2025-12-17 12:05:48,151: it=34700, lxP=0.04, lxG=0.94, lxGt=24.53, lp=0.01, lg=2.72, aP=100.00, aGinf=93.25, aGt=66.00
2025-12-17 12:06:15,742: MaxHebb=0.36151, T=1.00, F=1.00, L=1.00, train_i=34800, total_steps=870000
2025-12-17 12:06:15,742: it=34800, lxP=0.01, lxG=2.14, lxGt=26.22, lp=0.01, lg=2.65, aP=100.00, aGinf=84.75, aGt=57.00
2025-12-17 12:06:44,654: MaxHebb=0.36450, T=1.00, F=1.00, L=1.00, train_i=34900, total_steps=872500
2025-12-17 12:06:44,654: it=34900, lxP=0.03, lxG=1.71, lxGt=27.75, lp=0.01, lg=2.69, aP=100.00, aGinf=89.25, aGt=58.50
2025-12-17 12:07:12,300: MaxHebb=0.36365, T=1.00, F=1.00, L=1.00, train_i=35000, total_steps=875000
2025-12-17 12:07:12,300: it=35000, lxP=0.07, lxG=5.31, lxGt=22.99, lp=0.02, lg=2.75, aP=100.00, aGinf=77.75, aGt=58.50
2025-12-17 12:07:39,860: MaxHebb=0.36128, T=1.00, F=1.00, L=1.00, train_i=35100, total_steps=877500
2025-12-17 12:07:39,860: it=35100, lxP=0.03, lxG=3.31, lxGt=25.51, lp=0.02, lg=2.70, aP=100.00, aGinf=78.75, aGt=58.75
2025-12-17 12:08:07,348: MaxHebb=0.36278, T=1.00, F=1.00, L=1.00, train_i=35200, total_steps=880000
2025-12-17 12:08:07,349: it=35200, lxP=0.03, lxG=1.93, lxGt=27.39, lp=0.02, lg=2.72, aP=100.00, aGinf=87.50, aGt=61.25
2025-12-17 12:08:36,253: MaxHebb=0.36114, T=1.00, F=1.00, L=1.00, train_i=35300, total_steps=882500
2025-12-17 12:08:36,253: it=35300, lxP=0.03, lxG=1.25, lxGt=22.96, lp=0.02, lg=2.69, aP=100.00, aGinf=84.25, aGt=58.50
2025-12-17 12:09:03,831: MaxHebb=0.36295, T=1.00, F=1.00, L=1.00, train_i=35400, total_steps=885000
2025-12-17 12:09:03,831: it=35400, lxP=0.06, lxG=1.12, lxGt=24.99, lp=0.02, lg=2.76, aP=100.00, aGinf=85.00, aGt=59.50
2025-12-17 12:09:31,446: MaxHebb=0.36259, T=1.00, F=1.00, L=1.00, train_i=35500, total_steps=887500
2025-12-17 12:09:31,446: it=35500, lxP=0.02, lxG=1.70, lxGt=26.98, lp=0.02, lg=2.68, aP=100.00, aGinf=78.00, aGt=55.00
2025-12-17 12:09:58,941: MaxHebb=0.36119, T=1.00, F=1.00, L=1.00, train_i=35600, total_steps=890000
2025-12-17 12:09:58,941: it=35600, lxP=0.07, lxG=1.52, lxGt=24.47, lp=0.01, lg=2.64, aP=100.00, aGinf=88.25, aGt=64.25
2025-12-17 12:10:27,928: MaxHebb=0.36103, T=1.00, F=1.00, L=1.00, train_i=35700, total_steps=892500
2025-12-17 12:10:27,928: it=35700, lxP=0.03, lxG=0.48, lxGt=25.97, lp=0.01, lg=2.70, aP=100.00, aGinf=83.75, aGt=59.25
2025-12-17 12:10:55,597: MaxHebb=0.36129, T=1.00, F=1.00, L=1.00, train_i=35800, total_steps=895000
2025-12-17 12:10:55,598: it=35800, lxP=0.07, lxG=1.66, lxGt=25.33, lp=0.02, lg=2.72, aP=100.00, aGinf=84.00, aGt=56.50
2025-12-17 12:11:23,241: MaxHebb=0.36050, T=1.00, F=1.00, L=1.00, train_i=35900, total_steps=897500
2025-12-17 12:11:23,241: it=35900, lxP=0.03, lxG=0.72, lxGt=23.89, lp=0.02, lg=2.74, aP=100.00, aGinf=90.00, aGt=65.00
2025-12-17 12:11:50,799: MaxHebb=0.36350, T=1.00, F=1.00, L=1.00, train_i=36000, total_steps=900000
2025-12-17 12:11:50,799: it=36000, lxP=0.06, lxG=0.79, lxGt=27.76, lp=0.01, lg=2.68, aP=100.00, aGinf=92.25, aGt=62.25
2025-12-17 12:11:52,324: save data time 0.10, train_i=36000.00, total_steps=900000.00
2025-12-17 12:12:19,899: MaxHebb=0.36189, T=1.00, F=1.00, L=1.00, train_i=36100, total_steps=902500
2025-12-17 12:12:19,899: it=36100, lxP=0.17, lxG=1.02, lxGt=22.01, lp=0.01, lg=2.72, aP=100.00, aGinf=79.75, aGt=55.50
2025-12-17 12:12:47,403: MaxHebb=0.36047, T=1.00, F=1.00, L=1.00, train_i=36200, total_steps=905000
2025-12-17 12:12:47,404: it=36200, lxP=0.06, lxG=1.15, lxGt=25.93, lp=0.02, lg=2.71, aP=100.00, aGinf=82.50, aGt=56.50
2025-12-17 12:13:14,886: MaxHebb=0.36185, T=1.00, F=1.00, L=1.00, train_i=36300, total_steps=907500
2025-12-17 12:13:14,886: it=36300, lxP=0.06, lxG=2.55, lxGt=24.70, lp=0.02, lg=2.68, aP=100.00, aGinf=86.75, aGt=61.50
2025-12-17 12:13:42,457: MaxHebb=0.36176, T=1.00, F=1.00, L=1.00, train_i=36400, total_steps=910000
2025-12-17 12:13:42,457: it=36400, lxP=0.04, lxG=0.61, lxGt=21.97, lp=0.01, lg=2.66, aP=100.00, aGinf=90.00, aGt=65.00
2025-12-17 12:14:11,422: MaxHebb=0.36063, T=1.00, F=1.00, L=1.00, train_i=36500, total_steps=912500
2025-12-17 12:14:11,422: it=36500, lxP=0.01, lxG=0.83, lxGt=25.50, lp=0.01, lg=2.66, aP=100.00, aGinf=84.75, aGt=59.50
2025-12-17 12:14:39,075: MaxHebb=0.36064, T=1.00, F=1.00, L=1.00, train_i=36600, total_steps=915000
2025-12-17 12:14:39,075: it=36600, lxP=0.02, lxG=2.01, lxGt=24.91, lp=0.01, lg=2.63, aP=100.00, aGinf=88.25, aGt=60.25
2025-12-17 12:15:06,700: MaxHebb=0.36038, T=1.00, F=1.00, L=1.00, train_i=36700, total_steps=917500
2025-12-17 12:15:06,700: it=36700, lxP=0.02, lxG=1.83, lxGt=27.57, lp=0.01, lg=2.68, aP=100.00, aGinf=83.50, aGt=55.50
2025-12-17 12:15:34,219: MaxHebb=0.36011, T=1.00, F=1.00, L=1.00, train_i=36800, total_steps=920000
2025-12-17 12:15:34,220: it=36800, lxP=0.03, lxG=2.80, lxGt=24.54, lp=0.03, lg=2.69, aP=100.00, aGinf=76.50, aGt=55.00
2025-12-17 12:16:03,229: MaxHebb=0.35983, T=1.00, F=1.00, L=1.00, train_i=36900, total_steps=922500
2025-12-17 12:16:03,229: it=36900, lxP=0.15, lxG=4.22, lxGt=22.38, lp=0.03, lg=2.68, aP=100.00, aGinf=85.00, aGt=60.25
2025-12-17 12:16:30,762: MaxHebb=0.36187, T=1.00, F=1.00, L=1.00, train_i=37000, total_steps=925000
2025-12-17 12:16:30,762: it=37000, lxP=0.03, lxG=1.33, lxGt=22.61, lp=0.01, lg=2.71, aP=100.00, aGinf=89.00, aGt=62.75
2025-12-17 12:16:58,307: MaxHebb=0.36244, T=1.00, F=1.00, L=1.00, train_i=37100, total_steps=927500
2025-12-17 12:16:58,307: it=37100, lxP=0.12, lxG=2.17, lxGt=26.31, lp=0.03, lg=2.69, aP=100.00, aGinf=79.50, aGt=58.50
2025-12-17 12:17:25,882: MaxHebb=0.35994, T=1.00, F=1.00, L=1.00, train_i=37200, total_steps=930000
2025-12-17 12:17:25,882: it=37200, lxP=0.03, lxG=1.18, lxGt=22.96, lp=0.03, lg=2.65, aP=100.00, aGinf=85.00, aGt=62.50
2025-12-17 12:17:54,846: MaxHebb=0.35958, T=1.00, F=1.00, L=1.00, train_i=37300, total_steps=932500
2025-12-17 12:17:54,846: it=37300, lxP=0.07, lxG=0.51, lxGt=25.04, lp=0.01, lg=2.74, aP=100.00, aGinf=89.25, aGt=65.00
2025-12-17 12:18:22,398: MaxHebb=0.35643, T=1.00, F=1.00, L=1.00, train_i=37400, total_steps=935000
2025-12-17 12:18:22,398: it=37400, lxP=0.01, lxG=2.93, lxGt=27.53, lp=0.01, lg=2.65, aP=100.00, aGinf=89.75, aGt=62.50
2025-12-17 12:18:49,959: MaxHebb=0.35962, T=1.00, F=1.00, L=1.00, train_i=37500, total_steps=937500
2025-12-17 12:18:49,960: it=37500, lxP=0.02, lxG=1.54, lxGt=24.70, lp=0.03, lg=2.71, aP=100.00, aGinf=83.25, aGt=58.75
2025-12-17 12:19:17,514: MaxHebb=0.35518, T=1.00, F=1.00, L=1.00, train_i=37600, total_steps=940000
2025-12-17 12:19:17,514: it=37600, lxP=0.06, lxG=1.51, lxGt=24.09, lp=0.01, lg=2.66, aP=100.00, aGinf=91.00, aGt=64.25
2025-12-17 12:19:46,562: MaxHebb=0.36202, T=1.00, F=1.00, L=1.00, train_i=37700, total_steps=942500
2025-12-17 12:19:46,562: it=37700, lxP=0.01, lxG=3.84, lxGt=22.35, lp=0.02, lg=2.64, aP=100.00, aGinf=83.50, aGt=62.00
2025-12-17 12:20:14,133: MaxHebb=0.35632, T=1.00, F=1.00, L=1.00, train_i=37800, total_steps=945000
2025-12-17 12:20:14,133: it=37800, lxP=0.03, lxG=2.45, lxGt=23.68, lp=0.02, lg=2.71, aP=100.00, aGinf=90.00, aGt=63.00
2025-12-17 12:20:41,619: MaxHebb=0.35950, T=1.00, F=1.00, L=1.00, train_i=37900, total_steps=947500
2025-12-17 12:20:41,620: it=37900, lxP=0.04, lxG=6.18, lxGt=25.26, lp=0.02, lg=2.71, aP=100.00, aGinf=83.50, aGt=61.50
2025-12-17 12:21:09,129: MaxHebb=0.36147, T=1.00, F=1.00, L=1.00, train_i=38000, total_steps=950000
2025-12-17 12:21:09,129: it=38000, lxP=0.03, lxG=1.53, lxGt=23.56, lp=0.03, lg=2.71, aP=100.00, aGinf=76.25, aGt=56.75
2025-12-17 12:21:10,657: save data time 0.12, train_i=38000.00, total_steps=950000.00
2025-12-17 12:21:38,123: MaxHebb=0.36062, T=1.00, F=1.00, L=1.00, train_i=38100, total_steps=952500
2025-12-17 12:21:38,123: it=38100, lxP=0.04, lxG=1.95, lxGt=23.78, lp=0.01, lg=2.65, aP=100.00, aGinf=87.00, aGt=60.50
2025-12-17 12:22:05,716: MaxHebb=0.35785, T=1.00, F=1.00, L=1.00, train_i=38200, total_steps=955000
2025-12-17 12:22:05,716: it=38200, lxP=0.04, lxG=0.89, lxGt=23.20, lp=0.03, lg=2.72, aP=100.00, aGinf=80.25, aGt=62.00
2025-12-17 12:22:33,208: MaxHebb=0.36136, T=1.00, F=1.00, L=1.00, train_i=38300, total_steps=957500
2025-12-17 12:22:33,208: it=38300, lxP=0.04, lxG=3.76, lxGt=24.07, lp=0.02, lg=2.64, aP=100.00, aGinf=82.25, aGt=62.25
2025-12-17 12:23:00,785: MaxHebb=0.36100, T=1.00, F=1.00, L=1.00, train_i=38400, total_steps=960000
2025-12-17 12:23:00,786: it=38400, lxP=0.02, lxG=0.81, lxGt=23.04, lp=0.03, lg=2.72, aP=100.00, aGinf=82.00, aGt=62.25
2025-12-17 12:23:29,691: MaxHebb=0.35998, T=1.00, F=1.00, L=1.00, train_i=38500, total_steps=962500
2025-12-17 12:23:29,691: it=38500, lxP=0.03, lxG=3.80, lxGt=23.95, lp=0.03, lg=2.68, aP=100.00, aGinf=81.25, aGt=64.75
2025-12-17 12:23:57,201: MaxHebb=0.35938, T=1.00, F=1.00, L=1.00, train_i=38600, total_steps=965000
2025-12-17 12:23:57,201: it=38600, lxP=0.04, lxG=0.72, lxGt=26.94, lp=0.01, lg=2.74, aP=100.00, aGinf=86.75, aGt=63.75
2025-12-17 12:24:24,723: MaxHebb=0.35876, T=1.00, F=1.00, L=1.00, train_i=38700, total_steps=967500
2025-12-17 12:24:24,723: it=38700, lxP=0.03, lxG=3.38, lxGt=25.74, lp=0.02, lg=2.70, aP=100.00, aGinf=81.50, aGt=57.75
2025-12-17 12:24:52,316: MaxHebb=0.36087, T=1.00, F=1.00, L=1.00, train_i=38800, total_steps=970000
2025-12-17 12:24:52,316: it=38800, lxP=0.01, lxG=0.63, lxGt=22.16, lp=0.02, lg=2.70, aP=100.00, aGinf=89.25, aGt=63.75
2025-12-17 12:25:21,315: MaxHebb=0.35695, T=1.00, F=1.00, L=1.00, train_i=38900, total_steps=972500
2025-12-17 12:25:21,315: it=38900, lxP=0.02, lxG=2.27, lxGt=28.98, lp=0.01, lg=2.68, aP=100.00, aGinf=86.50, aGt=62.50
2025-12-17 12:25:48,877: MaxHebb=0.35881, T=1.00, F=1.00, L=1.00, train_i=39000, total_steps=975000
2025-12-17 12:25:48,877: it=39000, lxP=0.01, lxG=1.47, lxGt=23.15, lp=0.03, lg=2.73, aP=100.00, aGinf=82.25, aGt=58.25
2025-12-17 12:26:16,483: MaxHebb=0.36120, T=1.00, F=1.00, L=1.00, train_i=39100, total_steps=977500
2025-12-17 12:26:16,483: it=39100, lxP=0.02, lxG=4.05, lxGt=30.28, lp=0.01, lg=2.62, aP=100.00, aGinf=79.25, aGt=56.75
2025-12-17 12:26:43,982: MaxHebb=0.36017, T=1.00, F=1.00, L=1.00, train_i=39200, total_steps=980000
2025-12-17 12:26:43,982: it=39200, lxP=0.04, lxG=1.44, lxGt=23.10, lp=0.02, lg=2.72, aP=100.00, aGinf=79.75, aGt=60.50
2025-12-17 12:27:12,926: MaxHebb=0.35966, T=1.00, F=1.00, L=1.00, train_i=39300, total_steps=982500
2025-12-17 12:27:12,926: it=39300, lxP=0.01, lxG=2.94, lxGt=26.48, lp=0.01, lg=2.66, aP=100.00, aGinf=88.50, aGt=66.00
2025-12-17 12:27:40,490: MaxHebb=0.35894, T=1.00, F=1.00, L=1.00, train_i=39400, total_steps=985000
2025-12-17 12:27:40,490: it=39400, lxP=0.02, lxG=1.15, lxGt=23.36, lp=0.01, lg=2.68, aP=100.00, aGinf=84.75, aGt=61.25
2025-12-17 12:28:08,052: MaxHebb=0.35078, T=1.00, F=1.00, L=1.00, train_i=39500, total_steps=987500
2025-12-17 12:28:08,052: it=39500, lxP=0.03, lxG=2.02, lxGt=21.89, lp=0.03, lg=2.78, aP=100.00, aGinf=83.50, aGt=60.50
2025-12-17 12:28:35,663: MaxHebb=0.35998, T=1.00, F=1.00, L=1.00, train_i=39600, total_steps=990000
2025-12-17 12:28:35,663: it=39600, lxP=0.01, lxG=0.53, lxGt=24.81, lp=0.01, lg=2.72, aP=100.00, aGinf=90.25, aGt=65.75
2025-12-17 12:29:04,612: MaxHebb=0.35656, T=1.00, F=1.00, L=1.00, train_i=39700, total_steps=992500
2025-12-17 12:29:04,612: it=39700, lxP=0.01, lxG=0.39, lxGt=27.48, lp=0.01, lg=2.69, aP=100.00, aGinf=84.50, aGt=60.00
2025-12-17 12:29:32,207: MaxHebb=0.35621, T=1.00, F=1.00, L=1.00, train_i=39800, total_steps=995000
2025-12-17 12:29:32,208: it=39800, lxP=0.01, lxG=0.90, lxGt=24.90, lp=0.02, lg=2.71, aP=100.00, aGinf=85.25, aGt=58.25
2025-12-17 12:29:59,773: MaxHebb=0.35564, T=1.00, F=1.00, L=1.00, train_i=39900, total_steps=997500
2025-12-17 12:29:59,773: it=39900, lxP=0.18, lxG=2.39, lxGt=25.55, lp=0.02, lg=2.64, aP=100.00, aGinf=81.00, aGt=57.50
2025-12-17 12:30:27,301: MaxHebb=0.35783, T=1.00, F=1.00, L=1.00, train_i=40000, total_steps=1000000
2025-12-17 12:30:27,301: it=40000, lxP=0.01, lxG=1.13, lxGt=21.93, lp=0.01, lg=2.71, aP=100.00, aGinf=87.25, aGt=66.00
2025-12-17 12:30:28,835: save data time 0.10, train_i=40000.00, total_steps=1000000.00
2025-12-17 12:30:56,481: MaxHebb=0.34551, T=1.00, F=1.00, L=1.00, train_i=40100, total_steps=1002500
2025-12-17 12:30:56,481: it=40100, lxP=0.03, lxG=1.38, lxGt=26.83, lp=0.01, lg=2.73, aP=100.00, aGinf=79.75, aGt=59.75
2025-12-17 12:31:24,062: MaxHebb=0.35762, T=1.00, F=1.00, L=1.00, train_i=40200, total_steps=1005000
2025-12-17 12:31:24,062: it=40200, lxP=0.01, lxG=0.58, lxGt=24.00, lp=0.02, lg=2.72, aP=100.00, aGinf=90.00, aGt=65.00
2025-12-17 12:31:51,551: MaxHebb=0.35994, T=1.00, F=1.00, L=1.00, train_i=40300, total_steps=1007500
2025-12-17 12:31:51,551: it=40300, lxP=0.03, lxG=0.46, lxGt=23.29, lp=0.01, lg=2.67, aP=100.00, aGinf=88.75, aGt=64.50
2025-12-17 12:32:19,184: MaxHebb=0.35589, T=1.00, F=1.00, L=1.00, train_i=40400, total_steps=1010000
2025-12-17 12:32:19,184: it=40400, lxP=0.06, lxG=1.25, lxGt=23.18, lp=0.01, lg=2.65, aP=100.00, aGinf=93.25, aGt=68.75
2025-12-17 12:32:48,273: MaxHebb=0.35720, T=1.00, F=1.00, L=1.00, train_i=40500, total_steps=1012500
2025-12-17 12:32:48,273: it=40500, lxP=0.05, lxG=0.76, lxGt=23.87, lp=0.02, lg=2.73, aP=100.00, aGinf=88.00, aGt=64.50
2025-12-17 12:33:15,893: MaxHebb=0.35295, T=1.00, F=1.00, L=1.00, train_i=40600, total_steps=1015000
2025-12-17 12:33:15,893: it=40600, lxP=0.01, lxG=4.44, lxGt=25.16, lp=0.02, lg=2.70, aP=100.00, aGinf=82.25, aGt=62.25
2025-12-17 12:33:43,470: MaxHebb=0.35961, T=1.00, F=1.00, L=1.00, train_i=40700, total_steps=1017500
2025-12-17 12:33:43,470: it=40700, lxP=0.03, lxG=1.02, lxGt=24.31, lp=0.03, lg=2.72, aP=100.00, aGinf=87.50, aGt=61.25
2025-12-17 12:34:11,114: MaxHebb=0.35729, T=1.00, F=1.00, L=1.00, train_i=40800, total_steps=1020000
2025-12-17 12:34:11,114: it=40800, lxP=0.02, lxG=1.73, lxGt=24.72, lp=0.02, lg=2.73, aP=100.00, aGinf=89.00, aGt=61.00
2025-12-17 12:34:40,065: MaxHebb=0.35846, T=1.00, F=1.00, L=1.00, train_i=40900, total_steps=1022500
2025-12-17 12:34:40,066: it=40900, lxP=0.23, lxG=1.07, lxGt=25.37, lp=0.03, lg=2.71, aP=100.00, aGinf=77.00, aGt=59.00
2025-12-17 12:35:07,587: MaxHebb=0.35609, T=1.00, F=1.00, L=1.00, train_i=41000, total_steps=1025000
2025-12-17 12:35:07,587: it=41000, lxP=0.02, lxG=0.52, lxGt=24.21, lp=0.01, lg=2.65, aP=100.00, aGinf=94.50, aGt=68.50
2025-12-17 12:35:35,059: MaxHebb=0.35699, T=1.00, F=1.00, L=1.00, train_i=41100, total_steps=1027500
2025-12-17 12:35:35,059: it=41100, lxP=0.07, lxG=1.77, lxGt=22.68, lp=0.01, lg=2.73, aP=100.00, aGinf=82.75, aGt=59.25
2025-12-17 12:36:02,628: MaxHebb=0.35900, T=1.00, F=1.00, L=1.00, train_i=41200, total_steps=1030000
2025-12-17 12:36:02,628: it=41200, lxP=0.01, lxG=0.87, lxGt=28.21, lp=0.02, lg=2.67, aP=100.00, aGinf=90.00, aGt=60.25
2025-12-17 12:36:31,625: MaxHebb=0.35640, T=1.00, F=1.00, L=1.00, train_i=41300, total_steps=1032500
2025-12-17 12:36:31,625: it=41300, lxP=0.01, lxG=1.51, lxGt=27.06, lp=0.01, lg=2.63, aP=100.00, aGinf=87.50, aGt=58.00
2025-12-17 12:36:59,117: MaxHebb=0.35901, T=1.00, F=1.00, L=1.00, train_i=41400, total_steps=1035000
2025-12-17 12:36:59,117: it=41400, lxP=0.12, lxG=0.73, lxGt=25.13, lp=0.02, lg=2.62, aP=100.00, aGinf=92.75, aGt=63.75
2025-12-17 12:37:26,633: MaxHebb=0.35805, T=1.00, F=1.00, L=1.00, train_i=41500, total_steps=1037500
2025-12-17 12:37:26,633: it=41500, lxP=0.07, lxG=0.98, lxGt=25.75, lp=0.02, lg=2.67, aP=100.00, aGinf=92.00, aGt=62.50
2025-12-17 12:37:54,219: MaxHebb=0.35838, T=1.00, F=1.00, L=1.00, train_i=41600, total_steps=1040000
2025-12-17 12:37:54,219: it=41600, lxP=0.02, lxG=0.94, lxGt=27.78, lp=0.01, lg=2.68, aP=100.00, aGinf=89.75, aGt=61.25
2025-12-17 12:38:23,167: MaxHebb=0.35811, T=1.00, F=1.00, L=1.00, train_i=41700, total_steps=1042500
2025-12-17 12:38:23,167: it=41700, lxP=0.02, lxG=0.36, lxGt=20.66, lp=0.02, lg=2.66, aP=100.00, aGinf=85.00, aGt=56.75
2025-12-17 12:38:50,753: MaxHebb=0.35862, T=1.00, F=1.00, L=1.00, train_i=41800, total_steps=1045000
2025-12-17 12:38:50,753: it=41800, lxP=0.09, lxG=2.20, lxGt=24.06, lp=0.03, lg=2.70, aP=100.00, aGinf=83.25, aGt=57.50
2025-12-17 12:39:18,383: MaxHebb=0.35819, T=1.00, F=1.00, L=1.00, train_i=41900, total_steps=1047500
2025-12-17 12:39:18,383: it=41900, lxP=0.01, lxG=0.49, lxGt=21.94, lp=0.02, lg=2.66, aP=100.00, aGinf=88.00, aGt=62.00
2025-12-17 12:39:45,953: MaxHebb=0.35640, T=1.00, F=1.00, L=1.00, train_i=42000, total_steps=1050000
2025-12-17 12:39:45,953: it=42000, lxP=0.02, lxG=1.60, lxGt=23.61, lp=0.01, lg=2.65, aP=100.00, aGinf=89.50, aGt=63.75
2025-12-17 12:39:47,467: save data time 0.10, train_i=42000.00, total_steps=1050000.00
2025-12-17 12:40:14,988: MaxHebb=0.35886, T=1.00, F=1.00, L=1.00, train_i=42100, total_steps=1052500
2025-12-17 12:40:14,988: it=42100, lxP=0.01, lxG=0.51, lxGt=22.74, lp=0.02, lg=2.69, aP=100.00, aGinf=85.25, aGt=57.25
2025-12-17 12:40:42,567: MaxHebb=0.35642, T=1.00, F=1.00, L=1.00, train_i=42200, total_steps=1055000
2025-12-17 12:40:42,567: it=42200, lxP=0.02, lxG=14.78, lxGt=29.01, lp=0.02, lg=2.67, aP=100.00, aGinf=81.25, aGt=58.50
2025-12-17 12:41:10,048: MaxHebb=0.35649, T=1.00, F=1.00, L=1.00, train_i=42300, total_steps=1057500
2025-12-17 12:41:10,048: it=42300, lxP=0.05, lxG=3.87, lxGt=24.24, lp=0.02, lg=2.66, aP=100.00, aGinf=86.25, aGt=60.00
2025-12-17 12:41:37,544: MaxHebb=0.35486, T=1.00, F=1.00, L=1.00, train_i=42400, total_steps=1060000
2025-12-17 12:41:37,544: it=42400, lxP=0.03, lxG=1.66, lxGt=27.54, lp=0.02, lg=2.61, aP=100.00, aGinf=83.00, aGt=59.25
2025-12-17 12:42:06,513: MaxHebb=0.35606, T=1.00, F=1.00, L=1.00, train_i=42500, total_steps=1062500
2025-12-17 12:42:06,513: it=42500, lxP=0.02, lxG=0.55, lxGt=23.63, lp=0.01, lg=2.66, aP=100.00, aGinf=91.25, aGt=67.25
2025-12-17 12:42:34,059: MaxHebb=0.35744, T=1.00, F=1.00, L=1.00, train_i=42600, total_steps=1065000
2025-12-17 12:42:34,059: it=42600, lxP=0.07, lxG=1.47, lxGt=21.56, lp=0.03, lg=2.68, aP=100.00, aGinf=90.00, aGt=64.25
2025-12-17 12:43:01,547: MaxHebb=0.35634, T=1.00, F=1.00, L=1.00, train_i=42700, total_steps=1067500
2025-12-17 12:43:01,547: it=42700, lxP=0.03, lxG=1.61, lxGt=23.33, lp=0.01, lg=2.66, aP=100.00, aGinf=89.25, aGt=64.50
2025-12-17 12:43:29,054: MaxHebb=0.35774, T=1.00, F=1.00, L=1.00, train_i=42800, total_steps=1070000
2025-12-17 12:43:29,054: it=42800, lxP=0.02, lxG=1.15, lxGt=23.50, lp=0.03, lg=2.68, aP=100.00, aGinf=89.25, aGt=66.50
2025-12-17 12:43:57,971: MaxHebb=0.35559, T=1.00, F=1.00, L=1.00, train_i=42900, total_steps=1072500
2025-12-17 12:43:57,971: it=42900, lxP=0.04, lxG=0.83, lxGt=22.97, lp=0.02, lg=2.67, aP=100.00, aGinf=92.25, aGt=66.50
2025-12-17 12:44:25,580: MaxHebb=0.35800, T=1.00, F=1.00, L=1.00, train_i=43000, total_steps=1075000
2025-12-17 12:44:25,580: it=43000, lxP=0.02, lxG=1.06, lxGt=23.11, lp=0.03, lg=2.77, aP=100.00, aGinf=82.00, aGt=56.25
2025-12-17 12:44:53,137: MaxHebb=0.35426, T=1.00, F=1.00, L=1.00, train_i=43100, total_steps=1077500
2025-12-17 12:44:53,137: it=43100, lxP=0.03, lxG=1.09, lxGt=24.02, lp=0.01, lg=2.60, aP=100.00, aGinf=84.25, aGt=59.00
2025-12-17 12:45:20,756: MaxHebb=0.35711, T=1.00, F=1.00, L=1.00, train_i=43200, total_steps=1080000
2025-12-17 12:45:20,756: it=43200, lxP=0.01, lxG=1.24, lxGt=25.02, lp=0.03, lg=2.67, aP=100.00, aGinf=88.25, aGt=63.00
2025-12-17 12:45:49,753: MaxHebb=0.35742, T=1.00, F=1.00, L=1.00, train_i=43300, total_steps=1082500
2025-12-17 12:45:49,753: it=43300, lxP=0.04, lxG=1.17, lxGt=26.14, lp=0.03, lg=2.66, aP=100.00, aGinf=85.50, aGt=60.75
2025-12-17 12:46:17,238: MaxHebb=0.35325, T=1.00, F=1.00, L=1.00, train_i=43400, total_steps=1085000
2025-12-17 12:46:17,238: it=43400, lxP=0.04, lxG=1.69, lxGt=24.13, lp=0.02, lg=2.68, aP=100.00, aGinf=84.50, aGt=62.25
2025-12-17 12:46:44,848: MaxHebb=0.35554, T=1.00, F=1.00, L=1.00, train_i=43500, total_steps=1087500
2025-12-17 12:46:44,848: it=43500, lxP=0.04, lxG=0.32, lxGt=25.88, lp=0.02, lg=2.64, aP=100.00, aGinf=88.25, aGt=62.25
2025-12-17 12:47:12,335: MaxHebb=0.35568, T=1.00, F=1.00, L=1.00, train_i=43600, total_steps=1090000
2025-12-17 12:47:12,335: it=43600, lxP=0.08, lxG=0.32, lxGt=23.42, lp=0.01, lg=2.61, aP=100.00, aGinf=89.50, aGt=64.25
2025-12-17 12:47:41,383: MaxHebb=0.35341, T=1.00, F=1.00, L=1.00, train_i=43700, total_steps=1092500
2025-12-17 12:47:41,383: it=43700, lxP=0.10, lxG=0.82, lxGt=24.51, lp=0.02, lg=2.63, aP=100.00, aGinf=88.25, aGt=65.00
2025-12-17 12:48:09,034: MaxHebb=0.35677, T=1.00, F=1.00, L=1.00, train_i=43800, total_steps=1095000
2025-12-17 12:48:09,034: it=43800, lxP=0.03, lxG=1.50, lxGt=21.20, lp=0.02, lg=2.64, aP=100.00, aGinf=90.00, aGt=64.00
2025-12-17 12:48:36,565: MaxHebb=0.35780, T=1.00, F=1.00, L=1.00, train_i=43900, total_steps=1097500
2025-12-17 12:48:36,565: it=43900, lxP=0.01, lxG=3.03, lxGt=27.43, lp=0.01, lg=2.73, aP=100.00, aGinf=84.00, aGt=63.50
2025-12-17 12:49:04,076: MaxHebb=0.35408, T=1.00, F=1.00, L=1.00, train_i=44000, total_steps=1100000
2025-12-17 12:49:04,077: it=44000, lxP=0.02, lxG=0.50, lxGt=27.25, lp=0.01, lg=2.64, aP=100.00, aGinf=88.25, aGt=60.75
2025-12-17 12:49:05,600: save data time 0.12, train_i=44000.00, total_steps=1100000.00
2025-12-17 12:49:33,094: MaxHebb=0.35556, T=1.00, F=1.00, L=1.00, train_i=44100, total_steps=1102500
2025-12-17 12:49:33,094: it=44100, lxP=0.01, lxG=0.95, lxGt=26.26, lp=0.02, lg=2.61, aP=100.00, aGinf=90.50, aGt=64.50
2025-12-17 12:50:00,708: MaxHebb=0.35674, T=1.00, F=1.00, L=1.00, train_i=44200, total_steps=1105000
2025-12-17 12:50:00,708: it=44200, lxP=0.01, lxG=1.09, lxGt=24.83, lp=0.01, lg=2.68, aP=100.00, aGinf=85.75, aGt=62.75
2025-12-17 12:50:28,211: MaxHebb=0.35688, T=1.00, F=1.00, L=1.00, train_i=44300, total_steps=1107500
2025-12-17 12:50:28,212: it=44300, lxP=0.09, lxG=2.70, lxGt=27.60, lp=0.02, lg=2.63, aP=100.00, aGinf=86.75, aGt=62.25
2025-12-17 12:50:55,781: MaxHebb=0.35643, T=1.00, F=1.00, L=1.00, train_i=44400, total_steps=1110000
2025-12-17 12:50:55,781: it=44400, lxP=0.02, lxG=1.01, lxGt=25.60, lp=0.01, lg=2.65, aP=100.00, aGinf=90.25, aGt=64.25
2025-12-17 12:51:24,755: MaxHebb=0.35546, T=1.00, F=1.00, L=1.00, train_i=44500, total_steps=1112500
2025-12-17 12:51:24,755: it=44500, lxP=0.14, lxG=0.46, lxGt=22.63, lp=0.02, lg=2.61, aP=100.00, aGinf=87.50, aGt=65.75
2025-12-17 12:51:52,331: MaxHebb=0.35637, T=1.00, F=1.00, L=1.00, train_i=44600, total_steps=1115000
2025-12-17 12:51:52,332: it=44600, lxP=0.07, lxG=0.73, lxGt=19.19, lp=0.04, lg=2.66, aP=100.00, aGinf=81.00, aGt=60.75
2025-12-17 12:52:19,877: MaxHebb=0.35519, T=1.00, F=1.00, L=1.00, train_i=44700, total_steps=1117500
2025-12-17 12:52:19,877: it=44700, lxP=0.01, lxG=0.21, lxGt=25.90, lp=0.01, lg=2.64, aP=100.00, aGinf=88.50, aGt=62.50
2025-12-17 12:52:47,421: MaxHebb=0.35634, T=1.00, F=1.00, L=1.00, train_i=44800, total_steps=1120000
2025-12-17 12:52:47,421: it=44800, lxP=0.02, lxG=0.64, lxGt=23.96, lp=0.01, lg=2.64, aP=100.00, aGinf=90.25, aGt=61.75
2025-12-17 12:53:16,397: MaxHebb=0.35635, T=1.00, F=1.00, L=1.00, train_i=44900, total_steps=1122500
2025-12-17 12:53:16,398: it=44900, lxP=0.09, lxG=0.98, lxGt=24.91, lp=0.01, lg=2.58, aP=100.00, aGinf=95.75, aGt=64.50
2025-12-17 12:53:43,915: MaxHebb=0.35631, T=1.00, F=1.00, L=1.00, train_i=45000, total_steps=1125000
2025-12-17 12:53:43,915: it=45000, lxP=0.01, lxG=0.23, lxGt=22.24, lp=0.02, lg=2.61, aP=100.00, aGinf=89.50, aGt=67.00
2025-12-17 12:54:11,439: MaxHebb=0.35607, T=1.00, F=1.00, L=1.00, train_i=45100, total_steps=1127500
2025-12-17 12:54:11,440: it=45100, lxP=0.04, lxG=1.24, lxGt=23.57, lp=0.01, lg=2.59, aP=100.00, aGinf=95.00, aGt=69.25
2025-12-17 12:54:39,061: MaxHebb=0.35461, T=1.00, F=1.00, L=1.00, train_i=45200, total_steps=1130000
2025-12-17 12:54:39,062: it=45200, lxP=0.03, lxG=0.65, lxGt=21.97, lp=0.04, lg=2.63, aP=100.00, aGinf=88.00, aGt=60.75
2025-12-17 12:55:07,989: MaxHebb=0.35464, T=1.00, F=1.00, L=1.00, train_i=45300, total_steps=1132500
2025-12-17 12:55:07,989: it=45300, lxP=0.02, lxG=0.87, lxGt=23.59, lp=0.01, lg=2.56, aP=100.00, aGinf=86.75, aGt=62.00
2025-12-17 12:55:35,528: MaxHebb=0.35640, T=1.00, F=1.00, L=1.00, train_i=45400, total_steps=1135000
2025-12-17 12:55:35,528: it=45400, lxP=0.03, lxG=0.30, lxGt=26.55, lp=0.01, lg=2.61, aP=100.00, aGinf=87.75, aGt=62.25
2025-12-17 12:56:03,099: MaxHebb=0.35696, T=1.00, F=1.00, L=1.00, train_i=45500, total_steps=1137500
2025-12-17 12:56:03,099: it=45500, lxP=0.00, lxG=1.63, lxGt=24.06, lp=0.02, lg=2.63, aP=100.00, aGinf=91.25, aGt=62.25
2025-12-17 12:56:30,752: MaxHebb=0.35474, T=1.00, F=1.00, L=1.00, train_i=45600, total_steps=1140000
2025-12-17 12:56:30,752: it=45600, lxP=0.02, lxG=1.19, lxGt=28.77, lp=0.01, lg=2.62, aP=100.00, aGinf=91.25, aGt=65.50
2025-12-17 12:56:59,800: MaxHebb=0.35433, T=1.00, F=1.00, L=1.00, train_i=45700, total_steps=1142500
2025-12-17 12:56:59,800: it=45700, lxP=0.00, lxG=0.92, lxGt=27.08, lp=0.01, lg=2.63, aP=100.00, aGinf=93.00, aGt=66.00
2025-12-17 12:57:27,399: MaxHebb=0.35656, T=1.00, F=1.00, L=1.00, train_i=45800, total_steps=1145000
2025-12-17 12:57:27,399: it=45800, lxP=0.02, lxG=0.94, lxGt=22.04, lp=0.03, lg=2.61, aP=100.00, aGinf=88.25, aGt=64.00
2025-12-17 12:57:54,963: MaxHebb=0.35668, T=1.00, F=1.00, L=1.00, train_i=45900, total_steps=1147500
2025-12-17 12:57:54,963: it=45900, lxP=0.01, lxG=1.58, lxGt=23.21, lp=0.02, lg=2.63, aP=100.00, aGinf=89.25, aGt=67.00
2025-12-17 12:58:22,494: MaxHebb=0.35470, T=1.00, F=1.00, L=1.00, train_i=46000, total_steps=1150000
2025-12-17 12:58:22,495: it=46000, lxP=0.07, lxG=0.48, lxGt=23.18, lp=0.01, lg=2.56, aP=100.00, aGinf=91.50, aGt=64.25
2025-12-17 12:58:24,016: save data time 0.10, train_i=46000.00, total_steps=1150000.00
2025-12-17 12:58:51,625: MaxHebb=0.35458, T=1.00, F=1.00, L=1.00, train_i=46100, total_steps=1152500
2025-12-17 12:58:51,625: it=46100, lxP=0.01, lxG=0.45, lxGt=21.05, lp=0.02, lg=2.62, aP=100.00, aGinf=91.75, aGt=65.75
2025-12-17 12:59:19,203: MaxHebb=0.35596, T=1.00, F=1.00, L=1.00, train_i=46200, total_steps=1155000
2025-12-17 12:59:19,203: it=46200, lxP=0.11, lxG=1.02, lxGt=23.30, lp=0.01, lg=2.54, aP=100.00, aGinf=83.00, aGt=62.50
2025-12-17 12:59:46,782: MaxHebb=0.35387, T=1.00, F=1.00, L=1.00, train_i=46300, total_steps=1157500
2025-12-17 12:59:46,782: it=46300, lxP=0.01, lxG=3.53, lxGt=23.80, lp=0.01, lg=2.55, aP=100.00, aGinf=89.50, aGt=64.75
2025-12-17 13:00:14,370: MaxHebb=0.35330, T=1.00, F=1.00, L=1.00, train_i=46400, total_steps=1160000
2025-12-17 13:00:14,370: it=46400, lxP=0.05, lxG=0.70, lxGt=26.55, lp=0.02, lg=2.65, aP=100.00, aGinf=85.75, aGt=64.75
2025-12-17 13:00:43,323: MaxHebb=0.35581, T=1.00, F=1.00, L=1.00, train_i=46500, total_steps=1162500
2025-12-17 13:00:43,323: it=46500, lxP=0.01, lxG=0.63, lxGt=23.72, lp=0.01, lg=2.59, aP=100.00, aGinf=92.00, aGt=65.00
2025-12-17 13:01:10,838: MaxHebb=0.35564, T=1.00, F=1.00, L=1.00, train_i=46600, total_steps=1165000
2025-12-17 13:01:10,838: it=46600, lxP=0.03, lxG=3.28, lxGt=28.19, lp=0.02, lg=2.56, aP=100.00, aGinf=84.50, aGt=60.00
2025-12-17 13:01:38,443: MaxHebb=0.35258, T=1.00, F=1.00, L=1.00, train_i=46700, total_steps=1167500
2025-12-17 13:01:38,443: it=46700, lxP=0.03, lxG=0.48, lxGt=21.70, lp=0.02, lg=2.60, aP=100.00, aGinf=88.00, aGt=64.00
2025-12-17 13:02:05,966: MaxHebb=0.33834, T=1.00, F=1.00, L=1.00, train_i=46800, total_steps=1170000
2025-12-17 13:02:05,966: it=46800, lxP=0.03, lxG=0.82, lxGt=23.84, lp=0.01, lg=2.53, aP=100.00, aGinf=95.25, aGt=64.25
2025-12-17 13:02:34,911: MaxHebb=0.35435, T=1.00, F=1.00, L=1.00, train_i=46900, total_steps=1172500
2025-12-17 13:02:34,911: it=46900, lxP=0.02, lxG=2.26, lxGt=25.09, lp=0.01, lg=2.61, aP=100.00, aGinf=82.25, aGt=60.25
2025-12-17 13:03:02,499: MaxHebb=0.35540, T=1.00, F=1.00, L=1.00, train_i=47000, total_steps=1175000
2025-12-17 13:03:02,499: it=47000, lxP=0.04, lxG=0.25, lxGt=21.80, lp=0.01, lg=2.58, aP=100.00, aGinf=83.75, aGt=60.00
2025-12-17 13:03:30,055: MaxHebb=0.35577, T=1.00, F=1.00, L=1.00, train_i=47100, total_steps=1177500
2025-12-17 13:03:30,055: it=47100, lxP=0.06, lxG=0.47, lxGt=21.76, lp=0.01, lg=2.49, aP=100.00, aGinf=88.50, aGt=61.25
2025-12-17 13:03:57,653: MaxHebb=0.35425, T=1.00, F=1.00, L=1.00, train_i=47200, total_steps=1180000
2025-12-17 13:03:57,653: it=47200, lxP=0.02, lxG=0.50, lxGt=25.74, lp=0.01, lg=2.50, aP=100.00, aGinf=93.75, aGt=68.50
2025-12-17 13:04:26,598: MaxHebb=0.35564, T=1.00, F=1.00, L=1.00, train_i=47300, total_steps=1182500
2025-12-17 13:04:26,598: it=47300, lxP=0.10, lxG=4.25, lxGt=24.01, lp=0.01, lg=2.56, aP=100.00, aGinf=82.00, aGt=62.50
2025-12-17 13:04:54,098: MaxHebb=0.35533, T=1.00, F=1.00, L=1.00, train_i=47400, total_steps=1185000
2025-12-17 13:04:54,098: it=47400, lxP=0.01, lxG=0.74, lxGt=28.49, lp=0.01, lg=2.51, aP=100.00, aGinf=89.75, aGt=62.25
2025-12-17 13:05:21,592: MaxHebb=0.35459, T=1.00, F=1.00, L=1.00, train_i=47500, total_steps=1187500
2025-12-17 13:05:21,593: it=47500, lxP=0.09, lxG=0.39, lxGt=21.06, lp=0.01, lg=2.55, aP=100.00, aGinf=77.25, aGt=57.25
2025-12-17 13:05:49,213: MaxHebb=0.34527, T=1.00, F=1.00, L=1.00, train_i=47600, total_steps=1190000
2025-12-17 13:05:49,213: it=47600, lxP=0.02, lxG=0.69, lxGt=22.78, lp=0.02, lg=2.52, aP=100.00, aGinf=88.50, aGt=67.00
2025-12-17 13:06:18,131: MaxHebb=0.35106, T=1.00, F=1.00, L=1.00, train_i=47700, total_steps=1192500
2025-12-17 13:06:18,131: it=47700, lxP=0.01, lxG=0.46, lxGt=23.91, lp=0.01, lg=2.54, aP=100.00, aGinf=91.50, aGt=63.75
2025-12-17 13:06:45,521: MaxHebb=0.35371, T=1.00, F=1.00, L=1.00, train_i=47800, total_steps=1195000
2025-12-17 13:06:45,521: it=47800, lxP=0.01, lxG=0.87, lxGt=23.34, lp=0.04, lg=2.55, aP=100.00, aGinf=84.25, aGt=61.50
2025-12-17 13:07:13,045: MaxHebb=0.35086, T=1.00, F=1.00, L=1.00, train_i=47900, total_steps=1197500
2025-12-17 13:07:13,045: it=47900, lxP=0.03, lxG=0.83, lxGt=26.17, lp=0.02, lg=2.54, aP=100.00, aGinf=89.75, aGt=66.75
2025-12-17 13:07:40,524: MaxHebb=0.35064, T=1.00, F=1.00, L=1.00, train_i=48000, total_steps=1200000
2025-12-17 13:07:40,524: it=48000, lxP=0.06, lxG=1.00, lxGt=22.10, lp=0.02, lg=2.56, aP=100.00, aGinf=84.75, aGt=59.75
2025-12-17 13:07:42,014: save data time 0.10, train_i=48000.00, total_steps=1200000.00
2025-12-17 13:08:09,618: MaxHebb=0.35413, T=1.00, F=1.00, L=1.00, train_i=48100, total_steps=1202500
2025-12-17 13:08:09,618: it=48100, lxP=0.01, lxG=2.22, lxGt=25.41, lp=0.02, lg=2.62, aP=100.00, aGinf=88.25, aGt=65.25
2025-12-17 13:08:37,197: MaxHebb=0.35537, T=1.00, F=1.00, L=1.00, train_i=48200, total_steps=1205000
2025-12-17 13:08:37,197: it=48200, lxP=0.01, lxG=4.31, lxGt=26.82, lp=0.02, lg=2.58, aP=100.00, aGinf=84.50, aGt=63.00
2025-12-17 13:09:04,876: MaxHebb=0.35627, T=1.00, F=1.00, L=1.00, train_i=48300, total_steps=1207500
2025-12-17 13:09:04,876: it=48300, lxP=0.02, lxG=0.94, lxGt=22.19, lp=0.01, lg=2.49, aP=100.00, aGinf=87.75, aGt=62.75
2025-12-17 13:09:32,454: MaxHebb=0.35533, T=1.00, F=1.00, L=1.00, train_i=48400, total_steps=1210000
2025-12-17 13:09:32,454: it=48400, lxP=0.04, lxG=0.37, lxGt=26.54, lp=0.03, lg=2.57, aP=100.00, aGinf=87.50, aGt=60.25
2025-12-17 13:10:01,597: MaxHebb=0.35131, T=1.00, F=1.00, L=1.00, train_i=48500, total_steps=1212500
2025-12-17 13:10:01,597: it=48500, lxP=0.01, lxG=0.41, lxGt=19.72, lp=0.01, lg=2.57, aP=100.00, aGinf=88.50, aGt=64.75
2025-12-17 13:10:29,160: MaxHebb=0.35404, T=1.00, F=1.00, L=1.00, train_i=48600, total_steps=1215000
2025-12-17 13:10:29,161: it=48600, lxP=0.02, lxG=5.38, lxGt=23.58, lp=0.02, lg=2.55, aP=100.00, aGinf=88.50, aGt=69.50
2025-12-17 13:10:56,773: MaxHebb=0.35380, T=1.00, F=1.00, L=1.00, train_i=48700, total_steps=1217500
2025-12-17 13:10:56,773: it=48700, lxP=0.03, lxG=0.71, lxGt=21.99, lp=0.04, lg=2.65, aP=100.00, aGinf=84.25, aGt=63.00
2025-12-17 13:11:24,315: MaxHebb=0.35456, T=1.00, F=1.00, L=1.00, train_i=48800, total_steps=1220000
2025-12-17 13:11:24,315: it=48800, lxP=0.02, lxG=0.47, lxGt=22.94, lp=0.02, lg=2.56, aP=100.00, aGinf=92.75, aGt=66.75
2025-12-17 13:11:53,296: MaxHebb=0.34133, T=1.00, F=1.00, L=1.00, train_i=48900, total_steps=1222500
2025-12-17 13:11:53,296: it=48900, lxP=0.02, lxG=0.87, lxGt=20.95, lp=0.01, lg=2.55, aP=100.00, aGinf=87.50, aGt=66.00
2025-12-17 13:12:20,925: MaxHebb=0.34904, T=1.00, F=1.00, L=1.00, train_i=49000, total_steps=1225000
2025-12-17 13:12:20,925: it=49000, lxP=0.02, lxG=0.26, lxGt=21.11, lp=0.02, lg=2.51, aP=100.00, aGinf=89.75, aGt=62.75
2025-12-17 13:12:48,579: MaxHebb=0.35526, T=1.00, F=1.00, L=1.00, train_i=49100, total_steps=1227500
2025-12-17 13:12:48,579: it=49100, lxP=0.02, lxG=1.08, lxGt=21.63, lp=0.01, lg=2.53, aP=100.00, aGinf=84.00, aGt=63.50
2025-12-17 13:13:16,093: MaxHebb=0.35374, T=1.00, F=1.00, L=1.00, train_i=49200, total_steps=1230000
2025-12-17 13:13:16,093: it=49200, lxP=0.02, lxG=0.77, lxGt=25.82, lp=0.05, lg=2.63, aP=100.00, aGinf=85.00, aGt=60.75
2025-12-17 13:13:44,969: MaxHebb=0.35529, T=1.00, F=1.00, L=1.00, train_i=49300, total_steps=1232500
2025-12-17 13:13:44,969: it=49300, lxP=0.01, lxG=0.29, lxGt=25.43, lp=0.01, lg=2.51, aP=100.00, aGinf=91.75, aGt=65.00
2025-12-17 13:14:12,446: MaxHebb=0.35583, T=1.00, F=1.00, L=1.00, train_i=49400, total_steps=1235000
2025-12-17 13:14:12,446: it=49400, lxP=0.04, lxG=0.43, lxGt=21.87, lp=0.02, lg=2.50, aP=100.00, aGinf=88.50, aGt=66.25
2025-12-17 13:14:39,940: MaxHebb=0.35472, T=1.00, F=1.00, L=1.00, train_i=49500, total_steps=1237500
2025-12-17 13:14:39,940: it=49500, lxP=0.16, lxG=2.79, lxGt=28.90, lp=0.03, lg=2.52, aP=100.00, aGinf=86.50, aGt=61.50
2025-12-17 13:15:07,499: MaxHebb=0.35519, T=1.00, F=1.00, L=1.00, train_i=49600, total_steps=1240000
2025-12-17 13:15:07,499: it=49600, lxP=0.01, lxG=0.45, lxGt=23.49, lp=0.03, lg=2.54, aP=100.00, aGinf=85.00, aGt=59.75
2025-12-17 13:15:36,477: MaxHebb=0.35198, T=1.00, F=1.00, L=1.00, train_i=49700, total_steps=1242500
2025-12-17 13:15:36,477: it=49700, lxP=0.04, lxG=0.59, lxGt=22.95, lp=0.02, lg=2.53, aP=100.00, aGinf=87.50, aGt=65.25
2025-12-17 13:16:03,999: MaxHebb=0.35577, T=1.00, F=1.00, L=1.00, train_i=49800, total_steps=1245000
2025-12-17 13:16:03,999: it=49800, lxP=0.01, lxG=0.55, lxGt=24.46, lp=0.03, lg=2.23, aP=100.00, aGinf=88.00, aGt=62.75
2025-12-17 13:16:31,529: MaxHebb=0.35521, T=1.00, F=1.00, L=1.00, train_i=49900, total_steps=1247500
2025-12-17 13:16:31,529: it=49900, lxP=0.06, lxG=0.51, lxGt=25.33, lp=0.02, lg=2.25, aP=100.00, aGinf=87.75, aGt=62.25
2025-12-17 13:16:59,125: MaxHebb=0.35319, T=1.00, F=1.00, L=1.00, train_i=50000, total_steps=1250000
2025-12-17 13:16:59,125: it=50000, lxP=0.10, lxG=0.90, lxGt=21.85, lp=0.01, lg=2.26, aP=100.00, aGinf=90.75, aGt=65.00
2025-12-17 13:17:00,650: save data time 0.11, train_i=50000.00, total_steps=1250000.00
2025-12-17 13:17:28,172: MaxHebb=0.35186, T=1.00, F=1.00, L=1.00, train_i=50100, total_steps=1252500
2025-12-17 13:17:28,172: it=50100, lxP=0.02, lxG=1.57, lxGt=26.32, lp=0.01, lg=2.29, aP=100.00, aGinf=87.50, aGt=64.75
2025-12-17 13:17:55,785: MaxHebb=0.35211, T=1.00, F=1.00, L=1.00, train_i=50200, total_steps=1255000
2025-12-17 13:17:55,785: it=50200, lxP=0.03, lxG=3.19, lxGt=25.11, lp=0.01, lg=2.23, aP=100.00, aGinf=88.50, aGt=64.25
2025-12-17 13:18:23,298: MaxHebb=0.35140, T=1.00, F=1.00, L=1.00, train_i=50300, total_steps=1257500
2025-12-17 13:18:23,298: it=50300, lxP=0.02, lxG=0.39, lxGt=24.75, lp=0.01, lg=2.25, aP=100.00, aGinf=93.50, aGt=67.75
2025-12-17 13:18:50,890: MaxHebb=0.35482, T=1.00, F=1.00, L=1.00, train_i=50400, total_steps=1260000
2025-12-17 13:18:50,890: it=50400, lxP=0.08, lxG=0.45, lxGt=23.20, lp=0.01, lg=2.24, aP=100.00, aGinf=88.75, aGt=62.75
2025-12-17 13:19:19,882: MaxHebb=0.35405, T=1.00, F=1.00, L=1.00, train_i=50500, total_steps=1262500
2025-12-17 13:19:19,882: it=50500, lxP=0.04, lxG=0.47, lxGt=21.65, lp=0.02, lg=2.28, aP=100.00, aGinf=86.25, aGt=63.00
2025-12-17 13:19:47,423: MaxHebb=0.35353, T=1.00, F=1.00, L=1.00, train_i=50600, total_steps=1265000
2025-12-17 13:19:47,423: it=50600, lxP=0.12, lxG=0.49, lxGt=25.01, lp=0.01, lg=2.27, aP=100.00, aGinf=96.00, aGt=67.75
2025-12-17 13:20:14,972: MaxHebb=0.32736, T=1.00, F=1.00, L=1.00, train_i=50700, total_steps=1267500
2025-12-17 13:20:14,972: it=50700, lxP=0.04, lxG=0.16, lxGt=26.57, lp=0.02, lg=2.25, aP=100.00, aGinf=89.50, aGt=59.50
2025-12-17 13:20:42,501: MaxHebb=0.32595, T=1.00, F=1.00, L=1.00, train_i=50800, total_steps=1270000
2025-12-17 13:20:42,501: it=50800, lxP=0.01, lxG=0.94, lxGt=23.54, lp=0.01, lg=2.25, aP=100.00, aGinf=91.00, aGt=63.50
2025-12-17 13:21:11,489: MaxHebb=0.35430, T=1.00, F=1.00, L=1.00, train_i=50900, total_steps=1272500
2025-12-17 13:21:11,489: it=50900, lxP=0.06, lxG=0.65, lxGt=23.35, lp=0.01, lg=2.26, aP=100.00, aGinf=87.25, aGt=64.00
2025-12-17 13:21:39,033: MaxHebb=0.35450, T=1.00, F=1.00, L=1.00, train_i=51000, total_steps=1275000
2025-12-17 13:21:39,033: it=51000, lxP=0.05, lxG=3.33, lxGt=21.85, lp=0.01, lg=2.20, aP=100.00, aGinf=91.50, aGt=63.00
2025-12-17 13:22:06,626: MaxHebb=0.35532, T=1.00, F=1.00, L=1.00, train_i=51100, total_steps=1277500
2025-12-17 13:22:06,626: it=51100, lxP=0.09, lxG=0.96, lxGt=22.06, lp=0.01, lg=2.29, aP=100.00, aGinf=85.25, aGt=59.75
2025-12-17 13:22:34,244: MaxHebb=0.35537, T=1.00, F=1.00, L=1.00, train_i=51200, total_steps=1280000
2025-12-17 13:22:34,244: it=51200, lxP=0.02, lxG=0.42, lxGt=23.76, lp=0.01, lg=2.23, aP=100.00, aGinf=87.25, aGt=61.75
2025-12-17 13:23:03,141: MaxHebb=0.35428, T=1.00, F=1.00, L=1.00, train_i=51300, total_steps=1282500
2025-12-17 13:23:03,141: it=51300, lxP=0.16, lxG=0.90, lxGt=21.99, lp=0.02, lg=2.27, aP=100.00, aGinf=86.75, aGt=67.25
2025-12-17 13:23:30,554: MaxHebb=0.35529, T=1.00, F=1.00, L=1.00, train_i=51400, total_steps=1285000
2025-12-17 13:23:30,554: it=51400, lxP=0.06, lxG=0.50, lxGt=25.06, lp=0.02, lg=2.23, aP=100.00, aGinf=89.25, aGt=64.75
2025-12-17 13:23:58,013: MaxHebb=0.35238, T=1.00, F=1.00, L=1.00, train_i=51500, total_steps=1287500
2025-12-17 13:23:58,013: it=51500, lxP=0.03, lxG=0.32, lxGt=21.34, lp=0.01, lg=2.32, aP=100.00, aGinf=88.75, aGt=64.75
2025-12-17 13:24:25,480: MaxHebb=0.35511, T=1.00, F=1.00, L=1.00, train_i=51600, total_steps=1290000
2025-12-17 13:24:25,480: it=51600, lxP=0.06, lxG=1.07, lxGt=21.54, lp=0.03, lg=2.27, aP=100.00, aGinf=83.50, aGt=61.75
2025-12-17 13:24:54,409: MaxHebb=0.35474, T=1.00, F=1.00, L=1.00, train_i=51700, total_steps=1292500
2025-12-17 13:24:54,409: it=51700, lxP=0.01, lxG=0.27, lxGt=20.16, lp=0.03, lg=2.30, aP=100.00, aGinf=85.50, aGt=61.00
2025-12-17 13:25:21,956: MaxHebb=0.35402, T=1.00, F=1.00, L=1.00, train_i=51800, total_steps=1295000
2025-12-17 13:25:21,956: it=51800, lxP=0.01, lxG=1.23, lxGt=17.41, lp=0.01, lg=2.21, aP=100.00, aGinf=83.25, aGt=64.00
2025-12-17 13:25:49,440: MaxHebb=0.35332, T=1.00, F=1.00, L=1.00, train_i=51900, total_steps=1297500
2025-12-17 13:25:49,441: it=51900, lxP=0.01, lxG=0.75, lxGt=22.63, lp=0.01, lg=2.27, aP=100.00, aGinf=89.75, aGt=61.25
2025-12-17 13:26:17,007: MaxHebb=0.35305, T=1.00, F=1.00, L=1.00, train_i=52000, total_steps=1300000
2025-12-17 13:26:17,007: it=52000, lxP=0.05, lxG=0.47, lxGt=24.32, lp=0.01, lg=2.27, aP=100.00, aGinf=92.25, aGt=65.00
2025-12-17 13:26:18,556: save data time 0.14, train_i=52000.00, total_steps=1300000.00
2025-12-17 13:26:46,220: MaxHebb=0.35315, T=1.00, F=1.00, L=1.00, train_i=52100, total_steps=1302500
2025-12-17 13:26:46,220: it=52100, lxP=0.06, lxG=0.62, lxGt=22.76, lp=0.02, lg=2.25, aP=100.00, aGinf=90.00, aGt=62.00
2025-12-17 13:27:13,750: MaxHebb=0.35475, T=1.00, F=1.00, L=1.00, train_i=52200, total_steps=1305000
2025-12-17 13:27:13,750: it=52200, lxP=0.02, lxG=2.81, lxGt=25.77, lp=0.02, lg=2.26, aP=100.00, aGinf=88.75, aGt=64.75
2025-12-17 13:27:41,414: MaxHebb=0.35247, T=1.00, F=1.00, L=1.00, train_i=52300, total_steps=1307500
2025-12-17 13:27:41,414: it=52300, lxP=0.09, lxG=0.95, lxGt=25.34, lp=0.01, lg=2.23, aP=100.00, aGinf=88.75, aGt=61.50
2025-12-17 13:28:09,031: MaxHebb=0.35292, T=1.00, F=1.00, L=1.00, train_i=52400, total_steps=1310000
2025-12-17 13:28:09,031: it=52400, lxP=0.08, lxG=0.53, lxGt=25.66, lp=0.01, lg=2.25, aP=100.00, aGinf=92.50, aGt=67.00
2025-12-17 13:28:38,051: MaxHebb=0.35150, T=1.00, F=1.00, L=1.00, train_i=52500, total_steps=1312500
2025-12-17 13:28:38,051: it=52500, lxP=0.04, lxG=0.63, lxGt=23.85, lp=0.02, lg=2.28, aP=100.00, aGinf=91.75, aGt=64.50
2025-12-17 13:29:05,644: MaxHebb=0.34471, T=1.00, F=1.00, L=1.00, train_i=52600, total_steps=1315000
2025-12-17 13:29:05,644: it=52600, lxP=0.05, lxG=0.82, lxGt=21.74, lp=0.04, lg=2.28, aP=100.00, aGinf=86.25, aGt=58.75
2025-12-17 13:29:33,151: MaxHebb=0.31777, T=1.00, F=1.00, L=1.00, train_i=52700, total_steps=1317500
2025-12-17 13:29:33,151: it=52700, lxP=0.15, lxG=0.67, lxGt=21.47, lp=0.01, lg=2.24, aP=100.00, aGinf=92.75, aGt=70.75
2025-12-17 13:30:00,662: MaxHebb=0.35321, T=1.00, F=1.00, L=1.00, train_i=52800, total_steps=1320000
2025-12-17 13:30:00,662: it=52800, lxP=0.02, lxG=0.80, lxGt=24.37, lp=0.01, lg=2.23, aP=100.00, aGinf=91.50, aGt=62.50
2025-12-17 13:30:29,584: MaxHebb=0.34908, T=1.00, F=1.00, L=1.00, train_i=52900, total_steps=1322500
2025-12-17 13:30:29,584: it=52900, lxP=0.04, lxG=0.70, lxGt=25.91, lp=0.02, lg=2.26, aP=100.00, aGinf=85.25, aGt=63.50
2025-12-17 13:30:57,166: MaxHebb=0.35186, T=1.00, F=1.00, L=1.00, train_i=53000, total_steps=1325000
2025-12-17 13:30:57,167: it=53000, lxP=0.03, lxG=0.78, lxGt=23.01, lp=0.02, lg=2.22, aP=100.00, aGinf=89.50, aGt=67.00
2025-12-17 13:31:24,632: MaxHebb=0.35270, T=1.00, F=1.00, L=1.00, train_i=53100, total_steps=1327500
2025-12-17 13:31:24,632: it=53100, lxP=0.01, lxG=0.48, lxGt=23.80, lp=0.02, lg=2.23, aP=100.00, aGinf=89.25, aGt=64.75
2025-12-17 13:31:52,168: MaxHebb=0.35353, T=1.00, F=1.00, L=1.00, train_i=53200, total_steps=1330000
2025-12-17 13:31:52,168: it=53200, lxP=0.02, lxG=1.96, lxGt=24.36, lp=0.01, lg=2.28, aP=100.00, aGinf=88.50, aGt=62.50
2025-12-17 13:32:21,126: MaxHebb=0.35497, T=1.00, F=1.00, L=1.00, train_i=53300, total_steps=1332500
2025-12-17 13:32:21,126: it=53300, lxP=0.05, lxG=0.58, lxGt=24.77, lp=0.03, lg=2.29, aP=100.00, aGinf=85.75, aGt=62.50
2025-12-17 13:32:48,645: MaxHebb=0.35299, T=1.00, F=1.00, L=1.00, train_i=53400, total_steps=1335000
2025-12-17 13:32:48,645: it=53400, lxP=0.02, lxG=0.38, lxGt=23.18, lp=0.01, lg=2.28, aP=100.00, aGinf=91.25, aGt=64.25
2025-12-17 13:33:16,256: MaxHebb=0.35205, T=1.00, F=1.00, L=1.00, train_i=53500, total_steps=1337500
2025-12-17 13:33:16,256: it=53500, lxP=0.03, lxG=0.44, lxGt=23.68, lp=0.02, lg=2.28, aP=100.00, aGinf=90.25, aGt=65.50
2025-12-17 13:33:43,825: MaxHebb=0.35155, T=1.00, F=1.00, L=1.00, train_i=53600, total_steps=1340000
2025-12-17 13:33:43,825: it=53600, lxP=0.16, lxG=0.57, lxGt=26.27, lp=0.01, lg=2.22, aP=100.00, aGinf=90.75, aGt=65.75
2025-12-17 13:34:12,752: MaxHebb=0.35445, T=1.00, F=1.00, L=1.00, train_i=53700, total_steps=1342500
2025-12-17 13:34:12,752: it=53700, lxP=0.01, lxG=0.73, lxGt=24.12, lp=0.01, lg=2.20, aP=100.00, aGinf=90.00, aGt=64.00
2025-12-17 13:34:40,297: MaxHebb=0.35391, T=1.00, F=1.00, L=1.00, train_i=53800, total_steps=1345000
2025-12-17 13:34:40,297: it=53800, lxP=0.01, lxG=0.11, lxGt=24.22, lp=0.02, lg=2.24, aP=100.00, aGinf=91.00, aGt=66.00
2025-12-17 13:35:07,861: MaxHebb=0.35440, T=1.00, F=1.00, L=1.00, train_i=53900, total_steps=1347500
2025-12-17 13:35:07,861: it=53900, lxP=0.03, lxG=1.56, lxGt=26.89, lp=0.01, lg=2.28, aP=100.00, aGinf=85.75, aGt=62.00
2025-12-17 13:35:35,419: MaxHebb=0.35391, T=1.00, F=1.00, L=1.00, train_i=54000, total_steps=1350000
2025-12-17 13:35:35,420: it=54000, lxP=0.03, lxG=2.71, lxGt=28.08, lp=0.02, lg=2.26, aP=100.00, aGinf=81.50, aGt=58.50
2025-12-17 13:35:36,945: save data time 0.11, train_i=54000.00, total_steps=1350000.00
2025-12-17 13:36:04,512: MaxHebb=0.35293, T=1.00, F=1.00, L=1.00, train_i=54100, total_steps=1352500
2025-12-17 13:36:04,512: it=54100, lxP=0.04, lxG=1.95, lxGt=24.35, lp=0.01, lg=2.22, aP=100.00, aGinf=91.75, aGt=69.25
2025-12-17 13:36:32,079: MaxHebb=0.35367, T=1.00, F=1.00, L=1.00, train_i=54200, total_steps=1355000
2025-12-17 13:36:32,079: it=54200, lxP=0.02, lxG=0.25, lxGt=23.01, lp=0.01, lg=2.22, aP=100.00, aGinf=90.25, aGt=62.00
2025-12-17 13:36:59,646: MaxHebb=0.35291, T=1.00, F=1.00, L=1.00, train_i=54300, total_steps=1357500
2025-12-17 13:36:59,646: it=54300, lxP=0.02, lxG=2.19, lxGt=25.37, lp=0.01, lg=2.21, aP=100.00, aGinf=91.75, aGt=66.75
2025-12-17 13:37:27,180: MaxHebb=0.35260, T=1.00, F=1.00, L=1.00, train_i=54400, total_steps=1360000
2025-12-17 13:37:27,180: it=54400, lxP=0.02, lxG=0.62, lxGt=26.56, lp=0.01, lg=2.23, aP=100.00, aGinf=87.75, aGt=59.25
2025-12-17 13:37:56,101: MaxHebb=0.35321, T=1.00, F=1.00, L=1.00, train_i=54500, total_steps=1362500
2025-12-17 13:37:56,101: it=54500, lxP=0.04, lxG=0.58, lxGt=26.18, lp=0.01, lg=2.26, aP=100.00, aGinf=87.50, aGt=61.75
2025-12-17 13:38:23,591: MaxHebb=0.35435, T=1.00, F=1.00, L=1.00, train_i=54600, total_steps=1365000
2025-12-17 13:38:23,591: it=54600, lxP=0.06, lxG=1.23, lxGt=22.68, lp=0.02, lg=2.29, aP=100.00, aGinf=87.75, aGt=63.50
2025-12-17 13:38:51,166: MaxHebb=0.34979, T=1.00, F=1.00, L=1.00, train_i=54700, total_steps=1367500
2025-12-17 13:38:51,166: it=54700, lxP=0.04, lxG=3.51, lxGt=27.47, lp=0.02, lg=2.32, aP=100.00, aGinf=84.25, aGt=59.75
2025-12-17 13:39:18,735: MaxHebb=0.35325, T=1.00, F=1.00, L=1.00, train_i=54800, total_steps=1370000
2025-12-17 13:39:18,735: it=54800, lxP=0.01, lxG=0.28, lxGt=24.19, lp=0.02, lg=2.27, aP=100.00, aGinf=91.00, aGt=68.75
2025-12-17 13:39:47,687: MaxHebb=0.35304, T=1.00, F=1.00, L=1.00, train_i=54900, total_steps=1372500
2025-12-17 13:39:47,687: it=54900, lxP=0.01, lxG=0.49, lxGt=22.31, lp=0.01, lg=2.31, aP=100.00, aGinf=92.25, aGt=64.75
2025-12-17 13:40:15,342: MaxHebb=0.35225, T=1.00, F=1.00, L=1.00, train_i=55000, total_steps=1375000
2025-12-17 13:40:15,342: it=55000, lxP=0.08, lxG=1.08, lxGt=25.61, lp=0.02, lg=2.26, aP=100.00, aGinf=87.75, aGt=67.00
2025-12-17 13:40:42,904: MaxHebb=0.35086, T=1.00, F=1.00, L=1.00, train_i=55100, total_steps=1377500
2025-12-17 13:40:42,904: it=55100, lxP=0.11, lxG=1.50, lxGt=25.03, lp=0.03, lg=2.21, aP=100.00, aGinf=93.75, aGt=67.25
2025-12-17 13:41:10,392: MaxHebb=0.35410, T=1.00, F=1.00, L=1.00, train_i=55200, total_steps=1380000
2025-12-17 13:41:10,392: it=55200, lxP=0.01, lxG=0.92, lxGt=21.33, lp=0.02, lg=2.28, aP=100.00, aGinf=88.75, aGt=65.00
2025-12-17 13:41:39,272: MaxHebb=0.35273, T=1.00, F=1.00, L=1.00, train_i=55300, total_steps=1382500
2025-12-17 13:41:39,272: it=55300, lxP=0.04, lxG=0.45, lxGt=27.04, lp=0.02, lg=2.30, aP=100.00, aGinf=89.50, aGt=66.00
2025-12-17 13:42:06,813: MaxHebb=0.35206, T=1.00, F=1.00, L=1.00, train_i=55400, total_steps=1385000
2025-12-17 13:42:06,814: it=55400, lxP=0.01, lxG=0.27, lxGt=23.05, lp=0.02, lg=2.23, aP=100.00, aGinf=89.00, aGt=64.25
2025-12-17 13:42:34,352: MaxHebb=0.35412, T=1.00, F=1.00, L=1.00, train_i=55500, total_steps=1387500
2025-12-17 13:42:34,353: it=55500, lxP=0.04, lxG=0.24, lxGt=22.58, lp=0.01, lg=2.22, aP=100.00, aGinf=89.50, aGt=66.00
2025-12-17 13:43:01,881: MaxHebb=0.35411, T=1.00, F=1.00, L=1.00, train_i=55600, total_steps=1390000
2025-12-17 13:43:01,881: it=55600, lxP=0.11, lxG=0.40, lxGt=22.75, lp=0.01, lg=2.26, aP=100.00, aGinf=87.75, aGt=63.00
2025-12-17 13:43:30,799: MaxHebb=0.35241, T=1.00, F=1.00, L=1.00, train_i=55700, total_steps=1392500
2025-12-17 13:43:30,799: it=55700, lxP=0.02, lxG=1.04, lxGt=23.59, lp=0.02, lg=2.28, aP=100.00, aGinf=92.00, aGt=65.75
2025-12-17 13:43:58,340: MaxHebb=0.35405, T=1.00, F=1.00, L=1.00, train_i=55800, total_steps=1395000
2025-12-17 13:43:58,340: it=55800, lxP=0.01, lxG=1.31, lxGt=22.58, lp=0.03, lg=2.28, aP=100.00, aGinf=86.75, aGt=61.75
2025-12-17 13:44:25,912: MaxHebb=0.35172, T=1.00, F=1.00, L=1.00, train_i=55900, total_steps=1397500
2025-12-17 13:44:25,912: it=55900, lxP=0.03, lxG=0.42, lxGt=20.82, lp=0.03, lg=2.31, aP=100.00, aGinf=83.50, aGt=61.25
2025-12-17 13:44:53,458: MaxHebb=0.35355, T=1.00, F=1.00, L=1.00, train_i=56000, total_steps=1400000
2025-12-17 13:44:53,458: it=56000, lxP=0.02, lxG=1.43, lxGt=22.29, lp=0.01, lg=2.23, aP=100.00, aGinf=92.00, aGt=66.50
2025-12-17 13:44:54,973: save data time 0.10, train_i=56000.00, total_steps=1400000.00
2025-12-17 13:45:22,540: MaxHebb=0.35377, T=1.00, F=1.00, L=1.00, train_i=56100, total_steps=1402500
2025-12-17 13:45:22,540: it=56100, lxP=0.01, lxG=0.52, lxGt=25.08, lp=0.01, lg=2.28, aP=100.00, aGinf=94.25, aGt=68.75
2025-12-17 13:45:50,060: MaxHebb=0.35318, T=1.00, F=1.00, L=1.00, train_i=56200, total_steps=1405000
2025-12-17 13:45:50,061: it=56200, lxP=0.07, lxG=0.66, lxGt=23.98, lp=0.02, lg=2.29, aP=100.00, aGinf=92.25, aGt=65.25
2025-12-17 13:46:17,628: MaxHebb=0.34826, T=1.00, F=1.00, L=1.00, train_i=56300, total_steps=1407500
2025-12-17 13:46:17,628: it=56300, lxP=0.01, lxG=0.80, lxGt=18.03, lp=0.04, lg=2.31, aP=100.00, aGinf=88.75, aGt=63.50
2025-12-17 13:46:45,170: MaxHebb=0.35409, T=1.00, F=1.00, L=1.00, train_i=56400, total_steps=1410000
2025-12-17 13:46:45,170: it=56400, lxP=0.02, lxG=0.43, lxGt=26.99, lp=0.01, lg=2.27, aP=100.00, aGinf=92.00, aGt=66.75
2025-12-17 13:47:14,163: MaxHebb=0.35375, T=1.00, F=1.00, L=1.00, train_i=56500, total_steps=1412500
2025-12-17 13:47:14,163: it=56500, lxP=0.02, lxG=0.19, lxGt=19.67, lp=0.02, lg=2.24, aP=100.00, aGinf=86.00, aGt=62.75
2025-12-17 13:47:41,697: MaxHebb=0.35274, T=1.00, F=1.00, L=1.00, train_i=56600, total_steps=1415000
2025-12-17 13:47:41,698: it=56600, lxP=0.12, lxG=0.26, lxGt=22.27, lp=0.02, lg=2.25, aP=100.00, aGinf=89.75, aGt=65.50
2025-12-17 13:48:09,218: MaxHebb=0.35276, T=1.00, F=1.00, L=1.00, train_i=56700, total_steps=1417500
2025-12-17 13:48:09,218: it=56700, lxP=0.01, lxG=0.15, lxGt=21.90, lp=0.01, lg=2.23, aP=100.00, aGinf=91.50, aGt=63.50
2025-12-17 13:48:36,758: MaxHebb=0.35399, T=1.00, F=1.00, L=1.00, train_i=56800, total_steps=1420000
2025-12-17 13:48:36,758: it=56800, lxP=0.02, lxG=1.28, lxGt=23.79, lp=0.02, lg=2.26, aP=100.00, aGinf=91.00, aGt=64.00
2025-12-17 13:49:05,680: MaxHebb=0.35181, T=1.00, F=1.00, L=1.00, train_i=56900, total_steps=1422500
2025-12-17 13:49:05,680: it=56900, lxP=0.01, lxG=0.63, lxGt=23.14, lp=0.01, lg=2.24, aP=100.00, aGinf=92.25, aGt=65.75
2025-12-17 13:49:33,155: MaxHebb=0.35354, T=1.00, F=1.00, L=1.00, train_i=57000, total_steps=1425000
2025-12-17 13:49:33,155: it=57000, lxP=0.04, lxG=0.88, lxGt=23.19, lp=0.02, lg=2.32, aP=100.00, aGinf=88.50, aGt=63.50
2025-12-17 13:50:00,688: MaxHebb=0.35164, T=1.00, F=1.00, L=1.00, train_i=57100, total_steps=1427500
2025-12-17 13:50:00,688: it=57100, lxP=0.04, lxG=0.34, lxGt=21.27, lp=0.03, lg=2.28, aP=100.00, aGinf=87.50, aGt=62.75
2025-12-17 13:50:28,259: MaxHebb=0.35249, T=1.00, F=1.00, L=1.00, train_i=57200, total_steps=1430000
2025-12-17 13:50:28,259: it=57200, lxP=0.01, lxG=2.12, lxGt=21.42, lp=0.02, lg=2.21, aP=100.00, aGinf=89.75, aGt=67.00
2025-12-17 13:50:57,235: MaxHebb=0.35176, T=1.00, F=1.00, L=1.00, train_i=57300, total_steps=1432500
2025-12-17 13:50:57,235: it=57300, lxP=0.04, lxG=0.78, lxGt=23.15, lp=0.01, lg=2.23, aP=100.00, aGinf=84.25, aGt=63.00
2025-12-17 13:51:24,675: MaxHebb=0.35143, T=1.00, F=1.00, L=1.00, train_i=57400, total_steps=1435000
2025-12-17 13:51:24,675: it=57400, lxP=0.11, lxG=1.70, lxGt=26.29, lp=0.02, lg=2.28, aP=100.00, aGinf=90.50, aGt=64.50
2025-12-17 13:51:52,229: MaxHebb=0.35354, T=1.00, F=1.00, L=1.00, train_i=57500, total_steps=1437500
2025-12-17 13:51:52,229: it=57500, lxP=0.04, lxG=0.79, lxGt=22.05, lp=0.01, lg=2.25, aP=100.00, aGinf=82.75, aGt=56.50
2025-12-17 13:52:19,727: MaxHebb=0.34929, T=1.00, F=1.00, L=1.00, train_i=57600, total_steps=1440000
2025-12-17 13:52:19,727: it=57600, lxP=0.06, lxG=0.69, lxGt=25.56, lp=0.03, lg=2.29, aP=100.00, aGinf=83.00, aGt=63.50
2025-12-17 13:52:48,666: MaxHebb=0.35023, T=1.00, F=1.00, L=1.00, train_i=57700, total_steps=1442500
2025-12-17 13:52:48,666: it=57700, lxP=0.01, lxG=0.62, lxGt=24.40, lp=0.01, lg=2.24, aP=100.00, aGinf=88.25, aGt=61.50
2025-12-17 13:53:16,200: MaxHebb=0.35085, T=1.00, F=1.00, L=1.00, train_i=57800, total_steps=1445000
2025-12-17 13:53:16,200: it=57800, lxP=0.01, lxG=1.19, lxGt=23.02, lp=0.01, lg=2.28, aP=100.00, aGinf=93.50, aGt=66.50
2025-12-17 13:53:43,707: MaxHebb=0.34983, T=1.00, F=1.00, L=1.00, train_i=57900, total_steps=1447500
2025-12-17 13:53:43,707: it=57900, lxP=0.02, lxG=2.09, lxGt=22.88, lp=0.01, lg=2.28, aP=100.00, aGinf=89.75, aGt=62.75
2025-12-17 13:54:11,267: MaxHebb=0.35131, T=1.00, F=1.00, L=1.00, train_i=58000, total_steps=1450000
2025-12-17 13:54:11,267: it=58000, lxP=0.03, lxG=0.60, lxGt=25.86, lp=0.04, lg=2.31, aP=100.00, aGinf=86.00, aGt=63.50
2025-12-17 13:54:12,781: save data time 0.10, train_i=58000.00, total_steps=1450000.00
2025-12-17 13:54:40,339: MaxHebb=0.35269, T=1.00, F=1.00, L=1.00, train_i=58100, total_steps=1452500
2025-12-17 13:54:40,339: it=58100, lxP=0.05, lxG=1.81, lxGt=27.11, lp=0.01, lg=2.21, aP=100.00, aGinf=89.50, aGt=62.50
2025-12-17 13:55:07,973: MaxHebb=0.35130, T=1.00, F=1.00, L=1.00, train_i=58200, total_steps=1455000
2025-12-17 13:55:07,973: it=58200, lxP=0.01, lxG=0.76, lxGt=24.51, lp=0.03, lg=2.26, aP=100.00, aGinf=84.00, aGt=62.75
2025-12-17 13:55:35,566: MaxHebb=0.35115, T=1.00, F=1.00, L=1.00, train_i=58300, total_steps=1457500
2025-12-17 13:55:35,566: it=58300, lxP=0.05, lxG=0.29, lxGt=23.09, lp=0.01, lg=2.21, aP=100.00, aGinf=89.00, aGt=64.00
2025-12-17 13:56:03,104: MaxHebb=0.35348, T=1.00, F=1.00, L=1.00, train_i=58400, total_steps=1460000
2025-12-17 13:56:03,104: it=58400, lxP=0.01, lxG=0.92, lxGt=21.05, lp=0.05, lg=2.25, aP=100.00, aGinf=86.50, aGt=63.00
2025-12-17 13:56:32,100: MaxHebb=0.35050, T=1.00, F=1.00, L=1.00, train_i=58500, total_steps=1462500
2025-12-17 13:56:32,100: it=58500, lxP=0.05, lxG=0.32, lxGt=24.69, lp=0.01, lg=2.22, aP=100.00, aGinf=94.25, aGt=67.25
2025-12-17 13:56:59,690: MaxHebb=0.35021, T=1.00, F=1.00, L=1.00, train_i=58600, total_steps=1465000
2025-12-17 13:56:59,690: it=58600, lxP=0.01, lxG=0.79, lxGt=23.57, lp=0.01, lg=2.28, aP=100.00, aGinf=94.75, aGt=70.00
2025-12-17 13:57:27,319: MaxHebb=0.35249, T=1.00, F=1.00, L=1.00, train_i=58700, total_steps=1467500
2025-12-17 13:57:27,319: it=58700, lxP=0.02, lxG=0.19, lxGt=25.47, lp=0.02, lg=2.27, aP=100.00, aGinf=91.00, aGt=67.00
2025-12-17 13:57:54,918: MaxHebb=0.35145, T=1.00, F=1.00, L=1.00, train_i=58800, total_steps=1470000
2025-12-17 13:57:54,918: it=58800, lxP=0.01, lxG=0.22, lxGt=25.27, lp=0.02, lg=2.28, aP=100.00, aGinf=91.75, aGt=63.75
2025-12-17 13:58:23,857: MaxHebb=0.35124, T=1.00, F=1.00, L=1.00, train_i=58900, total_steps=1472500
2025-12-17 13:58:23,857: it=58900, lxP=0.12, lxG=0.85, lxGt=22.27, lp=0.03, lg=2.23, aP=100.00, aGinf=86.00, aGt=62.00
2025-12-17 13:58:51,388: MaxHebb=0.32999, T=1.00, F=1.00, L=1.00, train_i=59000, total_steps=1475000
2025-12-17 13:58:51,389: it=59000, lxP=0.06, lxG=1.24, lxGt=26.08, lp=0.02, lg=2.33, aP=100.00, aGinf=88.50, aGt=62.50
2025-12-17 13:59:18,986: MaxHebb=0.35032, T=1.00, F=1.00, L=1.00, train_i=59100, total_steps=1477500
2025-12-17 13:59:18,986: it=59100, lxP=0.00, lxG=0.17, lxGt=20.62, lp=0.03, lg=2.33, aP=100.00, aGinf=88.50, aGt=61.75
2025-12-17 13:59:46,589: MaxHebb=0.35116, T=1.00, F=1.00, L=1.00, train_i=59200, total_steps=1480000
2025-12-17 13:59:46,589: it=59200, lxP=0.00, lxG=1.27, lxGt=25.42, lp=0.02, lg=2.33, aP=100.00, aGinf=88.75, aGt=62.00
2025-12-17 14:00:15,600: MaxHebb=0.34750, T=1.00, F=1.00, L=1.00, train_i=59300, total_steps=1482500
2025-12-17 14:00:15,600: it=59300, lxP=0.01, lxG=1.00, lxGt=19.61, lp=0.02, lg=2.30, aP=100.00, aGinf=85.25, aGt=60.00
2025-12-17 14:00:43,162: MaxHebb=0.35190, T=1.00, F=1.00, L=1.00, train_i=59400, total_steps=1485000
2025-12-17 14:00:43,162: it=59400, lxP=0.05, lxG=0.85, lxGt=21.97, lp=0.03, lg=2.25, aP=100.00, aGinf=89.25, aGt=66.75
2025-12-17 14:01:10,705: MaxHebb=0.35204, T=1.00, F=1.00, L=1.00, train_i=59500, total_steps=1487500
2025-12-17 14:01:10,705: it=59500, lxP=0.01, lxG=1.29, lxGt=23.61, lp=0.02, lg=2.26, aP=100.00, aGinf=90.75, aGt=66.00
2025-12-17 14:01:38,194: MaxHebb=0.35252, T=1.00, F=1.00, L=1.00, train_i=59600, total_steps=1490000
2025-12-17 14:01:38,194: it=59600, lxP=0.01, lxG=0.67, lxGt=21.76, lp=0.03, lg=2.30, aP=100.00, aGinf=91.50, aGt=67.00
2025-12-17 14:02:07,376: MaxHebb=0.34974, T=1.00, F=1.00, L=1.00, train_i=59700, total_steps=1492500
2025-12-17 14:02:07,376: it=59700, lxP=0.02, lxG=0.81, lxGt=25.06, lp=0.01, lg=2.28, aP=100.00, aGinf=90.50, aGt=64.25
2025-12-17 14:02:35,000: MaxHebb=0.35295, T=1.00, F=1.00, L=1.00, train_i=59800, total_steps=1495000
2025-12-17 14:02:35,000: it=59800, lxP=0.03, lxG=0.68, lxGt=22.46, lp=0.02, lg=2.23, aP=100.00, aGinf=87.25, aGt=61.50
2025-12-17 14:03:02,522: MaxHebb=0.35085, T=1.00, F=1.00, L=1.00, train_i=59900, total_steps=1497500
2025-12-17 14:03:02,522: it=59900, lxP=0.02, lxG=2.54, lxGt=22.99, lp=0.02, lg=2.33, aP=100.00, aGinf=83.50, aGt=63.50
2025-12-17 14:03:29,981: MaxHebb=0.35039, T=1.00, F=1.00, L=1.00, train_i=60000, total_steps=1500000
2025-12-17 14:03:29,981: it=60000, lxP=0.06, lxG=0.24, lxGt=27.29, lp=0.02, lg=2.25, aP=100.00, aGinf=86.25, aGt=60.50
2025-12-17 14:03:31,493: save data time 0.11, train_i=60000.00, total_steps=1500000.00
2025-12-17 14:03:59,020: MaxHebb=0.35221, T=1.00, F=1.00, L=1.00, train_i=60100, total_steps=1502500
2025-12-17 14:03:59,020: it=60100, lxP=0.05, lxG=0.28, lxGt=25.44, lp=0.02, lg=2.24, aP=100.00, aGinf=89.00, aGt=64.25
2025-12-17 14:04:26,592: MaxHebb=0.35114, T=1.00, F=1.00, L=1.00, train_i=60200, total_steps=1505000
2025-12-17 14:04:26,592: it=60200, lxP=0.00, lxG=0.10, lxGt=28.28, lp=0.02, lg=2.29, aP=100.00, aGinf=91.00, aGt=66.25
2025-12-17 14:04:54,142: MaxHebb=0.35102, T=1.00, F=1.00, L=1.00, train_i=60300, total_steps=1507500
2025-12-17 14:04:54,143: it=60300, lxP=0.01, lxG=2.08, lxGt=23.74, lp=0.01, lg=2.24, aP=100.00, aGinf=92.75, aGt=64.75
2025-12-17 14:05:21,787: MaxHebb=0.35193, T=1.00, F=1.00, L=1.00, train_i=60400, total_steps=1510000
2025-12-17 14:05:21,787: it=60400, lxP=0.02, lxG=0.48, lxGt=26.33, lp=0.02, lg=2.25, aP=100.00, aGinf=87.00, aGt=61.75
2025-12-17 14:05:50,718: MaxHebb=0.35169, T=1.00, F=1.00, L=1.00, train_i=60500, total_steps=1512500
2025-12-17 14:05:50,718: it=60500, lxP=0.03, lxG=0.73, lxGt=23.68, lp=0.04, lg=2.28, aP=100.00, aGinf=87.25, aGt=59.75
2025-12-17 14:06:18,231: MaxHebb=0.35099, T=1.00, F=1.00, L=1.00, train_i=60600, total_steps=1515000
2025-12-17 14:06:18,231: it=60600, lxP=0.02, lxG=0.47, lxGt=20.07, lp=0.05, lg=2.29, aP=100.00, aGinf=83.00, aGt=63.00
2025-12-17 14:06:45,722: MaxHebb=0.35013, T=1.00, F=1.00, L=1.00, train_i=60700, total_steps=1517500
2025-12-17 14:06:45,722: it=60700, lxP=0.00, lxG=1.26, lxGt=21.55, lp=0.01, lg=2.21, aP=100.00, aGinf=90.50, aGt=66.25
2025-12-17 14:07:13,269: MaxHebb=0.35265, T=1.00, F=1.00, L=1.00, train_i=60800, total_steps=1520000
2025-12-17 14:07:13,269: it=60800, lxP=0.01, lxG=0.41, lxGt=19.52, lp=0.05, lg=2.30, aP=100.00, aGinf=85.00, aGt=63.75
2025-12-17 14:07:42,263: MaxHebb=0.35143, T=1.00, F=1.00, L=1.00, train_i=60900, total_steps=1522500
2025-12-17 14:07:42,263: it=60900, lxP=0.02, lxG=0.66, lxGt=22.14, lp=0.01, lg=2.21, aP=100.00, aGinf=90.75, aGt=67.25
2025-12-17 14:08:09,762: MaxHebb=0.35131, T=1.00, F=1.00, L=1.00, train_i=61000, total_steps=1525000
2025-12-17 14:08:09,763: it=61000, lxP=0.10, lxG=1.27, lxGt=24.76, lp=0.03, lg=2.26, aP=100.00, aGinf=78.25, aGt=59.25
2025-12-17 14:08:37,301: MaxHebb=0.35272, T=1.00, F=1.00, L=1.00, train_i=61100, total_steps=1527500
2025-12-17 14:08:37,302: it=61100, lxP=0.04, lxG=0.80, lxGt=22.92, lp=0.01, lg=2.23, aP=100.00, aGinf=91.25, aGt=64.00
2025-12-17 14:09:04,841: MaxHebb=0.35087, T=1.00, F=1.00, L=1.00, train_i=61200, total_steps=1530000
2025-12-17 14:09:04,841: it=61200, lxP=0.04, lxG=0.55, lxGt=25.37, lp=0.01, lg=2.24, aP=100.00, aGinf=89.00, aGt=64.25
2025-12-17 14:09:33,847: MaxHebb=0.35259, T=1.00, F=1.00, L=1.00, train_i=61300, total_steps=1532500
2025-12-17 14:09:33,847: it=61300, lxP=0.01, lxG=0.26, lxGt=21.59, lp=0.03, lg=2.35, aP=100.00, aGinf=87.50, aGt=64.50
2025-12-17 14:10:01,450: MaxHebb=0.35058, T=1.00, F=1.00, L=1.00, train_i=61400, total_steps=1535000
2025-12-17 14:10:01,450: it=61400, lxP=0.08, lxG=1.35, lxGt=21.34, lp=0.01, lg=2.24, aP=100.00, aGinf=91.25, aGt=67.50
2025-12-17 14:10:29,032: MaxHebb=0.34861, T=1.00, F=1.00, L=1.00, train_i=61500, total_steps=1537500
2025-12-17 14:10:29,032: it=61500, lxP=0.01, lxG=0.69, lxGt=23.98, lp=0.01, lg=2.29, aP=100.00, aGinf=91.00, aGt=68.00
2025-12-17 14:10:56,675: MaxHebb=0.35244, T=1.00, F=1.00, L=1.00, train_i=61600, total_steps=1540000
2025-12-17 14:10:56,675: it=61600, lxP=0.02, lxG=0.30, lxGt=18.89, lp=0.04, lg=2.30, aP=100.00, aGinf=82.75, aGt=61.25
2025-12-17 14:11:25,670: MaxHebb=0.35090, T=1.00, F=1.00, L=1.00, train_i=61700, total_steps=1542500
2025-12-17 14:11:25,670: it=61700, lxP=0.09, lxG=1.20, lxGt=23.59, lp=0.01, lg=2.19, aP=100.00, aGinf=89.50, aGt=64.25
2025-12-17 14:11:53,219: MaxHebb=0.35223, T=1.00, F=1.00, L=1.00, train_i=61800, total_steps=1545000
2025-12-17 14:11:53,219: it=61800, lxP=0.17, lxG=1.14, lxGt=20.91, lp=0.03, lg=2.28, aP=100.00, aGinf=85.25, aGt=60.25
2025-12-17 14:12:20,716: MaxHebb=0.35200, T=1.00, F=1.00, L=1.00, train_i=61900, total_steps=1547500
2025-12-17 14:12:20,716: it=61900, lxP=0.05, lxG=1.08, lxGt=20.74, lp=0.03, lg=2.27, aP=100.00, aGinf=85.00, aGt=61.25
2025-12-17 14:12:48,218: MaxHebb=0.34981, T=1.00, F=1.00, L=1.00, train_i=62000, total_steps=1550000
2025-12-17 14:12:48,218: it=62000, lxP=0.00, lxG=1.80, lxGt=30.36, lp=0.01, lg=2.22, aP=100.00, aGinf=94.75, aGt=65.00
2025-12-17 14:12:49,750: save data time 0.12, train_i=62000.00, total_steps=1550000.00
2025-12-17 14:13:17,297: MaxHebb=0.35046, T=1.00, F=1.00, L=1.00, train_i=62100, total_steps=1552500
2025-12-17 14:13:17,297: it=62100, lxP=0.01, lxG=1.28, lxGt=25.03, lp=0.01, lg=2.23, aP=100.00, aGinf=89.00, aGt=61.50
2025-12-17 14:13:44,915: MaxHebb=0.34616, T=1.00, F=1.00, L=1.00, train_i=62200, total_steps=1555000
2025-12-17 14:13:44,915: it=62200, lxP=0.03, lxG=1.55, lxGt=24.22, lp=0.03, lg=2.26, aP=100.00, aGinf=86.50, aGt=64.00
2025-12-17 14:14:12,500: MaxHebb=0.34828, T=1.00, F=1.00, L=1.00, train_i=62300, total_steps=1557500
2025-12-17 14:14:12,500: it=62300, lxP=0.03, lxG=0.32, lxGt=20.65, lp=0.05, lg=2.30, aP=100.00, aGinf=84.50, aGt=61.00
2025-12-17 14:14:40,071: MaxHebb=0.34863, T=1.00, F=1.00, L=1.00, train_i=62400, total_steps=1560000
2025-12-17 14:14:40,071: it=62400, lxP=0.03, lxG=0.98, lxGt=19.45, lp=0.04, lg=2.29, aP=100.00, aGinf=85.75, aGt=60.50
2025-12-17 14:15:09,015: MaxHebb=0.34465, T=1.00, F=1.00, L=1.00, train_i=62500, total_steps=1562500
2025-12-17 14:15:09,015: it=62500, lxP=0.01, lxG=1.11, lxGt=25.57, lp=0.01, lg=2.26, aP=100.00, aGinf=87.00, aGt=61.75
2025-12-17 14:15:36,572: MaxHebb=0.34646, T=1.00, F=1.00, L=1.00, train_i=62600, total_steps=1565000
2025-12-17 14:15:36,572: it=62600, lxP=0.05, lxG=0.40, lxGt=25.98, lp=0.03, lg=2.20, aP=100.00, aGinf=88.50, aGt=59.25
2025-12-17 14:16:04,218: MaxHebb=0.34153, T=1.00, F=1.00, L=1.00, train_i=62700, total_steps=1567500
2025-12-17 14:16:04,218: it=62700, lxP=0.02, lxG=0.45, lxGt=20.90, lp=0.02, lg=2.16, aP=100.00, aGinf=95.00, aGt=67.50
2025-12-17 14:16:31,723: MaxHebb=0.34424, T=1.00, F=1.00, L=1.00, train_i=62800, total_steps=1570000
2025-12-17 14:16:31,723: it=62800, lxP=0.02, lxG=0.74, lxGt=20.82, lp=0.03, lg=2.29, aP=100.00, aGinf=89.00, aGt=63.00
2025-12-17 14:17:00,672: MaxHebb=0.34215, T=1.00, F=1.00, L=1.00, train_i=62900, total_steps=1572500
2025-12-17 14:17:00,672: it=62900, lxP=0.02, lxG=0.25, lxGt=19.28, lp=0.02, lg=2.22, aP=100.00, aGinf=89.75, aGt=65.75
2025-12-17 14:17:28,202: MaxHebb=0.34487, T=1.00, F=1.00, L=1.00, train_i=63000, total_steps=1575000
2025-12-17 14:17:28,202: it=63000, lxP=0.01, lxG=0.68, lxGt=19.21, lp=0.04, lg=2.30, aP=100.00, aGinf=84.50, aGt=64.25
2025-12-17 14:17:55,649: MaxHebb=0.34485, T=1.00, F=1.00, L=1.00, train_i=63100, total_steps=1577500
2025-12-17 14:17:55,649: it=63100, lxP=0.01, lxG=0.85, lxGt=22.20, lp=0.02, lg=2.24, aP=100.00, aGinf=89.75, aGt=66.50
2025-12-17 14:18:23,145: MaxHebb=0.34535, T=1.00, F=1.00, L=1.00, train_i=63200, total_steps=1580000
2025-12-17 14:18:23,145: it=63200, lxP=0.05, lxG=0.97, lxGt=21.83, lp=0.02, lg=2.26, aP=100.00, aGinf=90.25, aGt=69.75
2025-12-17 14:18:52,100: MaxHebb=0.34445, T=1.00, F=1.00, L=1.00, train_i=63300, total_steps=1582500
2025-12-17 14:18:52,101: it=63300, lxP=0.02, lxG=2.12, lxGt=24.68, lp=0.02, lg=2.18, aP=100.00, aGinf=90.25, aGt=66.25
2025-12-17 14:19:19,642: MaxHebb=0.34327, T=1.00, F=1.00, L=1.00, train_i=63400, total_steps=1585000
2025-12-17 14:19:19,642: it=63400, lxP=0.01, lxG=0.74, lxGt=25.26, lp=0.02, lg=2.29, aP=100.00, aGinf=88.75, aGt=61.25
2025-12-17 14:19:47,162: MaxHebb=0.34380, T=1.00, F=1.00, L=1.00, train_i=63500, total_steps=1587500
2025-12-17 14:19:47,162: it=63500, lxP=0.03, lxG=1.33, lxGt=24.94, lp=0.01, lg=2.23, aP=100.00, aGinf=85.00, aGt=63.25
2025-12-17 14:20:14,663: MaxHebb=0.34219, T=1.00, F=1.00, L=1.00, train_i=63600, total_steps=1590000
2025-12-17 14:20:14,663: it=63600, lxP=0.02, lxG=0.74, lxGt=22.80, lp=0.01, lg=2.21, aP=100.00, aGinf=94.50, aGt=65.75
2025-12-17 14:20:43,657: MaxHebb=0.33906, T=1.00, F=1.00, L=1.00, train_i=63700, total_steps=1592500
2025-12-17 14:20:43,657: it=63700, lxP=0.04, lxG=0.97, lxGt=25.09, lp=0.02, lg=2.25, aP=100.00, aGinf=88.00, aGt=64.75
2025-12-17 14:21:11,246: MaxHebb=0.34295, T=1.00, F=1.00, L=1.00, train_i=63800, total_steps=1595000
2025-12-17 14:21:11,246: it=63800, lxP=0.08, lxG=0.32, lxGt=23.37, lp=0.02, lg=2.18, aP=100.00, aGinf=93.50, aGt=69.50
2025-12-17 14:21:38,879: MaxHebb=0.33931, T=1.00, F=1.00, L=1.00, train_i=63900, total_steps=1597500
2025-12-17 14:21:38,879: it=63900, lxP=0.01, lxG=0.21, lxGt=25.55, lp=0.02, lg=2.25, aP=100.00, aGinf=93.50, aGt=66.25
2025-12-17 14:22:06,535: MaxHebb=0.34166, T=1.00, F=1.00, L=1.00, train_i=64000, total_steps=1600000
2025-12-17 14:22:06,535: it=64000, lxP=0.02, lxG=0.12, lxGt=25.64, lp=0.03, lg=2.26, aP=100.00, aGinf=90.75, aGt=64.75
2025-12-17 14:22:08,064: save data time 0.13, train_i=64000.00, total_steps=1600000.00
2025-12-17 14:22:35,686: MaxHebb=0.34003, T=1.00, F=1.00, L=1.00, train_i=64100, total_steps=1602500
2025-12-17 14:22:35,686: it=64100, lxP=0.02, lxG=10.57, lxGt=21.90, lp=0.04, lg=2.31, aP=100.00, aGinf=82.00, aGt=59.50
2025-12-17 14:23:03,264: MaxHebb=0.34268, T=1.00, F=1.00, L=1.00, train_i=64200, total_steps=1605000
2025-12-17 14:23:03,264: it=64200, lxP=0.01, lxG=0.27, lxGt=24.82, lp=0.01, lg=2.28, aP=100.00, aGinf=88.75, aGt=65.25
2025-12-17 14:23:30,769: MaxHebb=0.33949, T=1.00, F=1.00, L=1.00, train_i=64300, total_steps=1607500
2025-12-17 14:23:30,769: it=64300, lxP=0.06, lxG=0.61, lxGt=20.40, lp=0.02, lg=2.20, aP=100.00, aGinf=89.25, aGt=65.50
2025-12-17 14:23:58,300: MaxHebb=0.34246, T=1.00, F=1.00, L=1.00, train_i=64400, total_steps=1610000
2025-12-17 14:23:58,300: it=64400, lxP=0.02, lxG=0.82, lxGt=24.56, lp=0.01, lg=2.25, aP=100.00, aGinf=87.25, aGt=63.00
2025-12-17 14:24:27,277: MaxHebb=0.33997, T=1.00, F=1.00, L=1.00, train_i=64500, total_steps=1612500
2025-12-17 14:24:27,278: it=64500, lxP=0.01, lxG=0.18, lxGt=24.20, lp=0.02, lg=2.23, aP=100.00, aGinf=89.50, aGt=64.50
2025-12-17 14:24:54,811: MaxHebb=0.34028, T=1.00, F=1.00, L=1.00, train_i=64600, total_steps=1615000
2025-12-17 14:24:54,811: it=64600, lxP=0.06, lxG=0.86, lxGt=23.31, lp=0.01, lg=2.17, aP=100.00, aGinf=91.75, aGt=67.75
2025-12-17 14:25:22,424: MaxHebb=0.34087, T=1.00, F=1.00, L=1.00, train_i=64700, total_steps=1617500
2025-12-17 14:25:22,424: it=64700, lxP=0.02, lxG=0.54, lxGt=23.59, lp=0.02, lg=2.24, aP=100.00, aGinf=91.50, aGt=68.50
2025-12-17 14:25:49,966: MaxHebb=0.33996, T=1.00, F=1.00, L=1.00, train_i=64800, total_steps=1620000
2025-12-17 14:25:49,966: it=64800, lxP=0.02, lxG=5.49, lxGt=27.23, lp=0.02, lg=2.22, aP=100.00, aGinf=90.25, aGt=67.00
2025-12-17 14:26:18,935: MaxHebb=0.33894, T=1.00, F=1.00, L=1.00, train_i=64900, total_steps=1622500
2025-12-17 14:26:18,935: it=64900, lxP=0.08, lxG=1.25, lxGt=17.66, lp=0.02, lg=2.18, aP=100.00, aGinf=91.50, aGt=70.25
2025-12-17 14:26:46,527: MaxHebb=0.34052, T=1.00, F=1.00, L=1.00, train_i=65000, total_steps=1625000
2025-12-17 14:26:46,527: it=65000, lxP=0.00, lxG=0.13, lxGt=24.30, lp=0.01, lg=2.18, aP=100.00, aGinf=93.00, aGt=65.75
2025-12-17 14:27:14,093: MaxHebb=0.33779, T=1.00, F=1.00, L=1.00, train_i=65100, total_steps=1627500
2025-12-17 14:27:14,093: it=65100, lxP=0.01, lxG=0.39, lxGt=23.98, lp=0.03, lg=2.24, aP=100.00, aGinf=89.00, aGt=63.50
2025-12-17 14:27:41,647: MaxHebb=0.33802, T=1.00, F=1.00, L=1.00, train_i=65200, total_steps=1630000
2025-12-17 14:27:41,647: it=65200, lxP=0.02, lxG=4.03, lxGt=26.02, lp=0.01, lg=2.21, aP=100.00, aGinf=88.50, aGt=62.75
2025-12-17 14:28:10,627: MaxHebb=0.34004, T=1.00, F=1.00, L=1.00, train_i=65300, total_steps=1632500
2025-12-17 14:28:10,627: it=65300, lxP=0.01, lxG=0.47, lxGt=21.67, lp=0.03, lg=2.23, aP=100.00, aGinf=89.50, aGt=64.25
2025-12-17 14:28:38,235: MaxHebb=0.33929, T=1.00, F=1.00, L=1.00, train_i=65400, total_steps=1635000
2025-12-17 14:28:38,235: it=65400, lxP=0.16, lxG=0.36, lxGt=23.41, lp=0.01, lg=2.21, aP=100.00, aGinf=89.00, aGt=63.75
2025-12-17 14:29:05,832: MaxHebb=0.33828, T=1.00, F=1.00, L=1.00, train_i=65500, total_steps=1637500
2025-12-17 14:29:05,833: it=65500, lxP=0.01, lxG=0.86, lxGt=24.57, lp=0.01, lg=2.18, aP=100.00, aGinf=91.75, aGt=66.25
2025-12-17 14:29:33,389: MaxHebb=0.33746, T=1.00, F=1.00, L=1.00, train_i=65600, total_steps=1640000
2025-12-17 14:29:33,389: it=65600, lxP=0.01, lxG=1.48, lxGt=23.42, lp=0.01, lg=2.18, aP=100.00, aGinf=88.50, aGt=62.00
2025-12-17 14:30:02,397: MaxHebb=0.34112, T=1.00, F=1.00, L=1.00, train_i=65700, total_steps=1642500
2025-12-17 14:30:02,397: it=65700, lxP=0.07, lxG=1.04, lxGt=22.17, lp=0.01, lg=2.20, aP=100.00, aGinf=89.00, aGt=65.50
2025-12-17 14:30:29,982: MaxHebb=0.33790, T=1.00, F=1.00, L=1.00, train_i=65800, total_steps=1645000
2025-12-17 14:30:29,982: it=65800, lxP=0.07, lxG=2.39, lxGt=24.46, lp=0.01, lg=2.19, aP=100.00, aGinf=87.75, aGt=64.00
2025-12-17 14:30:57,439: MaxHebb=0.34086, T=1.00, F=1.00, L=1.00, train_i=65900, total_steps=1647500
2025-12-17 14:30:57,439: it=65900, lxP=0.18, lxG=0.94, lxGt=23.97, lp=0.02, lg=2.21, aP=100.00, aGinf=87.50, aGt=66.25
2025-12-17 14:31:24,844: MaxHebb=0.33974, T=1.00, F=1.00, L=1.00, train_i=66000, total_steps=1650000
2025-12-17 14:31:24,844: it=66000, lxP=0.01, lxG=2.49, lxGt=26.74, lp=0.03, lg=2.21, aP=100.00, aGinf=86.75, aGt=61.75
2025-12-17 14:31:26,385: save data time 0.10, train_i=66000.00, total_steps=1650000.00
2025-12-17 14:31:53,776: MaxHebb=0.33729, T=1.00, F=1.00, L=1.00, train_i=66100, total_steps=1652500
2025-12-17 14:31:53,776: it=66100, lxP=0.08, lxG=0.56, lxGt=23.41, lp=0.02, lg=2.25, aP=100.00, aGinf=94.00, aGt=69.25
2025-12-17 14:32:21,265: MaxHebb=0.33430, T=1.00, F=1.00, L=1.00, train_i=66200, total_steps=1655000
2025-12-17 14:32:21,265: it=66200, lxP=0.01, lxG=0.61, lxGt=22.37, lp=0.02, lg=2.22, aP=100.00, aGinf=90.00, aGt=62.00
2025-12-17 14:32:48,635: MaxHebb=0.33686, T=1.00, F=1.00, L=1.00, train_i=66300, total_steps=1657500
2025-12-17 14:32:48,635: it=66300, lxP=0.03, lxG=0.19, lxGt=28.32, lp=0.01, lg=2.22, aP=100.00, aGinf=95.00, aGt=67.75
2025-12-17 14:33:16,127: MaxHebb=0.33521, T=1.00, F=1.00, L=1.00, train_i=66400, total_steps=1660000
2025-12-17 14:33:16,127: it=66400, lxP=0.01, lxG=0.60, lxGt=23.59, lp=0.02, lg=2.22, aP=100.00, aGinf=91.75, aGt=67.75
2025-12-17 14:33:44,938: MaxHebb=0.33769, T=1.00, F=1.00, L=1.00, train_i=66500, total_steps=1662500
2025-12-17 14:33:44,938: it=66500, lxP=0.03, lxG=0.46, lxGt=21.85, lp=0.01, lg=2.20, aP=100.00, aGinf=95.25, aGt=69.75
2025-12-17 14:34:12,343: MaxHebb=0.33798, T=1.00, F=1.00, L=1.00, train_i=66600, total_steps=1665000
2025-12-17 14:34:12,343: it=66600, lxP=0.01, lxG=0.26, lxGt=21.23, lp=0.01, lg=2.12, aP=100.00, aGinf=91.50, aGt=64.75
2025-12-17 14:34:39,844: MaxHebb=0.34080, T=1.00, F=1.00, L=1.00, train_i=66700, total_steps=1667500
2025-12-17 14:34:39,844: it=66700, lxP=0.02, lxG=0.99, lxGt=20.23, lp=0.05, lg=2.22, aP=100.00, aGinf=85.50, aGt=58.25
2025-12-17 14:35:07,272: MaxHebb=0.33611, T=1.00, F=1.00, L=1.00, train_i=66800, total_steps=1670000
2025-12-17 14:35:07,272: it=66800, lxP=0.01, lxG=0.54, lxGt=21.82, lp=0.03, lg=2.26, aP=100.00, aGinf=86.50, aGt=62.50
2025-12-17 14:35:36,173: MaxHebb=0.33667, T=1.00, F=1.00, L=1.00, train_i=66900, total_steps=1672500
2025-12-17 14:35:36,173: it=66900, lxP=0.03, lxG=0.59, lxGt=26.18, lp=0.02, lg=2.23, aP=100.00, aGinf=93.25, aGt=69.75
2025-12-17 14:36:03,638: MaxHebb=0.33713, T=1.00, F=1.00, L=1.00, train_i=67000, total_steps=1675000
2025-12-17 14:36:03,638: it=67000, lxP=0.02, lxG=0.26, lxGt=19.40, lp=0.03, lg=2.20, aP=100.00, aGinf=93.75, aGt=69.25
2025-12-17 14:36:31,088: MaxHebb=0.33664, T=1.00, F=1.00, L=1.00, train_i=67100, total_steps=1677500
2025-12-17 14:36:31,088: it=67100, lxP=0.02, lxG=0.72, lxGt=22.71, lp=0.04, lg=2.28, aP=100.00, aGinf=85.25, aGt=60.50
2025-12-17 14:36:58,393: MaxHebb=0.33483, T=1.00, F=1.00, L=1.00, train_i=67200, total_steps=1680000
2025-12-17 14:36:58,393: it=67200, lxP=0.05, lxG=0.92, lxGt=27.48, lp=0.02, lg=2.23, aP=100.00, aGinf=92.00, aGt=62.50
2025-12-17 14:37:27,269: MaxHebb=0.33651, T=1.00, F=1.00, L=1.00, train_i=67300, total_steps=1682500
2025-12-17 14:37:27,269: it=67300, lxP=0.37, lxG=0.79, lxGt=29.18, lp=0.02, lg=2.18, aP=100.00, aGinf=86.00, aGt=61.25
2025-12-17 14:37:54,681: MaxHebb=0.33640, T=1.00, F=1.00, L=1.00, train_i=67400, total_steps=1685000
2025-12-17 14:37:54,681: it=67400, lxP=0.01, lxG=0.92, lxGt=21.28, lp=0.01, lg=2.18, aP=100.00, aGinf=92.50, aGt=66.75
2025-12-17 14:38:22,102: MaxHebb=0.33521, T=1.00, F=1.00, L=1.00, train_i=67500, total_steps=1687500
2025-12-17 14:38:22,102: it=67500, lxP=0.01, lxG=0.16, lxGt=20.35, lp=0.01, lg=2.15, aP=100.00, aGinf=86.75, aGt=61.75
2025-12-17 14:38:49,502: MaxHebb=0.33626, T=1.00, F=1.00, L=1.00, train_i=67600, total_steps=1690000
2025-12-17 14:38:49,502: it=67600, lxP=0.02, lxG=0.94, lxGt=22.64, lp=0.02, lg=2.20, aP=100.00, aGinf=91.50, aGt=66.00
2025-12-17 14:39:18,342: MaxHebb=0.33543, T=1.00, F=1.00, L=1.00, train_i=67700, total_steps=1692500
2025-12-17 14:39:18,342: it=67700, lxP=0.03, lxG=1.06, lxGt=24.74, lp=0.03, lg=2.25, aP=100.00, aGinf=88.25, aGt=62.75
2025-12-17 14:39:45,747: MaxHebb=0.33673, T=1.00, F=1.00, L=1.00, train_i=67800, total_steps=1695000
2025-12-17 14:39:45,747: it=67800, lxP=0.01, lxG=0.54, lxGt=22.42, lp=0.01, lg=2.20, aP=100.00, aGinf=88.00, aGt=63.25
2025-12-17 14:40:13,082: MaxHebb=0.33534, T=1.00, F=1.00, L=1.00, train_i=67900, total_steps=1697500
2025-12-17 14:40:13,082: it=67900, lxP=0.01, lxG=0.48, lxGt=25.63, lp=0.01, lg=2.20, aP=100.00, aGinf=87.25, aGt=60.50
2025-12-17 14:40:40,480: MaxHebb=0.33620, T=1.00, F=1.00, L=1.00, train_i=68000, total_steps=1700000
2025-12-17 14:40:40,480: it=68000, lxP=0.02, lxG=0.34, lxGt=22.04, lp=0.01, lg=2.16, aP=100.00, aGinf=92.25, aGt=68.75
2025-12-17 14:40:41,980: save data time 0.11, train_i=68000.00, total_steps=1700000.00
2025-12-17 14:41:09,415: MaxHebb=0.33656, T=1.00, F=1.00, L=1.00, train_i=68100, total_steps=1702500
2025-12-17 14:41:09,415: it=68100, lxP=0.02, lxG=2.17, lxGt=23.87, lp=0.01, lg=2.19, aP=100.00, aGinf=94.25, aGt=68.50
2025-12-17 14:41:36,948: MaxHebb=0.33354, T=1.00, F=1.00, L=1.00, train_i=68200, total_steps=1705000
2025-12-17 14:41:36,948: it=68200, lxP=0.03, lxG=0.77, lxGt=22.66, lp=0.03, lg=2.23, aP=100.00, aGinf=89.25, aGt=65.50
2025-12-17 14:42:04,477: MaxHebb=0.33822, T=1.00, F=1.00, L=1.00, train_i=68300, total_steps=1707500
2025-12-17 14:42:04,477: it=68300, lxP=0.01, lxG=0.29, lxGt=22.29, lp=0.02, lg=2.20, aP=100.00, aGinf=92.00, aGt=69.00
2025-12-17 14:42:31,936: MaxHebb=0.33543, T=1.00, F=1.00, L=1.00, train_i=68400, total_steps=1710000
2025-12-17 14:42:31,936: it=68400, lxP=0.04, lxG=0.11, lxGt=21.08, lp=0.03, lg=2.26, aP=100.00, aGinf=89.50, aGt=65.75
2025-12-17 14:43:00,783: MaxHebb=0.33231, T=1.00, F=1.00, L=1.00, train_i=68500, total_steps=1712500
2025-12-17 14:43:00,783: it=68500, lxP=0.01, lxG=0.10, lxGt=23.49, lp=0.03, lg=2.23, aP=100.00, aGinf=95.75, aGt=68.50
2025-12-17 14:43:28,187: MaxHebb=0.33687, T=1.00, F=1.00, L=1.00, train_i=68600, total_steps=1715000
2025-12-17 14:43:28,187: it=68600, lxP=0.06, lxG=1.37, lxGt=21.05, lp=0.04, lg=2.24, aP=100.00, aGinf=85.00, aGt=58.50
2025-12-17 14:43:55,684: MaxHebb=0.33357, T=1.00, F=1.00, L=1.00, train_i=68700, total_steps=1717500
2025-12-17 14:43:55,684: it=68700, lxP=0.02, lxG=6.17, lxGt=27.62, lp=0.04, lg=2.27, aP=100.00, aGinf=87.00, aGt=63.50
2025-12-17 14:44:23,071: MaxHebb=0.33233, T=1.00, F=1.00, L=1.00, train_i=68800, total_steps=1720000
2025-12-17 14:44:23,071: it=68800, lxP=0.01, lxG=1.21, lxGt=23.11, lp=0.01, lg=2.25, aP=100.00, aGinf=86.50, aGt=61.25
2025-12-17 14:44:51,931: MaxHebb=0.33307, T=1.00, F=1.00, L=1.00, train_i=68900, total_steps=1722500
2025-12-17 14:44:51,931: it=68900, lxP=0.06, lxG=0.76, lxGt=20.18, lp=0.03, lg=2.17, aP=100.00, aGinf=87.50, aGt=65.00
2025-12-17 14:45:19,346: MaxHebb=0.33237, T=1.00, F=1.00, L=1.00, train_i=69000, total_steps=1725000
2025-12-17 14:45:19,346: it=69000, lxP=0.00, lxG=0.12, lxGt=18.92, lp=0.05, lg=2.28, aP=100.00, aGinf=89.75, aGt=64.50
2025-12-17 14:45:46,807: MaxHebb=0.33243, T=1.00, F=1.00, L=1.00, train_i=69100, total_steps=1727500
2025-12-17 14:45:46,807: it=69100, lxP=0.02, lxG=2.03, lxGt=24.26, lp=0.03, lg=2.25, aP=100.00, aGinf=90.50, aGt=67.50
2025-12-17 14:46:14,209: MaxHebb=0.33280, T=1.00, F=1.00, L=1.00, train_i=69200, total_steps=1730000
2025-12-17 14:46:14,209: it=69200, lxP=0.05, lxG=1.05, lxGt=23.58, lp=0.02, lg=2.17, aP=100.00, aGinf=92.75, aGt=67.75
2025-12-17 14:46:43,116: MaxHebb=0.33252, T=1.00, F=1.00, L=1.00, train_i=69300, total_steps=1732500
2025-12-17 14:46:43,117: it=69300, lxP=0.01, lxG=0.26, lxGt=22.16, lp=0.01, lg=2.17, aP=100.00, aGinf=92.50, aGt=66.75
2025-12-17 14:47:10,582: MaxHebb=0.33516, T=1.00, F=1.00, L=1.00, train_i=69400, total_steps=1735000
2025-12-17 14:47:10,582: it=69400, lxP=0.04, lxG=0.71, lxGt=23.95, lp=0.02, lg=2.17, aP=100.00, aGinf=92.25, aGt=64.75
2025-12-17 14:47:38,061: MaxHebb=0.33166, T=1.00, F=1.00, L=1.00, train_i=69500, total_steps=1737500
2025-12-17 14:47:38,061: it=69500, lxP=0.01, lxG=1.22, lxGt=25.95, lp=0.02, lg=2.20, aP=100.00, aGinf=92.50, aGt=64.25
2025-12-17 14:48:05,463: MaxHebb=0.33502, T=1.00, F=1.00, L=1.00, train_i=69600, total_steps=1740000
2025-12-17 14:48:05,463: it=69600, lxP=0.03, lxG=0.68, lxGt=20.08, lp=0.03, lg=2.20, aP=100.00, aGinf=87.00, aGt=62.25
2025-12-17 14:48:34,334: MaxHebb=0.33067, T=1.00, F=1.00, L=1.00, train_i=69700, total_steps=1742500
2025-12-17 14:48:34,335: it=69700, lxP=0.00, lxG=1.35, lxGt=21.13, lp=0.02, lg=2.23, aP=100.00, aGinf=89.00, aGt=65.25
2025-12-17 14:49:01,693: MaxHebb=0.33579, T=1.00, F=1.00, L=1.00, train_i=69800, total_steps=1745000
2025-12-17 14:49:01,693: it=69800, lxP=0.00, lxG=4.45, lxGt=25.35, lp=0.03, lg=2.27, aP=100.00, aGinf=86.00, aGt=60.75
2025-12-17 14:49:29,067: MaxHebb=0.32934, T=1.00, F=1.00, L=1.00, train_i=69900, total_steps=1747500
2025-12-17 14:49:29,067: it=69900, lxP=0.00, lxG=2.21, lxGt=19.80, lp=0.01, lg=2.19, aP=100.00, aGinf=90.50, aGt=66.25
2025-12-17 14:49:56,514: MaxHebb=0.33146, T=1.00, F=1.00, L=1.00, train_i=70000, total_steps=1750000
2025-12-17 14:49:56,514: it=70000, lxP=0.10, lxG=0.29, lxGt=22.55, lp=0.03, lg=2.24, aP=100.00, aGinf=84.25, aGt=56.00
2025-12-17 14:49:58,054: save data time 0.12, train_i=70000.00, total_steps=1750000.00
2025-12-17 14:50:25,505: MaxHebb=0.32803, T=1.00, F=1.00, L=1.00, train_i=70100, total_steps=1752500
2025-12-17 14:50:25,505: it=70100, lxP=0.01, lxG=0.17, lxGt=23.12, lp=0.02, lg=2.19, aP=100.00, aGinf=92.75, aGt=64.25
2025-12-17 14:50:53,087: MaxHebb=0.33400, T=1.00, F=1.00, L=1.00, train_i=70200, total_steps=1755000
2025-12-17 14:50:53,087: it=70200, lxP=0.03, lxG=2.01, lxGt=22.21, lp=0.04, lg=2.29, aP=100.00, aGinf=81.75, aGt=57.50
2025-12-17 14:51:20,544: MaxHebb=0.33559, T=1.00, F=1.00, L=1.00, train_i=70300, total_steps=1757500
2025-12-17 14:51:20,544: it=70300, lxP=0.02, lxG=0.40, lxGt=20.54, lp=0.04, lg=2.21, aP=100.00, aGinf=91.00, aGt=66.75
2025-12-17 14:51:48,009: MaxHebb=0.33289, T=1.00, F=1.00, L=1.00, train_i=70400, total_steps=1760000
2025-12-17 14:51:48,009: it=70400, lxP=0.02, lxG=1.03, lxGt=20.48, lp=0.03, lg=2.19, aP=100.00, aGinf=88.25, aGt=63.75
2025-12-17 14:52:16,804: MaxHebb=0.32757, T=1.00, F=1.00, L=1.00, train_i=70500, total_steps=1762500
2025-12-17 14:52:16,804: it=70500, lxP=0.06, lxG=0.22, lxGt=24.96, lp=0.02, lg=2.16, aP=100.00, aGinf=95.00, aGt=66.00
2025-12-17 14:52:44,199: MaxHebb=0.32922, T=1.00, F=1.00, L=1.00, train_i=70600, total_steps=1765000
2025-12-17 14:52:44,199: it=70600, lxP=0.01, lxG=0.41, lxGt=24.96, lp=0.03, lg=2.16, aP=100.00, aGinf=87.50, aGt=58.00
2025-12-17 14:53:11,630: MaxHebb=0.32755, T=1.00, F=1.00, L=1.00, train_i=70700, total_steps=1767500
2025-12-17 14:53:11,630: it=70700, lxP=0.02, lxG=0.43, lxGt=20.29, lp=0.04, lg=2.26, aP=100.00, aGinf=86.00, aGt=63.25
2025-12-17 14:53:39,010: MaxHebb=0.33369, T=1.00, F=1.00, L=1.00, train_i=70800, total_steps=1770000
2025-12-17 14:53:39,010: it=70800, lxP=0.39, lxG=0.30, lxGt=23.75, lp=0.02, lg=2.19, aP=100.00, aGinf=91.00, aGt=65.25
2025-12-17 14:54:07,822: MaxHebb=0.33438, T=1.00, F=1.00, L=1.00, train_i=70900, total_steps=1772500
2025-12-17 14:54:07,822: it=70900, lxP=0.03, lxG=1.99, lxGt=21.98, lp=0.01, lg=2.19, aP=100.00, aGinf=84.50, aGt=58.75
2025-12-17 14:54:35,326: MaxHebb=0.33482, T=1.00, F=1.00, L=1.00, train_i=71000, total_steps=1775000
2025-12-17 14:54:35,327: it=71000, lxP=0.02, lxG=1.22, lxGt=22.99, lp=0.03, lg=2.20, aP=100.00, aGinf=86.00, aGt=58.50
2025-12-17 14:55:02,835: MaxHebb=0.33631, T=1.00, F=1.00, L=1.00, train_i=71100, total_steps=1777500
2025-12-17 14:55:02,835: it=71100, lxP=0.01, lxG=0.38, lxGt=22.03, lp=0.02, lg=2.17, aP=100.00, aGinf=93.50, aGt=66.75
2025-12-17 14:55:30,261: MaxHebb=0.33084, T=1.00, F=1.00, L=1.00, train_i=71200, total_steps=1780000
2025-12-17 14:55:30,261: it=71200, lxP=0.01, lxG=0.03, lxGt=24.49, lp=0.01, lg=2.22, aP=100.00, aGinf=92.00, aGt=66.50
2025-12-17 14:55:59,111: MaxHebb=0.33368, T=1.00, F=1.00, L=1.00, train_i=71300, total_steps=1782500
2025-12-17 14:55:59,111: it=71300, lxP=0.02, lxG=0.10, lxGt=22.74, lp=0.02, lg=2.19, aP=100.00, aGinf=90.50, aGt=63.50
2025-12-17 14:56:26,575: MaxHebb=0.33404, T=1.00, F=1.00, L=1.00, train_i=71400, total_steps=1785000
2025-12-17 14:56:26,575: it=71400, lxP=0.01, lxG=0.24, lxGt=23.40, lp=0.02, lg=2.22, aP=100.00, aGinf=89.25, aGt=62.00
2025-12-17 14:56:53,954: MaxHebb=0.33666, T=1.00, F=1.00, L=1.00, train_i=71500, total_steps=1787500
2025-12-17 14:56:53,954: it=71500, lxP=0.01, lxG=0.77, lxGt=23.41, lp=0.02, lg=2.19, aP=100.00, aGinf=92.75, aGt=70.50
2025-12-17 14:57:21,338: MaxHebb=0.33537, T=1.00, F=1.00, L=1.00, train_i=71600, total_steps=1790000
2025-12-17 14:57:21,339: it=71600, lxP=0.04, lxG=0.27, lxGt=21.37, lp=0.02, lg=2.18, aP=100.00, aGinf=85.50, aGt=63.75
2025-12-17 14:57:50,118: MaxHebb=0.33694, T=1.00, F=1.00, L=1.00, train_i=71700, total_steps=1792500
2025-12-17 14:57:50,118: it=71700, lxP=0.04, lxG=0.27, lxGt=26.64, lp=0.01, lg=2.16, aP=100.00, aGinf=95.75, aGt=67.25
2025-12-17 14:58:17,538: MaxHebb=0.33710, T=1.00, F=1.00, L=1.00, train_i=71800, total_steps=1795000
2025-12-17 14:58:17,538: it=71800, lxP=0.02, lxG=0.66, lxGt=23.94, lp=0.01, lg=2.17, aP=100.00, aGinf=89.75, aGt=62.50
2025-12-17 14:58:44,972: MaxHebb=0.33627, T=1.00, F=1.00, L=1.00, train_i=71900, total_steps=1797500
2025-12-17 14:58:44,972: it=71900, lxP=0.03, lxG=3.39, lxGt=22.30, lp=0.02, lg=2.15, aP=100.00, aGinf=89.50, aGt=64.50
2025-12-17 14:59:12,374: MaxHebb=0.33554, T=1.00, F=1.00, L=1.00, train_i=72000, total_steps=1800000
2025-12-17 14:59:12,374: it=72000, lxP=0.04, lxG=0.18, lxGt=27.24, lp=0.01, lg=2.18, aP=100.00, aGinf=93.25, aGt=64.00
2025-12-17 14:59:13,913: save data time 0.14, train_i=72000.00, total_steps=1800000.00
2025-12-17 14:59:41,438: MaxHebb=0.33641, T=1.00, F=1.00, L=1.00, train_i=72100, total_steps=1802500
2025-12-17 14:59:41,439: it=72100, lxP=0.00, lxG=0.21, lxGt=20.98, lp=0.02, lg=2.20, aP=100.00, aGinf=91.75, aGt=65.50
2025-12-17 15:00:08,870: MaxHebb=0.33709, T=1.00, F=1.00, L=1.00, train_i=72200, total_steps=1805000
2025-12-17 15:00:08,870: it=72200, lxP=0.01, lxG=0.33, lxGt=21.61, lp=0.01, lg=2.13, aP=100.00, aGinf=95.75, aGt=70.75
2025-12-17 15:00:36,309: MaxHebb=0.32929, T=1.00, F=1.00, L=1.00, train_i=72300, total_steps=1807500
2025-12-17 15:00:36,309: it=72300, lxP=0.03, lxG=0.77, lxGt=21.81, lp=0.01, lg=2.18, aP=100.00, aGinf=92.75, aGt=66.75
2025-12-17 15:01:03,826: MaxHebb=0.33647, T=1.00, F=1.00, L=1.00, train_i=72400, total_steps=1810000
2025-12-17 15:01:03,826: it=72400, lxP=0.02, lxG=0.23, lxGt=23.30, lp=0.02, lg=2.21, aP=100.00, aGinf=87.50, aGt=59.50
2025-12-17 15:01:32,666: MaxHebb=0.33001, T=1.00, F=1.00, L=1.00, train_i=72500, total_steps=1812500
2025-12-17 15:01:32,666: it=72500, lxP=0.03, lxG=1.59, lxGt=22.34, lp=0.03, lg=2.18, aP=100.00, aGinf=90.25, aGt=66.00
2025-12-17 15:02:00,194: MaxHebb=0.33522, T=1.00, F=1.00, L=1.00, train_i=72600, total_steps=1815000
2025-12-17 15:02:00,194: it=72600, lxP=0.18, lxG=0.68, lxGt=22.06, lp=0.02, lg=2.16, aP=100.00, aGinf=95.50, aGt=68.75
2025-12-17 15:02:27,711: MaxHebb=0.33610, T=1.00, F=1.00, L=1.00, train_i=72700, total_steps=1817500
2025-12-17 15:02:27,711: it=72700, lxP=0.03, lxG=0.17, lxGt=24.33, lp=0.01, lg=2.21, aP=100.00, aGinf=91.00, aGt=66.75
2025-12-17 15:02:55,264: MaxHebb=0.33845, T=1.00, F=1.00, L=1.00, train_i=72800, total_steps=1820000
2025-12-17 15:02:55,264: it=72800, lxP=0.04, lxG=0.23, lxGt=25.22, lp=0.03, lg=2.28, aP=100.00, aGinf=87.50, aGt=60.00
2025-12-17 15:03:24,106: MaxHebb=0.33435, T=1.00, F=1.00, L=1.00, train_i=72900, total_steps=1822500
2025-12-17 15:03:24,106: it=72900, lxP=0.10, lxG=0.23, lxGt=24.03, lp=0.02, lg=2.17, aP=100.00, aGinf=91.75, aGt=62.25
2025-12-17 15:03:51,567: MaxHebb=0.33334, T=1.00, F=1.00, L=1.00, train_i=73000, total_steps=1825000
2025-12-17 15:03:51,567: it=73000, lxP=0.01, lxG=0.26, lxGt=21.83, lp=0.01, lg=2.20, aP=100.00, aGinf=89.00, aGt=64.50
2025-12-17 15:04:19,026: MaxHebb=0.33710, T=1.00, F=1.00, L=1.00, train_i=73100, total_steps=1827500
2025-12-17 15:04:19,026: it=73100, lxP=0.02, lxG=0.22, lxGt=19.84, lp=0.03, lg=2.27, aP=100.00, aGinf=84.75, aGt=59.75
2025-12-17 15:04:46,440: MaxHebb=0.33474, T=1.00, F=1.00, L=1.00, train_i=73200, total_steps=1830000
2025-12-17 15:04:46,440: it=73200, lxP=0.04, lxG=0.98, lxGt=26.64, lp=0.01, lg=2.17, aP=100.00, aGinf=90.25, aGt=65.50
2025-12-17 15:05:15,277: MaxHebb=0.33765, T=1.00, F=1.00, L=1.00, train_i=73300, total_steps=1832500
2025-12-17 15:05:15,277: it=73300, lxP=0.02, lxG=0.50, lxGt=22.47, lp=0.03, lg=2.19, aP=100.00, aGinf=88.50, aGt=62.50
2025-12-17 15:05:42,755: MaxHebb=0.33639, T=1.00, F=1.00, L=1.00, train_i=73400, total_steps=1835000
2025-12-17 15:05:42,755: it=73400, lxP=0.03, lxG=0.77, lxGt=26.61, lp=0.02, lg=2.20, aP=100.00, aGinf=86.25, aGt=59.25
2025-12-17 15:06:10,203: MaxHebb=0.33756, T=1.00, F=1.00, L=1.00, train_i=73500, total_steps=1837500
2025-12-17 15:06:10,203: it=73500, lxP=0.02, lxG=0.34, lxGt=22.69, lp=0.02, lg=2.22, aP=100.00, aGinf=87.50, aGt=63.25
2025-12-17 15:06:37,713: MaxHebb=0.32380, T=1.00, F=1.00, L=1.00, train_i=73600, total_steps=1840000
2025-12-17 15:06:37,713: it=73600, lxP=0.02, lxG=0.17, lxGt=23.70, lp=0.01, lg=2.19, aP=100.00, aGinf=90.00, aGt=67.25
2025-12-17 15:07:06,542: MaxHebb=0.33629, T=1.00, F=1.00, L=1.00, train_i=73700, total_steps=1842500
2025-12-17 15:07:06,542: it=73700, lxP=0.22, lxG=0.20, lxGt=20.83, lp=0.03, lg=2.17, aP=100.00, aGinf=86.50, aGt=61.50
2025-12-17 15:07:33,984: MaxHebb=0.33734, T=1.00, F=1.00, L=1.00, train_i=73800, total_steps=1845000
2025-12-17 15:07:33,984: it=73800, lxP=0.01, lxG=5.26, lxGt=21.68, lp=0.04, lg=2.21, aP=100.00, aGinf=87.25, aGt=60.25
2025-12-17 15:08:01,426: MaxHebb=0.33750, T=1.00, F=1.00, L=1.00, train_i=73900, total_steps=1847500
2025-12-17 15:08:01,426: it=73900, lxP=0.04, lxG=0.17, lxGt=23.11, lp=0.02, lg=2.20, aP=100.00, aGinf=86.50, aGt=61.50
2025-12-17 15:08:28,818: MaxHebb=0.33597, T=1.00, F=1.00, L=1.00, train_i=74000, total_steps=1850000
2025-12-17 15:08:28,818: it=74000, lxP=0.02, lxG=0.31, lxGt=22.99, lp=0.02, lg=2.17, aP=100.00, aGinf=95.50, aGt=70.75
2025-12-17 15:08:30,354: save data time 0.13, train_i=74000.00, total_steps=1850000.00
2025-12-17 15:08:57,842: MaxHebb=0.33343, T=1.00, F=1.00, L=1.00, train_i=74100, total_steps=1852500
2025-12-17 15:08:57,842: it=74100, lxP=0.03, lxG=0.82, lxGt=22.34, lp=0.02, lg=2.23, aP=100.00, aGinf=86.75, aGt=60.25
2025-12-17 15:09:25,316: MaxHebb=0.33332, T=1.00, F=1.00, L=1.00, train_i=74200, total_steps=1855000
2025-12-17 15:09:25,316: it=74200, lxP=0.00, lxG=0.85, lxGt=23.57, lp=0.01, lg=2.21, aP=100.00, aGinf=95.75, aGt=71.50
2025-12-17 15:09:52,811: MaxHebb=0.33799, T=1.00, F=1.00, L=1.00, train_i=74300, total_steps=1857500
2025-12-17 15:09:52,811: it=74300, lxP=0.01, lxG=0.29, lxGt=23.60, lp=0.01, lg=2.20, aP=100.00, aGinf=87.25, aGt=62.75
2025-12-17 15:10:20,259: MaxHebb=0.33894, T=1.00, F=1.00, L=1.00, train_i=74400, total_steps=1860000
2025-12-17 15:10:20,259: it=74400, lxP=0.02, lxG=0.89, lxGt=24.83, lp=0.01, lg=2.16, aP=100.00, aGinf=89.75, aGt=65.50
2025-12-17 15:10:49,118: MaxHebb=0.33588, T=1.00, F=1.00, L=1.00, train_i=74500, total_steps=1862500
2025-12-17 15:10:49,118: it=74500, lxP=0.01, lxG=4.60, lxGt=26.62, lp=0.01, lg=2.18, aP=100.00, aGinf=89.25, aGt=63.25
2025-12-17 15:11:16,569: MaxHebb=0.33674, T=1.00, F=1.00, L=1.00, train_i=74600, total_steps=1865000
2025-12-17 15:11:16,569: it=74600, lxP=0.00, lxG=0.16, lxGt=23.10, lp=0.01, lg=2.13, aP=100.00, aGinf=94.25, aGt=66.00
2025-12-17 15:11:43,981: MaxHebb=0.33456, T=1.00, F=1.00, L=1.00, train_i=74700, total_steps=1867500
2025-12-17 15:11:43,981: it=74700, lxP=0.00, lxG=0.18, lxGt=20.23, lp=0.01, lg=2.16, aP=100.00, aGinf=90.75, aGt=64.00
2025-12-17 15:12:11,428: MaxHebb=0.33754, T=1.00, F=1.00, L=1.00, train_i=74800, total_steps=1870000
2025-12-17 15:12:11,428: it=74800, lxP=0.01, lxG=4.61, lxGt=23.34, lp=0.05, lg=2.24, aP=100.00, aGinf=86.50, aGt=61.75
2025-12-17 15:12:40,293: MaxHebb=0.33530, T=1.00, F=1.00, L=1.00, train_i=74900, total_steps=1872500
2025-12-17 15:12:40,294: it=74900, lxP=0.02, lxG=0.24, lxGt=22.19, lp=0.02, lg=2.14, aP=100.00, aGinf=89.25, aGt=68.75
2025-12-17 15:13:07,815: MaxHebb=0.33401, T=1.00, F=1.00, L=1.00, train_i=75000, total_steps=1875000
2025-12-17 15:13:07,815: it=75000, lxP=0.01, lxG=0.38, lxGt=21.53, lp=0.04, lg=2.20, aP=100.00, aGinf=88.25, aGt=66.00
2025-12-17 15:13:35,319: MaxHebb=0.33385, T=1.00, F=1.00, L=1.00, train_i=75100, total_steps=1877500
2025-12-17 15:13:35,319: it=75100, lxP=0.02, lxG=0.24, lxGt=24.73, lp=0.02, lg=2.20, aP=100.00, aGinf=91.50, aGt=64.25
2025-12-17 15:14:02,780: MaxHebb=0.33552, T=1.00, F=1.00, L=1.00, train_i=75200, total_steps=1880000
2025-12-17 15:14:02,780: it=75200, lxP=0.05, lxG=0.13, lxGt=22.37, lp=0.02, lg=2.16, aP=100.00, aGinf=92.00, aGt=67.75
2025-12-17 15:14:31,633: MaxHebb=0.33661, T=1.00, F=1.00, L=1.00, train_i=75300, total_steps=1882500
2025-12-17 15:14:31,633: it=75300, lxP=0.05, lxG=0.74, lxGt=24.43, lp=0.02, lg=2.18, aP=100.00, aGinf=92.25, aGt=68.75
2025-12-17 15:14:59,072: MaxHebb=0.33713, T=1.00, F=1.00, L=1.00, train_i=75400, total_steps=1885000
2025-12-17 15:14:59,073: it=75400, lxP=0.05, lxG=0.18, lxGt=25.67, lp=0.01, lg=2.17, aP=100.00, aGinf=91.50, aGt=62.25
2025-12-17 15:15:26,522: MaxHebb=0.33574, T=1.00, F=1.00, L=1.00, train_i=75500, total_steps=1887500
2025-12-17 15:15:26,522: it=75500, lxP=0.05, lxG=0.79, lxGt=24.57, lp=0.01, lg=2.16, aP=100.00, aGinf=90.00, aGt=61.75
2025-12-17 15:15:53,937: MaxHebb=0.33480, T=1.00, F=1.00, L=1.00, train_i=75600, total_steps=1890000
2025-12-17 15:15:53,938: it=75600, lxP=0.01, lxG=0.17, lxGt=21.09, lp=0.02, lg=2.20, aP=100.00, aGinf=92.75, aGt=68.75
2025-12-17 15:16:22,751: MaxHebb=0.33675, T=1.00, F=1.00, L=1.00, train_i=75700, total_steps=1892500
2025-12-17 15:16:22,751: it=75700, lxP=0.04, lxG=0.27, lxGt=22.11, lp=0.02, lg=2.08, aP=100.00, aGinf=89.75, aGt=64.50
2025-12-17 15:16:50,257: MaxHebb=0.33388, T=1.00, F=1.00, L=1.00, train_i=75800, total_steps=1895000
2025-12-17 15:16:50,257: it=75800, lxP=0.03, lxG=0.16, lxGt=17.82, lp=0.02, lg=2.16, aP=100.00, aGinf=89.50, aGt=67.25
2025-12-17 15:17:17,684: MaxHebb=0.33483, T=1.00, F=1.00, L=1.00, train_i=75900, total_steps=1897500
2025-12-17 15:17:17,684: it=75900, lxP=0.01, lxG=0.20, lxGt=23.87, lp=0.02, lg=2.18, aP=100.00, aGinf=93.50, aGt=65.50
2025-12-17 15:17:45,145: MaxHebb=0.33689, T=1.00, F=1.00, L=1.00, train_i=76000, total_steps=1900000
2025-12-17 15:17:45,146: it=76000, lxP=0.10, lxG=1.71, lxGt=22.73, lp=0.02, lg=2.09, aP=100.00, aGinf=92.25, aGt=67.00
2025-12-17 15:17:46,646: save data time 0.10, train_i=76000.00, total_steps=1900000.00
2025-12-17 15:18:14,144: MaxHebb=0.33420, T=1.00, F=1.00, L=1.00, train_i=76100, total_steps=1902500
2025-12-17 15:18:14,144: it=76100, lxP=0.02, lxG=0.37, lxGt=18.46, lp=0.04, lg=2.19, aP=100.00, aGinf=89.00, aGt=65.25
2025-12-17 15:18:41,523: MaxHebb=0.33576, T=1.00, F=1.00, L=1.00, train_i=76200, total_steps=1905000
2025-12-17 15:18:41,524: it=76200, lxP=0.01, lxG=0.47, lxGt=22.27, lp=0.02, lg=2.20, aP=100.00, aGinf=91.25, aGt=65.50
2025-12-17 15:19:09,010: MaxHebb=0.33570, T=1.00, F=1.00, L=1.00, train_i=76300, total_steps=1907500
2025-12-17 15:19:09,010: it=76300, lxP=0.01, lxG=1.01, lxGt=22.74, lp=0.02, lg=2.16, aP=100.00, aGinf=88.25, aGt=62.25
2025-12-17 15:19:36,502: MaxHebb=0.33486, T=1.00, F=1.00, L=1.00, train_i=76400, total_steps=1910000
2025-12-17 15:19:36,502: it=76400, lxP=0.00, lxG=1.34, lxGt=23.76, lp=0.03, lg=2.21, aP=100.00, aGinf=92.25, aGt=65.00
2025-12-17 15:20:05,303: MaxHebb=0.33756, T=1.00, F=1.00, L=1.00, train_i=76500, total_steps=1912500
2025-12-17 15:20:05,303: it=76500, lxP=0.02, lxG=0.52, lxGt=20.14, lp=0.04, lg=2.18, aP=100.00, aGinf=87.75, aGt=61.50
2025-12-17 15:20:32,784: MaxHebb=0.33628, T=1.00, F=1.00, L=1.00, train_i=76600, total_steps=1915000
2025-12-17 15:20:32,784: it=76600, lxP=0.06, lxG=0.24, lxGt=21.99, lp=0.02, lg=2.09, aP=100.00, aGinf=88.25, aGt=61.75
2025-12-17 15:21:00,272: MaxHebb=0.33668, T=1.00, F=1.00, L=1.00, train_i=76700, total_steps=1917500
2025-12-17 15:21:00,272: it=76700, lxP=0.01, lxG=1.13, lxGt=19.83, lp=0.04, lg=2.14, aP=100.00, aGinf=88.25, aGt=63.00
2025-12-17 15:21:27,732: MaxHebb=0.33577, T=1.00, F=1.00, L=1.00, train_i=76800, total_steps=1920000
2025-12-17 15:21:27,732: it=76800, lxP=0.01, lxG=0.25, lxGt=22.92, lp=0.02, lg=2.14, aP=100.00, aGinf=93.50, aGt=68.00
2025-12-17 15:21:56,556: MaxHebb=0.33628, T=1.00, F=1.00, L=1.00, train_i=76900, total_steps=1922500
2025-12-17 15:21:56,556: it=76900, lxP=0.02, lxG=0.20, lxGt=23.90, lp=0.02, lg=2.16, aP=100.00, aGinf=94.25, aGt=66.00
2025-12-17 15:22:24,048: MaxHebb=0.33726, T=1.00, F=1.00, L=1.00, train_i=77000, total_steps=1925000
2025-12-17 15:22:24,048: it=77000, lxP=0.00, lxG=0.92, lxGt=19.45, lp=0.03, lg=2.21, aP=100.00, aGinf=88.25, aGt=64.50
2025-12-17 15:22:51,575: MaxHebb=0.33778, T=1.00, F=1.00, L=1.00, train_i=77100, total_steps=1927500
2025-12-17 15:22:51,576: it=77100, lxP=0.01, lxG=1.42, lxGt=21.45, lp=0.03, lg=2.12, aP=100.00, aGinf=87.75, aGt=63.75
2025-12-17 15:23:19,001: MaxHebb=0.33757, T=1.00, F=1.00, L=1.00, train_i=77200, total_steps=1930000
2025-12-17 15:23:19,001: it=77200, lxP=0.01, lxG=0.34, lxGt=21.62, lp=0.03, lg=2.11, aP=100.00, aGinf=92.00, aGt=67.25
2025-12-17 15:23:47,872: MaxHebb=0.33631, T=1.00, F=1.00, L=1.00, train_i=77300, total_steps=1932500
2025-12-17 15:23:47,872: it=77300, lxP=0.02, lxG=0.20, lxGt=18.51, lp=0.04, lg=2.12, aP=100.00, aGinf=89.50, aGt=66.25
2025-12-17 15:24:15,237: MaxHebb=0.33541, T=1.00, F=1.00, L=1.00, train_i=77400, total_steps=1935000
2025-12-17 15:24:15,237: it=77400, lxP=0.00, lxG=0.47, lxGt=24.35, lp=0.01, lg=2.16, aP=100.00, aGinf=91.25, aGt=62.75
2025-12-17 15:24:42,675: MaxHebb=0.33969, T=1.00, F=1.00, L=1.00, train_i=77500, total_steps=1937500
2025-12-17 15:24:42,675: it=77500, lxP=0.01, lxG=0.62, lxGt=18.72, lp=0.03, lg=2.16, aP=100.00, aGinf=90.00, aGt=69.50
2025-12-17 15:25:10,085: MaxHebb=0.33659, T=1.00, F=1.00, L=1.00, train_i=77600, total_steps=1940000
2025-12-17 15:25:10,085: it=77600, lxP=0.01, lxG=0.11, lxGt=22.33, lp=0.01, lg=2.12, aP=100.00, aGinf=93.50, aGt=69.50
2025-12-17 15:25:39,002: MaxHebb=0.33817, T=1.00, F=1.00, L=1.00, train_i=77700, total_steps=1942500
2025-12-17 15:25:39,002: it=77700, lxP=0.01, lxG=0.61, lxGt=19.96, lp=0.03, lg=2.16, aP=100.00, aGinf=88.75, aGt=64.00
2025-12-17 15:26:06,461: MaxHebb=0.33960, T=1.00, F=1.00, L=1.00, train_i=77800, total_steps=1945000
2025-12-17 15:26:06,461: it=77800, lxP=0.03, lxG=0.15, lxGt=24.24, lp=0.01, lg=2.14, aP=100.00, aGinf=90.00, aGt=64.00
2025-12-17 15:26:34,015: MaxHebb=0.33855, T=1.00, F=1.00, L=1.00, train_i=77900, total_steps=1947500
2025-12-17 15:26:34,015: it=77900, lxP=0.05, lxG=0.68, lxGt=19.72, lp=0.02, lg=2.13, aP=100.00, aGinf=88.75, aGt=62.25
2025-12-17 15:27:01,514: MaxHebb=0.33974, T=1.00, F=1.00, L=1.00, train_i=78000, total_steps=1950000
2025-12-17 15:27:01,514: it=78000, lxP=0.01, lxG=0.41, lxGt=22.49, lp=0.01, lg=2.19, aP=100.00, aGinf=94.25, aGt=69.00
2025-12-17 15:27:03,016: save data time 0.11, train_i=78000.00, total_steps=1950000.00
2025-12-17 15:27:30,547: MaxHebb=0.33955, T=1.00, F=1.00, L=1.00, train_i=78100, total_steps=1952500
2025-12-17 15:27:30,547: it=78100, lxP=0.00, lxG=0.08, lxGt=22.43, lp=0.04, lg=2.23, aP=100.00, aGinf=88.75, aGt=66.50
2025-12-17 15:27:57,946: MaxHebb=0.33949, T=1.00, F=1.00, L=1.00, train_i=78200, total_steps=1955000
2025-12-17 15:27:57,946: it=78200, lxP=0.01, lxG=0.46, lxGt=19.97, lp=0.04, lg=2.19, aP=100.00, aGinf=88.50, aGt=66.00
2025-12-17 15:28:25,330: MaxHebb=0.34291, T=1.00, F=1.00, L=1.00, train_i=78300, total_steps=1957500
2025-12-17 15:28:25,330: it=78300, lxP=0.00, lxG=0.39, lxGt=20.61, lp=0.01, lg=2.11, aP=100.00, aGinf=87.25, aGt=64.75
2025-12-17 15:28:52,794: MaxHebb=0.34271, T=1.00, F=1.00, L=1.00, train_i=78400, total_steps=1960000
2025-12-17 15:28:52,794: it=78400, lxP=0.01, lxG=0.30, lxGt=23.30, lp=0.01, lg=2.12, aP=100.00, aGinf=92.00, aGt=64.50
2025-12-17 15:29:21,621: MaxHebb=0.34142, T=1.00, F=1.00, L=1.00, train_i=78500, total_steps=1962500
2025-12-17 15:29:21,621: it=78500, lxP=0.02, lxG=0.27, lxGt=20.95, lp=0.02, lg=2.07, aP=100.00, aGinf=88.25, aGt=64.75
2025-12-17 15:29:49,149: MaxHebb=0.34169, T=1.00, F=1.00, L=1.00, train_i=78600, total_steps=1965000
2025-12-17 15:29:49,149: it=78600, lxP=0.11, lxG=0.14, lxGt=19.82, lp=0.01, lg=2.08, aP=100.00, aGinf=91.50, aGt=66.50
2025-12-17 15:30:16,626: MaxHebb=0.33762, T=1.00, F=1.00, L=1.00, train_i=78700, total_steps=1967500
2025-12-17 15:30:16,626: it=78700, lxP=0.01, lxG=0.67, lxGt=17.13, lp=0.02, lg=2.14, aP=100.00, aGinf=92.25, aGt=71.25
2025-12-17 15:30:44,069: MaxHebb=0.33686, T=1.00, F=1.00, L=1.00, train_i=78800, total_steps=1970000
2025-12-17 15:30:44,069: it=78800, lxP=0.03, lxG=0.32, lxGt=21.27, lp=0.03, lg=2.14, aP=100.00, aGinf=88.75, aGt=61.75
2025-12-17 15:31:12,941: MaxHebb=0.34010, T=1.00, F=1.00, L=1.00, train_i=78900, total_steps=1972500
2025-12-17 15:31:12,941: it=78900, lxP=0.05, lxG=0.39, lxGt=23.61, lp=0.01, lg=2.10, aP=100.00, aGinf=94.50, aGt=73.25
2025-12-17 15:31:40,381: MaxHebb=0.33690, T=1.00, F=1.00, L=1.00, train_i=79000, total_steps=1975000
2025-12-17 15:31:40,382: it=79000, lxP=0.00, lxG=0.30, lxGt=20.33, lp=0.03, lg=2.16, aP=100.00, aGinf=87.00, aGt=62.00
2025-12-17 15:32:08,002: MaxHebb=0.33878, T=1.00, F=1.00, L=1.00, train_i=79100, total_steps=1977500
2025-12-17 15:32:08,002: it=79100, lxP=0.01, lxG=0.12, lxGt=17.69, lp=0.01, lg=2.10, aP=100.00, aGinf=92.25, aGt=70.25
2025-12-17 15:32:35,509: MaxHebb=0.34224, T=1.00, F=1.00, L=1.00, train_i=79200, total_steps=1980000
2025-12-17 15:32:35,509: it=79200, lxP=0.01, lxG=0.31, lxGt=21.66, lp=0.01, lg=2.13, aP=100.00, aGinf=87.25, aGt=68.25
2025-12-17 15:33:04,373: MaxHebb=0.33820, T=1.00, F=1.00, L=1.00, train_i=79300, total_steps=1982500
2025-12-17 15:33:04,373: it=79300, lxP=0.01, lxG=0.67, lxGt=20.94, lp=0.02, lg=2.10, aP=100.00, aGinf=92.75, aGt=69.75
2025-12-17 15:33:31,877: MaxHebb=0.34067, T=1.00, F=1.00, L=1.00, train_i=79400, total_steps=1985000
2025-12-17 15:33:31,877: it=79400, lxP=0.03, lxG=21.86, lxGt=26.37, lp=0.02, lg=2.12, aP=100.00, aGinf=90.00, aGt=64.75
2025-12-17 15:33:59,360: MaxHebb=0.34080, T=1.00, F=1.00, L=1.00, train_i=79500, total_steps=1987500
2025-12-17 15:33:59,360: it=79500, lxP=0.01, lxG=0.19, lxGt=22.40, lp=0.01, lg=2.16, aP=100.00, aGinf=90.00, aGt=64.25
2025-12-17 15:34:26,857: MaxHebb=0.33788, T=1.00, F=1.00, L=1.00, train_i=79600, total_steps=1990000
2025-12-17 15:34:26,857: it=79600, lxP=0.01, lxG=0.10, lxGt=20.84, lp=0.02, lg=2.18, aP=100.00, aGinf=92.00, aGt=67.00
2025-12-17 15:34:55,728: MaxHebb=0.33795, T=1.00, F=1.00, L=1.00, train_i=79700, total_steps=1992500
2025-12-17 15:34:55,728: it=79700, lxP=0.02, lxG=0.26, lxGt=22.38, lp=0.02, lg=2.18, aP=100.00, aGinf=91.75, aGt=65.25
2025-12-17 15:35:23,216: MaxHebb=0.34089, T=1.00, F=1.00, L=1.00, train_i=79800, total_steps=1995000
2025-12-17 15:35:23,216: it=79800, lxP=0.00, lxG=0.08, lxGt=23.82, lp=0.02, lg=2.12, aP=100.00, aGinf=88.00, aGt=61.25
2025-12-17 15:35:50,712: MaxHebb=0.34133, T=1.00, F=1.00, L=1.00, train_i=79900, total_steps=1997500
2025-12-17 15:35:50,712: it=79900, lxP=0.00, lxG=0.72, lxGt=22.50, lp=0.02, lg=2.18, aP=100.00, aGinf=91.00, aGt=67.00
2025-12-17 15:36:18,195: MaxHebb=0.33465, T=1.00, F=1.00, L=1.00, train_i=80000, total_steps=2000000
2025-12-17 15:36:18,195: it=80000, lxP=0.01, lxG=0.20, lxGt=20.63, lp=0.02, lg=2.22, aP=100.00, aGinf=90.50, aGt=65.25
2025-12-17 15:36:19,714: save data time 0.13, train_i=80000.00, total_steps=2000000.00
2025-12-17 15:36:47,125: MaxHebb=0.34168, T=1.00, F=1.00, L=1.00, train_i=80100, total_steps=2002500
2025-12-17 15:36:47,125: it=80100, lxP=0.01, lxG=0.14, lxGt=20.20, lp=0.03, lg=2.14, aP=100.00, aGinf=88.25, aGt=63.00
2025-12-17 15:37:14,401: MaxHebb=0.33790, T=1.00, F=1.00, L=1.00, train_i=80200, total_steps=2005000
2025-12-17 15:37:14,401: it=80200, lxP=0.00, lxG=11.37, lxGt=24.69, lp=0.01, lg=2.17, aP=100.00, aGinf=89.25, aGt=67.25
2025-12-17 15:37:41,885: MaxHebb=0.34231, T=1.00, F=1.00, L=1.00, train_i=80300, total_steps=2007500
2025-12-17 15:37:41,885: it=80300, lxP=0.01, lxG=0.09, lxGt=23.02, lp=0.01, lg=2.10, aP=100.00, aGinf=93.50, aGt=66.75
2025-12-17 15:38:09,326: MaxHebb=0.33844, T=1.00, F=1.00, L=1.00, train_i=80400, total_steps=2010000
2025-12-17 15:38:09,326: it=80400, lxP=0.00, lxG=0.63, lxGt=23.50, lp=0.01, lg=2.09, aP=100.00, aGinf=91.75, aGt=67.00
2025-12-17 15:38:38,207: MaxHebb=0.33825, T=1.00, F=1.00, L=1.00, train_i=80500, total_steps=2012500
2025-12-17 15:38:38,207: it=80500, lxP=0.01, lxG=2.58, lxGt=23.89, lp=0.01, lg=2.11, aP=100.00, aGinf=89.00, aGt=64.25
2025-12-17 15:39:05,730: MaxHebb=0.33902, T=1.00, F=1.00, L=1.00, train_i=80600, total_steps=2015000
2025-12-17 15:39:05,731: it=80600, lxP=0.03, lxG=0.38, lxGt=19.23, lp=0.02, lg=2.09, aP=100.00, aGinf=90.00, aGt=63.25
2025-12-17 15:39:33,117: MaxHebb=0.34215, T=1.00, F=1.00, L=1.00, train_i=80700, total_steps=2017500
2025-12-17 15:39:33,117: it=80700, lxP=0.01, lxG=1.11, lxGt=21.36, lp=0.02, lg=2.14, aP=100.00, aGinf=89.50, aGt=67.25
2025-12-17 15:40:00,515: MaxHebb=0.34073, T=1.00, F=1.00, L=1.00, train_i=80800, total_steps=2020000
2025-12-17 15:40:00,515: it=80800, lxP=0.03, lxG=0.47, lxGt=22.51, lp=0.03, lg=2.15, aP=100.00, aGinf=88.25, aGt=64.75
2025-12-17 15:40:29,324: MaxHebb=0.33479, T=1.00, F=1.00, L=1.00, train_i=80900, total_steps=2022500
2025-12-17 15:40:29,324: it=80900, lxP=0.02, lxG=1.15, lxGt=19.78, lp=0.02, lg=2.16, aP=100.00, aGinf=93.00, aGt=69.25
2025-12-17 15:40:56,755: MaxHebb=0.33964, T=1.00, F=1.00, L=1.00, train_i=81000, total_steps=2025000
2025-12-17 15:40:56,755: it=81000, lxP=0.05, lxG=0.50, lxGt=22.03, lp=0.02, lg=2.18, aP=100.00, aGinf=92.00, aGt=70.50
2025-12-17 15:41:24,196: MaxHebb=0.33602, T=1.00, F=1.00, L=1.00, train_i=81100, total_steps=2027500
2025-12-17 15:41:24,196: it=81100, lxP=0.03, lxG=0.29, lxGt=22.33, lp=0.01, lg=2.08, aP=100.00, aGinf=90.50, aGt=64.25
2025-12-17 15:41:51,590: MaxHebb=0.34030, T=1.00, F=1.00, L=1.00, train_i=81200, total_steps=2030000
2025-12-17 15:41:51,590: it=81200, lxP=0.01, lxG=0.32, lxGt=17.86, lp=0.02, lg=2.13, aP=100.00, aGinf=88.75, aGt=69.00
2025-12-17 15:42:20,463: MaxHebb=0.33904, T=1.00, F=1.00, L=1.00, train_i=81300, total_steps=2032500
2025-12-17 15:42:20,463: it=81300, lxP=0.01, lxG=0.08, lxGt=19.06, lp=0.03, lg=2.14, aP=100.00, aGinf=88.25, aGt=62.50
2025-12-17 15:42:47,958: MaxHebb=0.34043, T=1.00, F=1.00, L=1.00, train_i=81400, total_steps=2035000
2025-12-17 15:42:47,958: it=81400, lxP=0.01, lxG=0.13, lxGt=23.64, lp=0.03, lg=2.17, aP=100.00, aGinf=88.75, aGt=62.75
2025-12-17 15:43:15,470: MaxHebb=0.33961, T=1.00, F=1.00, L=1.00, train_i=81500, total_steps=2037500
2025-12-17 15:43:15,470: it=81500, lxP=0.00, lxG=0.79, lxGt=22.05, lp=0.01, lg=2.13, aP=100.00, aGinf=90.75, aGt=66.00
2025-12-17 15:43:43,061: MaxHebb=0.34154, T=1.00, F=1.00, L=1.00, train_i=81600, total_steps=2040000
2025-12-17 15:43:43,061: it=81600, lxP=0.02, lxG=0.88, lxGt=19.84, lp=0.02, lg=2.15, aP=100.00, aGinf=92.00, aGt=69.25
2025-12-17 15:44:11,937: MaxHebb=0.33973, T=1.00, F=1.00, L=1.00, train_i=81700, total_steps=2042500
2025-12-17 15:44:11,937: it=81700, lxP=0.01, lxG=0.15, lxGt=23.71, lp=0.01, lg=2.09, aP=100.00, aGinf=89.50, aGt=63.25
2025-12-17 15:44:39,400: MaxHebb=0.33867, T=1.00, F=1.00, L=1.00, train_i=81800, total_steps=2045000
2025-12-17 15:44:39,400: it=81800, lxP=0.01, lxG=0.24, lxGt=18.83, lp=0.01, lg=2.12, aP=100.00, aGinf=88.50, aGt=67.00
2025-12-17 15:45:06,747: MaxHebb=0.33832, T=1.00, F=1.00, L=1.00, train_i=81900, total_steps=2047500
2025-12-17 15:45:06,747: it=81900, lxP=0.02, lxG=2.17, lxGt=21.88, lp=0.02, lg=2.16, aP=100.00, aGinf=87.25, aGt=65.50
2025-12-17 15:45:34,136: MaxHebb=0.34028, T=1.00, F=1.00, L=1.00, train_i=82000, total_steps=2050000
2025-12-17 15:45:34,136: it=82000, lxP=0.01, lxG=0.46, lxGt=19.10, lp=0.02, lg=2.11, aP=100.00, aGinf=91.75, aGt=68.25
2025-12-17 15:45:35,661: save data time 0.11, train_i=82000.00, total_steps=2050000.00
2025-12-17 15:46:03,077: MaxHebb=0.33898, T=1.00, F=1.00, L=1.00, train_i=82100, total_steps=2052500
2025-12-17 15:46:03,077: it=82100, lxP=0.00, lxG=0.16, lxGt=25.71, lp=0.01, lg=2.17, aP=100.00, aGinf=90.75, aGt=63.75
2025-12-17 15:46:30,510: MaxHebb=0.33999, T=1.00, F=1.00, L=1.00, train_i=82200, total_steps=2055000
2025-12-17 15:46:30,511: it=82200, lxP=0.02, lxG=1.75, lxGt=18.91, lp=0.03, lg=2.10, aP=100.00, aGinf=87.50, aGt=62.25
2025-12-17 15:46:57,877: MaxHebb=0.33686, T=1.00, F=1.00, L=1.00, train_i=82300, total_steps=2057500
2025-12-17 15:46:57,877: it=82300, lxP=0.02, lxG=0.35, lxGt=23.97, lp=0.01, lg=2.10, aP=100.00, aGinf=95.50, aGt=67.50
2025-12-17 15:47:25,348: MaxHebb=0.33953, T=1.00, F=1.00, L=1.00, train_i=82400, total_steps=2060000
2025-12-17 15:47:25,348: it=82400, lxP=0.03, lxG=0.88, lxGt=21.82, lp=0.02, lg=2.10, aP=100.00, aGinf=90.00, aGt=64.25
2025-12-17 15:47:54,243: MaxHebb=0.31811, T=1.00, F=1.00, L=1.00, train_i=82500, total_steps=2062500
2025-12-17 15:47:54,243: it=82500, lxP=0.01, lxG=0.25, lxGt=27.10, lp=0.01, lg=2.12, aP=100.00, aGinf=91.75, aGt=63.25
2025-12-17 15:48:21,710: MaxHebb=0.33669, T=1.00, F=1.00, L=1.00, train_i=82600, total_steps=2065000
2025-12-17 15:48:21,710: it=82600, lxP=0.00, lxG=0.43, lxGt=22.68, lp=0.05, lg=2.19, aP=100.00, aGinf=87.00, aGt=64.00
2025-12-17 15:48:49,055: MaxHebb=0.33932, T=1.00, F=1.00, L=1.00, train_i=82700, total_steps=2067500
2025-12-17 15:48:49,055: it=82700, lxP=0.01, lxG=0.08, lxGt=21.56, lp=0.01, lg=2.14, aP=100.00, aGinf=87.50, aGt=63.25
2025-12-17 15:49:16,380: MaxHebb=0.33680, T=1.00, F=1.00, L=1.00, train_i=82800, total_steps=2070000
2025-12-17 15:49:16,380: it=82800, lxP=0.10, lxG=0.28, lxGt=18.44, lp=0.04, lg=2.16, aP=100.00, aGinf=87.75, aGt=64.25
2025-12-17 15:49:45,282: MaxHebb=0.33976, T=1.00, F=1.00, L=1.00, train_i=82900, total_steps=2072500
2025-12-17 15:49:45,282: it=82900, lxP=0.01, lxG=0.14, lxGt=21.26, lp=0.02, lg=2.13, aP=100.00, aGinf=90.75, aGt=65.50
2025-12-17 15:50:12,670: MaxHebb=0.33753, T=1.00, F=1.00, L=1.00, train_i=83000, total_steps=2075000
2025-12-17 15:50:12,670: it=83000, lxP=0.02, lxG=0.43, lxGt=20.11, lp=0.02, lg=2.11, aP=100.00, aGinf=92.25, aGt=69.50
2025-12-17 15:50:40,096: MaxHebb=0.34003, T=1.00, F=1.00, L=1.00, train_i=83100, total_steps=2077500
2025-12-17 15:50:40,096: it=83100, lxP=0.00, lxG=0.09, lxGt=25.35, lp=0.01, lg=2.11, aP=100.00, aGinf=91.50, aGt=64.50
2025-12-17 15:51:07,494: MaxHebb=0.34056, T=1.00, F=1.00, L=1.00, train_i=83200, total_steps=2080000
2025-12-17 15:51:07,494: it=83200, lxP=0.00, lxG=0.10, lxGt=23.07, lp=0.01, lg=2.14, aP=100.00, aGinf=94.75, aGt=68.50
2025-12-17 15:51:36,279: MaxHebb=0.33761, T=1.00, F=1.00, L=1.00, train_i=83300, total_steps=2082500
2025-12-17 15:51:36,279: it=83300, lxP=0.01, lxG=1.78, lxGt=19.34, lp=0.02, lg=2.17, aP=100.00, aGinf=88.75, aGt=65.75
2025-12-17 15:52:03,730: MaxHebb=0.34116, T=1.00, F=1.00, L=1.00, train_i=83400, total_steps=2085000
2025-12-17 15:52:03,730: it=83400, lxP=0.01, lxG=0.09, lxGt=20.32, lp=0.01, lg=2.14, aP=100.00, aGinf=92.75, aGt=69.25
2025-12-17 15:52:31,128: MaxHebb=0.33988, T=1.00, F=1.00, L=1.00, train_i=83500, total_steps=2087500
2025-12-17 15:52:31,128: it=83500, lxP=0.03, lxG=0.71, lxGt=20.47, lp=0.02, lg=2.12, aP=100.00, aGinf=89.00, aGt=63.00
2025-12-17 15:52:58,487: MaxHebb=0.33847, T=1.00, F=1.00, L=1.00, train_i=83600, total_steps=2090000
2025-12-17 15:52:58,487: it=83600, lxP=0.01, lxG=0.77, lxGt=24.53, lp=0.02, lg=2.14, aP=100.00, aGinf=90.75, aGt=65.50
2025-12-17 15:53:27,369: MaxHebb=0.33844, T=1.00, F=1.00, L=1.00, train_i=83700, total_steps=2092500
2025-12-17 15:53:27,369: it=83700, lxP=0.02, lxG=0.27, lxGt=23.41, lp=0.01, lg=2.14, aP=100.00, aGinf=95.00, aGt=69.00
2025-12-17 15:53:54,790: MaxHebb=0.33878, T=1.00, F=1.00, L=1.00, train_i=83800, total_steps=2095000
2025-12-17 15:53:54,791: it=83800, lxP=0.00, lxG=0.23, lxGt=17.06, lp=0.05, lg=2.24, aP=100.00, aGinf=87.25, aGt=63.75
2025-12-17 15:54:22,134: MaxHebb=0.33926, T=1.00, F=1.00, L=1.00, train_i=83900, total_steps=2097500
2025-12-17 15:54:22,134: it=83900, lxP=0.01, lxG=0.22, lxGt=23.58, lp=0.02, lg=2.14, aP=100.00, aGinf=89.75, aGt=64.75
2025-12-17 15:54:49,576: MaxHebb=0.33634, T=1.00, F=1.00, L=1.00, train_i=84000, total_steps=2100000
2025-12-17 15:54:49,576: it=84000, lxP=0.00, lxG=0.07, lxGt=19.22, lp=0.01, lg=2.09, aP=100.00, aGinf=95.50, aGt=71.00
2025-12-17 15:54:51,118: save data time 0.13, train_i=84000.00, total_steps=2100000.00
2025-12-17 15:55:18,563: MaxHebb=0.34068, T=1.00, F=1.00, L=1.00, train_i=84100, total_steps=2102500
2025-12-17 15:55:18,563: it=84100, lxP=0.01, lxG=0.09, lxGt=24.44, lp=0.02, lg=2.14, aP=100.00, aGinf=94.75, aGt=67.75
2025-12-17 15:55:45,995: MaxHebb=0.33878, T=1.00, F=1.00, L=1.00, train_i=84200, total_steps=2105000
2025-12-17 15:55:45,995: it=84200, lxP=0.01, lxG=0.44, lxGt=23.09, lp=0.02, lg=2.18, aP=100.00, aGinf=89.75, aGt=65.50
2025-12-17 15:56:13,373: MaxHebb=0.33950, T=1.00, F=1.00, L=1.00, train_i=84300, total_steps=2107500
2025-12-17 15:56:13,373: it=84300, lxP=0.00, lxG=0.66, lxGt=23.14, lp=0.01, lg=2.17, aP=100.00, aGinf=94.00, aGt=67.50
2025-12-17 15:56:40,728: MaxHebb=0.33947, T=1.00, F=1.00, L=1.00, train_i=84400, total_steps=2110000
2025-12-17 15:56:40,729: it=84400, lxP=0.00, lxG=0.39, lxGt=22.90, lp=0.02, lg=2.17, aP=100.00, aGinf=94.25, aGt=68.50
2025-12-17 15:57:09,641: MaxHebb=0.33866, T=1.00, F=1.00, L=1.00, train_i=84500, total_steps=2112500
2025-12-17 15:57:09,641: it=84500, lxP=0.00, lxG=0.23, lxGt=20.63, lp=0.01, lg=2.09, aP=100.00, aGinf=97.25, aGt=72.25
2025-12-17 15:57:37,096: MaxHebb=0.34087, T=1.00, F=1.00, L=1.00, train_i=84600, total_steps=2115000
2025-12-17 15:57:37,097: it=84600, lxP=0.08, lxG=0.37, lxGt=23.36, lp=0.02, lg=2.14, aP=100.00, aGinf=90.75, aGt=64.25
2025-12-17 15:58:04,588: MaxHebb=0.33888, T=1.00, F=1.00, L=1.00, train_i=84700, total_steps=2117500
2025-12-17 15:58:04,588: it=84700, lxP=0.05, lxG=0.74, lxGt=20.51, lp=0.02, lg=2.16, aP=100.00, aGinf=89.75, aGt=66.25
2025-12-17 15:58:31,959: MaxHebb=0.33979, T=1.00, F=1.00, L=1.00, train_i=84800, total_steps=2120000
2025-12-17 15:58:31,959: it=84800, lxP=0.00, lxG=0.12, lxGt=24.00, lp=0.01, lg=2.14, aP=100.00, aGinf=93.25, aGt=66.25
2025-12-17 15:59:00,829: MaxHebb=0.33978, T=1.00, F=1.00, L=1.00, train_i=84900, total_steps=2122500
2025-12-17 15:59:00,829: it=84900, lxP=0.00, lxG=0.97, lxGt=18.32, lp=0.04, lg=2.19, aP=100.00, aGinf=89.00, aGt=65.50
2025-12-17 15:59:28,274: MaxHebb=0.34006, T=1.00, F=1.00, L=1.00, train_i=85000, total_steps=2125000
2025-12-17 15:59:28,274: it=85000, lxP=0.01, lxG=0.08, lxGt=21.63, lp=0.02, lg=2.16, aP=100.00, aGinf=93.25, aGt=69.75
2025-12-17 15:59:55,705: MaxHebb=0.33998, T=1.00, F=1.00, L=1.00, train_i=85100, total_steps=2127500
2025-12-17 15:59:55,706: it=85100, lxP=0.01, lxG=1.99, lxGt=21.50, lp=0.02, lg=2.18, aP=100.00, aGinf=88.75, aGt=65.25
2025-12-17 16:00:23,070: MaxHebb=0.33754, T=1.00, F=1.00, L=1.00, train_i=85200, total_steps=2130000
2025-12-17 16:00:23,070: it=85200, lxP=0.01, lxG=0.43, lxGt=22.62, lp=0.01, lg=2.12, aP=100.00, aGinf=84.25, aGt=60.25
2025-12-17 16:00:51,891: MaxHebb=0.33667, T=1.00, F=1.00, L=1.00, train_i=85300, total_steps=2132500
2025-12-17 16:00:51,891: it=85300, lxP=0.01, lxG=0.24, lxGt=20.04, lp=0.03, lg=2.16, aP=100.00, aGinf=89.25, aGt=62.50
2025-12-17 16:01:19,246: MaxHebb=0.33912, T=1.00, F=1.00, L=1.00, train_i=85400, total_steps=2135000
2025-12-17 16:01:19,246: it=85400, lxP=0.02, lxG=1.00, lxGt=20.01, lp=0.02, lg=2.17, aP=100.00, aGinf=91.75, aGt=68.25
2025-12-17 16:01:46,712: MaxHebb=0.34020, T=1.00, F=1.00, L=1.00, train_i=85500, total_steps=2137500
2025-12-17 16:01:46,712: it=85500, lxP=0.01, lxG=0.34, lxGt=18.27, lp=0.03, lg=2.17, aP=100.00, aGinf=85.50, aGt=63.25
2025-12-17 16:02:14,302: MaxHebb=0.33497, T=1.00, F=1.00, L=1.00, train_i=85600, total_steps=2140000
2025-12-17 16:02:14,302: it=85600, lxP=0.00, lxG=0.08, lxGt=18.15, lp=0.06, lg=2.19, aP=100.00, aGinf=86.75, aGt=62.50
2025-12-17 16:02:43,132: MaxHebb=0.33696, T=1.00, F=1.00, L=1.00, train_i=85700, total_steps=2142500
2025-12-17 16:02:43,132: it=85700, lxP=0.03, lxG=0.28, lxGt=20.85, lp=0.02, lg=2.14, aP=100.00, aGinf=92.50, aGt=70.00
2025-12-17 16:03:10,572: MaxHebb=0.33843, T=1.00, F=1.00, L=1.00, train_i=85800, total_steps=2145000
2025-12-17 16:03:10,573: it=85800, lxP=0.00, lxG=0.27, lxGt=21.62, lp=0.03, lg=2.15, aP=100.00, aGinf=90.25, aGt=65.75
2025-12-17 16:03:38,021: MaxHebb=0.34073, T=1.00, F=1.00, L=1.00, train_i=85900, total_steps=2147500
2025-12-17 16:03:38,021: it=85900, lxP=0.01, lxG=0.22, lxGt=21.58, lp=0.02, lg=2.15, aP=100.00, aGinf=92.00, aGt=68.00
2025-12-17 16:04:05,524: MaxHebb=0.33895, T=1.00, F=1.00, L=1.00, train_i=86000, total_steps=2150000
2025-12-17 16:04:05,524: it=86000, lxP=0.00, lxG=0.90, lxGt=21.05, lp=0.02, lg=2.20, aP=100.00, aGinf=88.75, aGt=65.25
2025-12-17 16:04:07,047: save data time 0.11, train_i=86000.00, total_steps=2150000.00
2025-12-17 16:04:34,534: MaxHebb=0.33637, T=1.00, F=1.00, L=1.00, train_i=86100, total_steps=2152500
2025-12-17 16:04:34,534: it=86100, lxP=0.02, lxG=0.86, lxGt=21.77, lp=0.02, lg=2.12, aP=100.00, aGinf=90.00, aGt=69.50
2025-12-17 16:05:01,909: MaxHebb=0.33747, T=1.00, F=1.00, L=1.00, train_i=86200, total_steps=2155000
2025-12-17 16:05:01,909: it=86200, lxP=0.00, lxG=0.11, lxGt=21.30, lp=0.03, lg=2.18, aP=100.00, aGinf=90.25, aGt=67.00
2025-12-17 16:05:29,385: MaxHebb=0.33117, T=1.00, F=1.00, L=1.00, train_i=86300, total_steps=2157500
2025-12-17 16:05:29,386: it=86300, lxP=0.01, lxG=0.27, lxGt=20.76, lp=0.02, lg=2.17, aP=100.00, aGinf=90.00, aGt=65.75
2025-12-17 16:05:56,888: MaxHebb=0.33460, T=1.00, F=1.00, L=1.00, train_i=86400, total_steps=2160000
2025-12-17 16:05:56,888: it=86400, lxP=0.01, lxG=0.18, lxGt=18.11, lp=0.04, lg=2.27, aP=100.00, aGinf=86.25, aGt=63.25
2025-12-17 16:06:25,652: MaxHebb=0.33534, T=1.00, F=1.00, L=1.00, train_i=86500, total_steps=2162500
2025-12-17 16:06:25,653: it=86500, lxP=0.02, lxG=0.19, lxGt=20.89, lp=0.02, lg=2.13, aP=100.00, aGinf=91.75, aGt=64.75
2025-12-17 16:06:53,063: MaxHebb=0.33125, T=1.00, F=1.00, L=1.00, train_i=86600, total_steps=2165000
2025-12-17 16:06:53,063: it=86600, lxP=0.00, lxG=0.21, lxGt=23.04, lp=0.01, lg=2.14, aP=100.00, aGinf=91.75, aGt=70.00
2025-12-17 16:07:20,515: MaxHebb=0.33827, T=1.00, F=1.00, L=1.00, train_i=86700, total_steps=2167500
2025-12-17 16:07:20,516: it=86700, lxP=0.09, lxG=0.10, lxGt=20.54, lp=0.02, lg=2.14, aP=100.00, aGinf=89.75, aGt=66.00
2025-12-17 16:07:47,982: MaxHebb=0.33801, T=1.00, F=1.00, L=1.00, train_i=86800, total_steps=2170000
2025-12-17 16:07:47,982: it=86800, lxP=0.00, lxG=0.06, lxGt=23.18, lp=0.03, lg=2.23, aP=100.00, aGinf=87.75, aGt=62.25
2025-12-17 16:08:16,851: MaxHebb=0.34040, T=1.00, F=1.00, L=1.00, train_i=86900, total_steps=2172500
2025-12-17 16:08:16,851: it=86900, lxP=0.00, lxG=0.09, lxGt=19.67, lp=0.02, lg=2.17, aP=100.00, aGinf=88.00, aGt=64.50
2025-12-17 16:08:44,291: MaxHebb=0.33557, T=1.00, F=1.00, L=1.00, train_i=87000, total_steps=2175000
2025-12-17 16:08:44,291: it=87000, lxP=0.01, lxG=0.42, lxGt=18.90, lp=0.02, lg=2.20, aP=100.00, aGinf=90.75, aGt=68.75
2025-12-17 16:09:11,745: MaxHebb=0.33912, T=1.00, F=1.00, L=1.00, train_i=87100, total_steps=2177500
2025-12-17 16:09:11,746: it=87100, lxP=0.00, lxG=3.24, lxGt=22.90, lp=0.02, lg=2.21, aP=100.00, aGinf=87.50, aGt=64.25
2025-12-17 16:09:39,205: MaxHebb=0.33779, T=1.00, F=1.00, L=1.00, train_i=87200, total_steps=2180000
2025-12-17 16:09:39,205: it=87200, lxP=0.08, lxG=0.17, lxGt=22.24, lp=0.01, lg=2.09, aP=100.00, aGinf=91.50, aGt=65.50
2025-12-17 16:10:08,088: MaxHebb=0.34101, T=1.00, F=1.00, L=1.00, train_i=87300, total_steps=2182500
2025-12-17 16:10:08,088: it=87300, lxP=0.01, lxG=0.36, lxGt=21.11, lp=0.04, lg=2.16, aP=100.00, aGinf=87.25, aGt=63.50
2025-12-17 16:10:35,565: MaxHebb=0.33876, T=1.00, F=1.00, L=1.00, train_i=87400, total_steps=2185000
2025-12-17 16:10:35,565: it=87400, lxP=0.03, lxG=0.24, lxGt=19.58, lp=0.03, lg=2.18, aP=100.00, aGinf=88.75, aGt=66.50
2025-12-17 16:11:02,995: MaxHebb=0.33882, T=1.00, F=1.00, L=1.00, train_i=87500, total_steps=2187500
2025-12-17 16:11:02,995: it=87500, lxP=0.01, lxG=0.30, lxGt=19.78, lp=0.02, lg=2.17, aP=100.00, aGinf=91.00, aGt=68.25
2025-12-17 16:11:30,407: MaxHebb=0.33683, T=1.00, F=1.00, L=1.00, train_i=87600, total_steps=2190000
2025-12-17 16:11:30,407: it=87600, lxP=0.01, lxG=0.05, lxGt=22.95, lp=0.02, lg=2.12, aP=100.00, aGinf=88.50, aGt=62.25
2025-12-17 16:11:59,300: MaxHebb=0.33760, T=1.00, F=1.00, L=1.00, train_i=87700, total_steps=2192500
2025-12-17 16:11:59,300: it=87700, lxP=0.02, lxG=0.13, lxGt=20.40, lp=0.03, lg=2.13, aP=100.00, aGinf=88.75, aGt=64.50
2025-12-17 16:12:26,803: MaxHebb=0.33904, T=1.00, F=1.00, L=1.00, train_i=87800, total_steps=2195000
2025-12-17 16:12:26,803: it=87800, lxP=0.00, lxG=0.10, lxGt=23.98, lp=0.01, lg=2.17, aP=100.00, aGinf=86.75, aGt=59.25
2025-12-17 16:12:54,273: MaxHebb=0.33853, T=1.00, F=1.00, L=1.00, train_i=87900, total_steps=2197500
2025-12-17 16:12:54,273: it=87900, lxP=0.00, lxG=0.69, lxGt=19.25, lp=0.06, lg=2.26, aP=100.00, aGinf=86.25, aGt=62.50
2025-12-17 16:13:21,791: MaxHebb=0.33793, T=1.00, F=1.00, L=1.00, train_i=88000, total_steps=2200000
2025-12-17 16:13:21,791: it=88000, lxP=0.01, lxG=0.30, lxGt=22.50, lp=0.02, lg=2.18, aP=100.00, aGinf=93.00, aGt=68.50
2025-12-17 16:13:23,324: save data time 0.12, train_i=88000.00, total_steps=2200000.00
2025-12-17 16:13:50,806: MaxHebb=0.33804, T=1.00, F=1.00, L=1.00, train_i=88100, total_steps=2202500
2025-12-17 16:13:50,806: it=88100, lxP=0.00, lxG=0.21, lxGt=23.86, lp=0.02, lg=2.17, aP=100.00, aGinf=86.50, aGt=60.75
2025-12-17 16:14:18,281: MaxHebb=0.33591, T=1.00, F=1.00, L=1.00, train_i=88200, total_steps=2205000
2025-12-17 16:14:18,281: it=88200, lxP=0.00, lxG=0.57, lxGt=22.86, lp=0.01, lg=2.17, aP=100.00, aGinf=92.25, aGt=69.50
2025-12-17 16:14:45,697: MaxHebb=0.33602, T=1.00, F=1.00, L=1.00, train_i=88300, total_steps=2207500
2025-12-17 16:14:45,697: it=88300, lxP=0.01, lxG=0.08, lxGt=21.62, lp=0.02, lg=2.12, aP=100.00, aGinf=93.00, aGt=68.25
2025-12-17 16:15:13,181: MaxHebb=0.33423, T=1.00, F=1.00, L=1.00, train_i=88400, total_steps=2210000
2025-12-17 16:15:13,181: it=88400, lxP=0.06, lxG=0.21, lxGt=25.25, lp=0.01, lg=2.11, aP=100.00, aGinf=93.75, aGt=69.25
2025-12-17 16:15:41,947: MaxHebb=0.33935, T=1.00, F=1.00, L=1.00, train_i=88500, total_steps=2212500
2025-12-17 16:15:41,947: it=88500, lxP=0.00, lxG=0.10, lxGt=23.16, lp=0.01, lg=2.13, aP=100.00, aGinf=88.00, aGt=68.00
2025-12-17 16:16:09,326: MaxHebb=0.33808, T=1.00, F=1.00, L=1.00, train_i=88600, total_steps=2215000
2025-12-17 16:16:09,326: it=88600, lxP=0.01, lxG=0.55, lxGt=23.42, lp=0.01, lg=2.12, aP=100.00, aGinf=89.00, aGt=65.00
2025-12-17 16:16:36,729: MaxHebb=0.33926, T=1.00, F=1.00, L=1.00, train_i=88700, total_steps=2217500
2025-12-17 16:16:36,729: it=88700, lxP=0.00, lxG=0.47, lxGt=18.33, lp=0.03, lg=2.12, aP=100.00, aGinf=88.00, aGt=64.25
2025-12-17 16:17:04,145: MaxHebb=0.33614, T=1.00, F=1.00, L=1.00, train_i=88800, total_steps=2220000
2025-12-17 16:17:04,145: it=88800, lxP=0.02, lxG=0.16, lxGt=23.05, lp=0.01, lg=2.11, aP=100.00, aGinf=93.00, aGt=69.50
2025-12-17 16:17:33,009: MaxHebb=0.33830, T=1.00, F=1.00, L=1.00, train_i=88900, total_steps=2222500
2025-12-17 16:17:33,009: it=88900, lxP=0.01, lxG=0.09, lxGt=23.01, lp=0.01, lg=2.12, aP=100.00, aGinf=96.00, aGt=69.25
2025-12-17 16:18:00,385: MaxHebb=0.33328, T=1.00, F=1.00, L=1.00, train_i=89000, total_steps=2225000
2025-12-17 16:18:00,385: it=89000, lxP=0.00, lxG=0.18, lxGt=21.88, lp=0.01, lg=2.18, aP=100.00, aGinf=94.00, aGt=68.00
2025-12-17 16:18:27,821: MaxHebb=0.33463, T=1.00, F=1.00, L=1.00, train_i=89100, total_steps=2227500
2025-12-17 16:18:27,821: it=89100, lxP=0.01, lxG=0.24, lxGt=22.86, lp=0.01, lg=2.09, aP=100.00, aGinf=92.75, aGt=67.75
2025-12-17 16:18:55,258: MaxHebb=0.33849, T=1.00, F=1.00, L=1.00, train_i=89200, total_steps=2230000
2025-12-17 16:18:55,258: it=89200, lxP=0.01, lxG=0.11, lxGt=24.48, lp=0.03, lg=2.17, aP=100.00, aGinf=85.25, aGt=61.75
2025-12-17 16:19:24,167: MaxHebb=0.33726, T=1.00, F=1.00, L=1.00, train_i=89300, total_steps=2232500
2025-12-17 16:19:24,167: it=89300, lxP=0.00, lxG=0.14, lxGt=26.38, lp=0.02, lg=2.12, aP=100.00, aGinf=91.75, aGt=62.50
2025-12-17 16:19:51,669: MaxHebb=0.33625, T=1.00, F=1.00, L=1.00, train_i=89400, total_steps=2235000
2025-12-17 16:19:51,669: it=89400, lxP=0.00, lxG=0.65, lxGt=21.49, lp=0.01, lg=2.09, aP=100.00, aGinf=95.50, aGt=69.50
2025-12-17 16:20:19,186: MaxHebb=0.33753, T=1.00, F=1.00, L=1.00, train_i=89500, total_steps=2237500
2025-12-17 16:20:19,187: it=89500, lxP=0.00, lxG=0.22, lxGt=19.60, lp=0.02, lg=2.12, aP=100.00, aGinf=92.50, aGt=66.50
2025-12-17 16:20:46,622: MaxHebb=0.33634, T=1.00, F=1.00, L=1.00, train_i=89600, total_steps=2240000
2025-12-17 16:20:46,622: it=89600, lxP=0.00, lxG=0.14, lxGt=19.60, lp=0.02, lg=2.21, aP=100.00, aGinf=91.75, aGt=68.00
2025-12-17 16:21:15,463: MaxHebb=0.33974, T=1.00, F=1.00, L=1.00, train_i=89700, total_steps=2242500
2025-12-17 16:21:15,464: it=89700, lxP=0.02, lxG=0.23, lxGt=21.84, lp=0.02, lg=2.13, aP=100.00, aGinf=91.50, aGt=66.75
2025-12-17 16:21:42,898: MaxHebb=0.34099, T=1.00, F=1.00, L=1.00, train_i=89800, total_steps=2245000
2025-12-17 16:21:42,898: it=89800, lxP=0.02, lxG=0.09, lxGt=20.18, lp=0.03, lg=2.13, aP=100.00, aGinf=89.75, aGt=65.00
2025-12-17 16:22:10,342: MaxHebb=0.33735, T=1.00, F=1.00, L=1.00, train_i=89900, total_steps=2247500
2025-12-17 16:22:10,342: it=89900, lxP=0.02, lxG=0.30, lxGt=23.60, lp=0.02, lg=2.08, aP=100.00, aGinf=92.00, aGt=65.00
2025-12-17 16:22:37,819: MaxHebb=0.34097, T=1.00, F=1.00, L=1.00, train_i=90000, total_steps=2250000
2025-12-17 16:22:37,819: it=90000, lxP=0.00, lxG=0.08, lxGt=17.88, lp=0.04, lg=2.18, aP=100.00, aGinf=85.00, aGt=63.50
2025-12-17 16:22:39,334: save data time 0.10, train_i=90000.00, total_steps=2250000.00
2025-12-17 16:23:06,773: MaxHebb=0.33864, T=1.00, F=1.00, L=1.00, train_i=90100, total_steps=2252500
2025-12-17 16:23:06,773: it=90100, lxP=0.00, lxG=0.03, lxGt=22.66, lp=0.01, lg=2.12, aP=100.00, aGinf=87.25, aGt=63.50
2025-12-17 16:23:34,253: MaxHebb=0.33631, T=1.00, F=1.00, L=1.00, train_i=90200, total_steps=2255000
2025-12-17 16:23:34,253: it=90200, lxP=0.00, lxG=0.26, lxGt=23.28, lp=0.03, lg=2.13, aP=100.00, aGinf=94.75, aGt=66.00
2025-12-17 16:24:01,717: MaxHebb=0.33691, T=1.00, F=1.00, L=1.00, train_i=90300, total_steps=2257500
2025-12-17 16:24:01,717: it=90300, lxP=0.00, lxG=0.18, lxGt=24.71, lp=0.02, lg=2.11, aP=100.00, aGinf=94.50, aGt=67.50
2025-12-17 16:24:29,145: MaxHebb=0.33900, T=1.00, F=1.00, L=1.00, train_i=90400, total_steps=2260000
2025-12-17 16:24:29,145: it=90400, lxP=0.00, lxG=0.58, lxGt=19.76, lp=0.03, lg=2.15, aP=100.00, aGinf=91.00, aGt=69.00
2025-12-17 16:24:58,037: MaxHebb=0.33847, T=1.00, F=1.00, L=1.00, train_i=90500, total_steps=2262500
2025-12-17 16:24:58,037: it=90500, lxP=0.01, lxG=0.10, lxGt=24.91, lp=0.01, lg=2.11, aP=100.00, aGinf=92.75, aGt=63.25
2025-12-17 16:25:25,401: MaxHebb=0.33634, T=1.00, F=1.00, L=1.00, train_i=90600, total_steps=2265000
2025-12-17 16:25:25,401: it=90600, lxP=0.01, lxG=0.10, lxGt=19.99, lp=0.02, lg=2.16, aP=100.00, aGinf=92.25, aGt=69.00
2025-12-17 16:25:52,852: MaxHebb=0.33607, T=1.00, F=1.00, L=1.00, train_i=90700, total_steps=2267500
2025-12-17 16:25:52,852: it=90700, lxP=0.00, lxG=0.22, lxGt=28.80, lp=0.01, lg=2.12, aP=100.00, aGinf=88.25, aGt=62.25
2025-12-17 16:26:20,313: MaxHebb=0.33496, T=1.00, F=1.00, L=1.00, train_i=90800, total_steps=2270000
2025-12-17 16:26:20,314: it=90800, lxP=0.00, lxG=0.12, lxGt=23.46, lp=0.02, lg=2.14, aP=100.00, aGinf=89.25, aGt=63.50
2025-12-17 16:26:49,031: MaxHebb=0.33606, T=1.00, F=1.00, L=1.00, train_i=90900, total_steps=2272500
2025-12-17 16:26:49,031: it=90900, lxP=0.00, lxG=0.33, lxGt=21.51, lp=0.02, lg=2.15, aP=100.00, aGinf=95.25, aGt=67.25
2025-12-17 16:27:16,384: MaxHebb=0.33987, T=1.00, F=1.00, L=1.00, train_i=91000, total_steps=2275000
2025-12-17 16:27:16,384: it=91000, lxP=0.01, lxG=0.11, lxGt=21.40, lp=0.03, lg=2.13, aP=100.00, aGinf=82.75, aGt=57.50
2025-12-17 16:27:43,796: MaxHebb=0.34039, T=1.00, F=1.00, L=1.00, train_i=91100, total_steps=2277500
2025-12-17 16:27:43,796: it=91100, lxP=0.00, lxG=0.71, lxGt=22.80, lp=0.03, lg=2.14, aP=100.00, aGinf=86.50, aGt=59.75
2025-12-17 16:28:11,225: MaxHebb=0.33732, T=1.00, F=1.00, L=1.00, train_i=91200, total_steps=2280000
2025-12-17 16:28:11,225: it=91200, lxP=0.01, lxG=1.86, lxGt=19.79, lp=0.04, lg=2.15, aP=100.00, aGinf=85.25, aGt=63.75
2025-12-17 16:28:40,258: MaxHebb=0.33578, T=1.00, F=1.00, L=1.00, train_i=91300, total_steps=2282500
2025-12-17 16:28:40,258: it=91300, lxP=0.02, lxG=1.05, lxGt=20.11, lp=0.01, lg=2.13, aP=100.00, aGinf=87.00, aGt=60.50
2025-12-17 16:29:07,847: MaxHebb=0.33747, T=1.00, F=1.00, L=1.00, train_i=91400, total_steps=2285000
2025-12-17 16:29:07,847: it=91400, lxP=0.01, lxG=0.23, lxGt=18.93, lp=0.04, lg=2.13, aP=100.00, aGinf=89.50, aGt=65.75
2025-12-17 16:29:35,337: MaxHebb=0.33502, T=1.00, F=1.00, L=1.00, train_i=91500, total_steps=2287500
2025-12-17 16:29:35,337: it=91500, lxP=0.01, lxG=0.48, lxGt=20.60, lp=0.02, lg=2.14, aP=100.00, aGinf=88.50, aGt=65.75
2025-12-17 16:30:02,739: MaxHebb=0.33471, T=1.00, F=1.00, L=1.00, train_i=91600, total_steps=2290000
2025-12-17 16:30:02,739: it=91600, lxP=0.02, lxG=0.53, lxGt=23.40, lp=0.01, lg=2.09, aP=100.00, aGinf=94.25, aGt=65.50
2025-12-17 16:30:31,580: MaxHebb=0.33676, T=1.00, F=1.00, L=1.00, train_i=91700, total_steps=2292500
2025-12-17 16:30:31,580: it=91700, lxP=0.00, lxG=0.08, lxGt=17.78, lp=0.03, lg=2.17, aP=100.00, aGinf=86.00, aGt=60.50
2025-12-17 16:30:58,963: MaxHebb=0.33656, T=1.00, F=1.00, L=1.00, train_i=91800, total_steps=2295000
2025-12-17 16:30:58,963: it=91800, lxP=0.01, lxG=0.05, lxGt=20.26, lp=0.02, lg=2.10, aP=100.00, aGinf=89.75, aGt=67.75
2025-12-17 16:31:26,344: MaxHebb=0.33452, T=1.00, F=1.00, L=1.00, train_i=91900, total_steps=2297500
2025-12-17 16:31:26,344: it=91900, lxP=0.05, lxG=0.26, lxGt=20.07, lp=0.02, lg=2.14, aP=100.00, aGinf=94.50, aGt=67.00
2025-12-17 16:31:53,777: MaxHebb=0.33686, T=1.00, F=1.00, L=1.00, train_i=92000, total_steps=2300000
2025-12-17 16:31:53,777: it=92000, lxP=0.05, lxG=0.39, lxGt=23.95, lp=0.01, lg=2.13, aP=100.00, aGinf=91.00, aGt=66.00
2025-12-17 16:31:55,283: save data time 0.11, train_i=92000.00, total_steps=2300000.00
2025-12-17 16:32:22,703: MaxHebb=0.33634, T=1.00, F=1.00, L=1.00, train_i=92100, total_steps=2302500
2025-12-17 16:32:22,704: it=92100, lxP=0.01, lxG=0.24, lxGt=19.82, lp=0.01, lg=2.13, aP=100.00, aGinf=92.75, aGt=70.75
2025-12-17 16:32:50,123: MaxHebb=0.33301, T=1.00, F=1.00, L=1.00, train_i=92200, total_steps=2305000
2025-12-17 16:32:50,123: it=92200, lxP=0.01, lxG=0.09, lxGt=21.98, lp=0.01, lg=2.10, aP=100.00, aGinf=97.25, aGt=70.00
2025-12-17 16:33:17,520: MaxHebb=0.30794, T=1.00, F=1.00, L=1.00, train_i=92300, total_steps=2307500
2025-12-17 16:33:17,521: it=92300, lxP=0.01, lxG=0.07, lxGt=17.92, lp=0.01, lg=2.12, aP=100.00, aGinf=92.75, aGt=71.75
2025-12-17 16:33:44,932: MaxHebb=0.33587, T=1.00, F=1.00, L=1.00, train_i=92400, total_steps=2310000
2025-12-17 16:33:44,932: it=92400, lxP=0.00, lxG=0.43, lxGt=23.38, lp=0.02, lg=2.18, aP=100.00, aGinf=91.75, aGt=65.75
2025-12-17 16:34:13,660: MaxHebb=0.33708, T=1.00, F=1.00, L=1.00, train_i=92500, total_steps=2312500
2025-12-17 16:34:13,660: it=92500, lxP=0.01, lxG=0.15, lxGt=21.64, lp=0.03, lg=2.17, aP=100.00, aGinf=90.00, aGt=67.75
2025-12-17 16:34:41,044: MaxHebb=0.33839, T=1.00, F=1.00, L=1.00, train_i=92600, total_steps=2315000
2025-12-17 16:34:41,045: it=92600, lxP=0.00, lxG=0.69, lxGt=21.71, lp=0.02, lg=2.12, aP=100.00, aGinf=91.50, aGt=66.75
2025-12-17 16:35:08,529: MaxHebb=0.33713, T=1.00, F=1.00, L=1.00, train_i=92700, total_steps=2317500
2025-12-17 16:35:08,529: it=92700, lxP=0.00, lxG=1.68, lxGt=19.46, lp=0.02, lg=2.18, aP=100.00, aGinf=87.75, aGt=66.00
2025-12-17 16:35:35,842: MaxHebb=0.33698, T=1.00, F=1.00, L=1.00, train_i=92800, total_steps=2320000
2025-12-17 16:35:35,842: it=92800, lxP=0.05, lxG=0.23, lxGt=19.05, lp=0.02, lg=2.12, aP=100.00, aGinf=93.00, aGt=69.25
2025-12-17 16:36:04,754: MaxHebb=0.33222, T=1.00, F=1.00, L=1.00, train_i=92900, total_steps=2322500
2025-12-17 16:36:04,754: it=92900, lxP=0.01, lxG=0.34, lxGt=20.20, lp=0.01, lg=2.10, aP=100.00, aGinf=92.00, aGt=69.25
2025-12-17 16:36:32,202: MaxHebb=0.33610, T=1.00, F=1.00, L=1.00, train_i=93000, total_steps=2325000
2025-12-17 16:36:32,202: it=93000, lxP=0.02, lxG=0.18, lxGt=23.97, lp=0.01, lg=2.07, aP=100.00, aGinf=96.00, aGt=66.50
2025-12-17 16:36:59,609: MaxHebb=0.33349, T=1.00, F=1.00, L=1.00, train_i=93100, total_steps=2327500
2025-12-17 16:36:59,609: it=93100, lxP=0.01, lxG=0.12, lxGt=20.94, lp=0.03, lg=2.17, aP=100.00, aGinf=94.25, aGt=71.25
2025-12-17 16:37:27,046: MaxHebb=0.33522, T=1.00, F=1.00, L=1.00, train_i=93200, total_steps=2330000
2025-12-17 16:37:27,046: it=93200, lxP=0.00, lxG=0.28, lxGt=24.73, lp=0.01, lg=2.16, aP=100.00, aGinf=89.25, aGt=62.25
2025-12-17 16:37:55,826: MaxHebb=0.33487, T=1.00, F=1.00, L=1.00, train_i=93300, total_steps=2332500
2025-12-17 16:37:55,826: it=93300, lxP=0.01, lxG=0.61, lxGt=18.71, lp=0.01, lg=2.15, aP=100.00, aGinf=85.25, aGt=64.00
2025-12-17 16:38:23,319: MaxHebb=0.32286, T=1.00, F=1.00, L=1.00, train_i=93400, total_steps=2335000
2025-12-17 16:38:23,319: it=93400, lxP=0.02, lxG=0.60, lxGt=23.09, lp=0.01, lg=2.14, aP=100.00, aGinf=91.50, aGt=66.50
2025-12-17 16:38:50,662: MaxHebb=0.33089, T=1.00, F=1.00, L=1.00, train_i=93500, total_steps=2337500
2025-12-17 16:38:50,662: it=93500, lxP=0.00, lxG=0.28, lxGt=17.99, lp=0.02, lg=2.12, aP=100.00, aGinf=88.25, aGt=69.50
2025-12-17 16:39:18,078: MaxHebb=0.33709, T=1.00, F=1.00, L=1.00, train_i=93600, total_steps=2340000
2025-12-17 16:39:18,078: it=93600, lxP=0.02, lxG=0.08, lxGt=22.80, lp=0.02, lg=2.08, aP=100.00, aGinf=92.00, aGt=71.00
2025-12-17 16:39:46,965: MaxHebb=0.33400, T=1.00, F=1.00, L=1.00, train_i=93700, total_steps=2342500
2025-12-17 16:39:46,965: it=93700, lxP=0.01, lxG=0.85, lxGt=24.33, lp=0.02, lg=2.13, aP=100.00, aGinf=89.75, aGt=64.50
2025-12-17 16:40:14,373: MaxHebb=0.33185, T=1.00, F=1.00, L=1.00, train_i=93800, total_steps=2345000
2025-12-17 16:40:14,373: it=93800, lxP=0.00, lxG=0.09, lxGt=19.49, lp=0.02, lg=2.14, aP=100.00, aGinf=90.25, aGt=66.50
2025-12-17 16:40:41,859: MaxHebb=0.33313, T=1.00, F=1.00, L=1.00, train_i=93900, total_steps=2347500
2025-12-17 16:40:41,859: it=93900, lxP=0.00, lxG=0.20, lxGt=20.17, lp=0.04, lg=2.16, aP=100.00, aGinf=86.25, aGt=64.25
2025-12-17 16:41:09,223: MaxHebb=0.33541, T=1.00, F=1.00, L=1.00, train_i=94000, total_steps=2350000
2025-12-17 16:41:09,223: it=94000, lxP=0.03, lxG=0.09, lxGt=21.90, lp=0.02, lg=2.18, aP=100.00, aGinf=86.75, aGt=67.25
2025-12-17 16:41:10,718: save data time 0.10, train_i=94000.00, total_steps=2350000.00
2025-12-17 16:41:38,207: MaxHebb=0.33049, T=1.00, F=1.00, L=1.00, train_i=94100, total_steps=2352500
2025-12-17 16:41:38,207: it=94100, lxP=0.00, lxG=0.98, lxGt=23.44, lp=0.01, lg=2.08, aP=100.00, aGinf=90.50, aGt=66.00
2025-12-17 16:42:05,570: MaxHebb=0.33284, T=1.00, F=1.00, L=1.00, train_i=94200, total_steps=2355000
2025-12-17 16:42:05,570: it=94200, lxP=0.01, lxG=0.25, lxGt=21.22, lp=0.03, lg=2.18, aP=100.00, aGinf=92.25, aGt=68.25
2025-12-17 16:42:32,998: MaxHebb=0.33626, T=1.00, F=1.00, L=1.00, train_i=94300, total_steps=2357500
2025-12-17 16:42:32,998: it=94300, lxP=0.00, lxG=0.02, lxGt=21.77, lp=0.02, lg=2.14, aP=100.00, aGinf=91.00, aGt=66.50
2025-12-17 16:43:00,423: MaxHebb=0.32860, T=1.00, F=1.00, L=1.00, train_i=94400, total_steps=2360000
2025-12-17 16:43:00,423: it=94400, lxP=0.00, lxG=0.24, lxGt=23.90, lp=0.01, lg=2.12, aP=100.00, aGinf=93.00, aGt=65.00
2025-12-17 16:43:29,281: MaxHebb=0.33370, T=1.00, F=1.00, L=1.00, train_i=94500, total_steps=2362500
2025-12-17 16:43:29,281: it=94500, lxP=0.00, lxG=0.14, lxGt=21.72, lp=0.02, lg=2.13, aP=100.00, aGinf=88.50, aGt=62.50
2025-12-17 16:43:56,702: MaxHebb=0.33513, T=1.00, F=1.00, L=1.00, train_i=94600, total_steps=2365000
2025-12-17 16:43:56,703: it=94600, lxP=0.01, lxG=0.06, lxGt=18.70, lp=0.02, lg=2.14, aP=100.00, aGinf=86.25, aGt=63.25
2025-12-17 16:44:24,066: MaxHebb=0.33185, T=1.00, F=1.00, L=1.00, train_i=94700, total_steps=2367500
2025-12-17 16:44:24,066: it=94700, lxP=0.05, lxG=4.08, lxGt=29.12, lp=0.02, lg=2.17, aP=100.00, aGinf=83.50, aGt=54.50
2025-12-17 16:44:51,498: MaxHebb=0.27955, T=1.00, F=1.00, L=1.00, train_i=94800, total_steps=2370000
2025-12-17 16:44:51,498: it=94800, lxP=0.11, lxG=4.27, lxGt=36.86, lp=0.01, lg=2.48, aP=100.00, aGinf=61.00, aGt=29.00
2025-12-17 16:45:20,277: MaxHebb=0.33589, T=1.00, F=1.00, L=1.00, train_i=94900, total_steps=2372500
2025-12-17 16:45:20,277: it=94900, lxP=0.12, lxG=5.39, lxGt=36.94, lp=0.02, lg=2.53, aP=100.00, aGinf=64.25, aGt=31.50
2025-12-17 16:45:47,849: MaxHebb=0.33536, T=1.00, F=1.00, L=1.00, train_i=95000, total_steps=2375000
2025-12-17 16:45:47,849: it=95000, lxP=0.08, lxG=5.50, lxGt=33.25, lp=0.01, lg=2.60, aP=100.00, aGinf=57.75, aGt=32.25
2025-12-17 16:46:15,268: MaxHebb=0.33421, T=1.00, F=1.00, L=1.00, train_i=95100, total_steps=2377500
2025-12-17 16:46:15,268: it=95100, lxP=0.12, lxG=2.61, lxGt=37.60, lp=0.03, lg=2.51, aP=100.00, aGinf=65.25, aGt=29.25
2025-12-17 16:46:42,587: MaxHebb=0.33202, T=1.00, F=1.00, L=1.00, train_i=95200, total_steps=2380000
2025-12-17 16:46:42,587: it=95200, lxP=0.28, lxG=3.07, lxGt=35.15, lp=0.01, lg=2.51, aP=100.00, aGinf=60.75, aGt=32.75
2025-12-17 16:47:11,376: MaxHebb=0.33459, T=1.00, F=1.00, L=1.00, train_i=95300, total_steps=2382500
2025-12-17 16:47:11,376: it=95300, lxP=0.24, lxG=3.44, lxGt=31.60, lp=0.01, lg=2.49, aP=100.00, aGinf=59.75, aGt=31.75
2025-12-17 16:47:38,885: MaxHebb=0.33397, T=1.00, F=1.00, L=1.00, train_i=95400, total_steps=2385000
2025-12-17 16:47:38,885: it=95400, lxP=0.07, lxG=2.67, lxGt=34.91, lp=0.01, lg=2.55, aP=100.00, aGinf=63.75, aGt=31.50
2025-12-17 16:48:06,407: MaxHebb=0.33585, T=1.00, F=1.00, L=1.00, train_i=95500, total_steps=2387500
2025-12-17 16:48:06,407: it=95500, lxP=0.13, lxG=3.22, lxGt=25.75, lp=0.04, lg=2.56, aP=100.00, aGinf=57.25, aGt=32.00
2025-12-17 16:48:33,874: MaxHebb=0.33498, T=1.00, F=1.00, L=1.00, train_i=95600, total_steps=2390000
2025-12-17 16:48:33,874: it=95600, lxP=0.11, lxG=2.51, lxGt=30.09, lp=0.01, lg=2.55, aP=100.00, aGinf=66.25, aGt=34.25
2025-12-17 16:49:02,730: MaxHebb=0.33898, T=1.00, F=1.00, L=1.00, train_i=95700, total_steps=2392500
2025-12-17 16:49:02,730: it=95700, lxP=0.03, lxG=2.34, lxGt=33.54, lp=0.01, lg=2.49, aP=100.00, aGinf=60.75, aGt=32.75
2025-12-17 16:49:30,148: MaxHebb=0.33198, T=1.00, F=1.00, L=1.00, train_i=95800, total_steps=2395000
2025-12-17 16:49:30,148: it=95800, lxP=0.04, lxG=2.49, lxGt=33.24, lp=0.02, lg=2.53, aP=100.00, aGinf=64.75, aGt=33.25
2025-12-17 16:49:57,578: MaxHebb=0.34105, T=1.00, F=1.00, L=1.00, train_i=95900, total_steps=2397500
2025-12-17 16:49:57,578: it=95900, lxP=0.01, lxG=2.24, lxGt=27.69, lp=0.04, lg=2.53, aP=100.00, aGinf=67.75, aGt=43.75
2025-12-17 16:50:24,903: MaxHebb=0.33673, T=1.00, F=1.00, L=1.00, train_i=96000, total_steps=2400000
2025-12-17 16:50:24,904: it=96000, lxP=0.01, lxG=2.19, lxGt=33.61, lp=0.01, lg=2.55, aP=100.00, aGinf=69.00, aGt=32.25
2025-12-17 16:50:26,447: save data time 0.12, train_i=96000.00, total_steps=2400000.00
2025-12-17 16:50:53,956: MaxHebb=0.33503, T=1.00, F=1.00, L=1.00, train_i=96100, total_steps=2402500
2025-12-17 16:50:53,956: it=96100, lxP=0.28, lxG=1.91, lxGt=28.56, lp=0.02, lg=2.45, aP=100.00, aGinf=67.00, aGt=42.75
2025-12-17 16:51:21,490: MaxHebb=0.33295, T=1.00, F=1.00, L=1.00, train_i=96200, total_steps=2405000
2025-12-17 16:51:21,490: it=96200, lxP=0.08, lxG=1.41, lxGt=24.12, lp=0.02, lg=2.34, aP=100.00, aGinf=77.75, aGt=55.50
2025-12-17 16:51:48,981: MaxHebb=0.33608, T=1.00, F=1.00, L=1.00, train_i=96300, total_steps=2407500
2025-12-17 16:51:48,981: it=96300, lxP=0.01, lxG=1.51, lxGt=24.28, lp=0.04, lg=2.52, aP=100.00, aGinf=79.25, aGt=62.25
2025-12-17 16:52:16,505: MaxHebb=0.33486, T=1.00, F=1.00, L=1.00, train_i=96400, total_steps=2410000
2025-12-17 16:52:16,505: it=96400, lxP=0.02, lxG=0.64, lxGt=27.34, lp=0.01, lg=2.39, aP=100.00, aGinf=85.00, aGt=59.25
2025-12-17 16:52:45,514: MaxHebb=0.33577, T=1.00, F=1.00, L=1.00, train_i=96500, total_steps=2412500
2025-12-17 16:52:45,514: it=96500, lxP=0.01, lxG=0.54, lxGt=25.21, lp=0.02, lg=2.42, aP=100.00, aGinf=90.00, aGt=65.75
2025-12-17 16:53:13,078: MaxHebb=0.33347, T=1.00, F=1.00, L=1.00, train_i=96600, total_steps=2415000
2025-12-17 16:53:13,078: it=96600, lxP=0.00, lxG=1.05, lxGt=24.99, lp=0.03, lg=2.30, aP=100.00, aGinf=81.75, aGt=56.50
2025-12-17 16:53:40,504: MaxHebb=0.33434, T=1.00, F=1.00, L=1.00, train_i=96700, total_steps=2417500
2025-12-17 16:53:40,504: it=96700, lxP=0.00, lxG=2.68, lxGt=22.77, lp=0.02, lg=2.31, aP=100.00, aGinf=91.75, aGt=67.50
2025-12-17 16:54:08,023: MaxHebb=0.33609, T=1.00, F=1.00, L=1.00, train_i=96800, total_steps=2420000
2025-12-17 16:54:08,024: it=96800, lxP=0.01, lxG=0.81, lxGt=23.16, lp=0.01, lg=2.29, aP=100.00, aGinf=85.00, aGt=60.00
2025-12-17 16:54:36,936: MaxHebb=0.33821, T=1.00, F=1.00, L=1.00, train_i=96900, total_steps=2422500
2025-12-17 16:54:36,936: it=96900, lxP=0.00, lxG=0.35, lxGt=20.63, lp=0.01, lg=2.31, aP=100.00, aGinf=87.50, aGt=66.50
2025-12-17 16:55:04,330: MaxHebb=0.33985, T=1.00, F=1.00, L=1.00, train_i=97000, total_steps=2425000
2025-12-17 16:55:04,330: it=97000, lxP=0.01, lxG=0.30, lxGt=20.66, lp=0.02, lg=2.25, aP=100.00, aGinf=90.00, aGt=68.00
2025-12-17 16:55:31,771: MaxHebb=0.33559, T=1.00, F=1.00, L=1.00, train_i=97100, total_steps=2427500
2025-12-17 16:55:31,771: it=97100, lxP=0.04, lxG=1.12, lxGt=22.63, lp=0.03, lg=2.38, aP=100.00, aGinf=89.50, aGt=64.50
2025-12-17 16:55:59,258: MaxHebb=0.33661, T=1.00, F=1.00, L=1.00, train_i=97200, total_steps=2430000
2025-12-17 16:55:59,258: it=97200, lxP=0.00, lxG=0.06, lxGt=21.32, lp=0.02, lg=2.31, aP=100.00, aGinf=90.50, aGt=67.00
2025-12-17 16:56:28,088: MaxHebb=0.33819, T=1.00, F=1.00, L=1.00, train_i=97300, total_steps=2432500
2025-12-17 16:56:28,088: it=97300, lxP=0.00, lxG=0.41, lxGt=22.68, lp=0.01, lg=2.28, aP=100.00, aGinf=88.25, aGt=61.75
2025-12-17 16:56:55,627: MaxHebb=0.33627, T=1.00, F=1.00, L=1.00, train_i=97400, total_steps=2435000
2025-12-17 16:56:55,627: it=97400, lxP=0.03, lxG=1.03, lxGt=21.42, lp=0.04, lg=2.31, aP=100.00, aGinf=89.75, aGt=65.75
2025-12-17 16:57:23,034: MaxHebb=0.33630, T=1.00, F=1.00, L=1.00, train_i=97500, total_steps=2437500
2025-12-17 16:57:23,034: it=97500, lxP=0.01, lxG=1.10, lxGt=23.33, lp=0.02, lg=2.26, aP=100.00, aGinf=86.75, aGt=64.25
2025-12-17 16:57:50,479: MaxHebb=0.33838, T=1.00, F=1.00, L=1.00, train_i=97600, total_steps=2440000
2025-12-17 16:57:50,479: it=97600, lxP=0.00, lxG=6.95, lxGt=23.59, lp=0.01, lg=2.27, aP=100.00, aGinf=87.25, aGt=62.75
2025-12-17 16:58:19,409: MaxHebb=0.33560, T=1.00, F=1.00, L=1.00, train_i=97700, total_steps=2442500
2025-12-17 16:58:19,410: it=97700, lxP=0.01, lxG=0.19, lxGt=24.33, lp=0.02, lg=2.27, aP=100.00, aGinf=90.75, aGt=67.50
2025-12-17 16:58:46,827: MaxHebb=0.33877, T=1.00, F=1.00, L=1.00, train_i=97800, total_steps=2445000
2025-12-17 16:58:46,827: it=97800, lxP=0.00, lxG=0.49, lxGt=21.74, lp=0.02, lg=2.25, aP=100.00, aGinf=91.75, aGt=67.00
2025-12-17 16:59:14,311: MaxHebb=0.33881, T=1.00, F=1.00, L=1.00, train_i=97900, total_steps=2447500
2025-12-17 16:59:14,311: it=97900, lxP=0.01, lxG=0.44, lxGt=21.91, lp=0.02, lg=2.29, aP=100.00, aGinf=88.25, aGt=65.00
2025-12-17 16:59:41,861: MaxHebb=0.33861, T=1.00, F=1.00, L=1.00, train_i=98000, total_steps=2450000
2025-12-17 16:59:41,861: it=98000, lxP=0.01, lxG=0.08, lxGt=19.74, lp=0.02, lg=2.25, aP=100.00, aGinf=91.00, aGt=67.50
2025-12-17 16:59:43,408: save data time 0.14, train_i=98000.00, total_steps=2450000.00
2025-12-17 17:00:10,831: MaxHebb=0.33550, T=1.00, F=1.00, L=1.00, train_i=98100, total_steps=2452500
2025-12-17 17:00:10,831: it=98100, lxP=0.02, lxG=0.15, lxGt=25.00, lp=0.01, lg=2.23, aP=100.00, aGinf=94.50, aGt=67.25
2025-12-17 17:00:38,226: MaxHebb=0.33502, T=1.00, F=1.00, L=1.00, train_i=98200, total_steps=2455000
2025-12-17 17:00:38,227: it=98200, lxP=0.03, lxG=0.12, lxGt=20.93, lp=0.02, lg=2.23, aP=100.00, aGinf=92.00, aGt=66.50
2025-12-17 17:01:05,651: MaxHebb=0.33282, T=1.00, F=1.00, L=1.00, train_i=98300, total_steps=2457500
2025-12-17 17:01:05,651: it=98300, lxP=0.00, lxG=0.28, lxGt=17.44, lp=0.01, lg=2.25, aP=100.00, aGinf=92.75, aGt=70.25
2025-12-17 17:01:33,101: MaxHebb=0.33657, T=1.00, F=1.00, L=1.00, train_i=98400, total_steps=2460000
2025-12-17 17:01:33,101: it=98400, lxP=0.01, lxG=1.21, lxGt=24.53, lp=0.01, lg=2.21, aP=100.00, aGinf=89.75, aGt=64.50
2025-12-17 17:02:02,009: MaxHebb=0.33934, T=1.00, F=1.00, L=1.00, train_i=98500, total_steps=2462500
2025-12-17 17:02:02,009: it=98500, lxP=0.04, lxG=0.36, lxGt=22.13, lp=0.01, lg=2.19, aP=100.00, aGinf=89.00, aGt=66.00
2025-12-17 17:02:29,465: MaxHebb=0.33755, T=1.00, F=1.00, L=1.00, train_i=98600, total_steps=2465000
2025-12-17 17:02:29,465: it=98600, lxP=0.00, lxG=0.13, lxGt=22.17, lp=0.01, lg=2.30, aP=100.00, aGinf=89.50, aGt=66.00
2025-12-17 17:02:56,970: MaxHebb=0.33895, T=1.00, F=1.00, L=1.00, train_i=98700, total_steps=2467500
2025-12-17 17:02:56,970: it=98700, lxP=0.00, lxG=0.13, lxGt=20.36, lp=0.02, lg=2.29, aP=100.00, aGinf=82.75, aGt=61.00
2025-12-17 17:03:24,458: MaxHebb=0.33650, T=1.00, F=1.00, L=1.00, train_i=98800, total_steps=2470000
2025-12-17 17:03:24,459: it=98800, lxP=0.00, lxG=0.24, lxGt=19.07, lp=0.03, lg=2.29, aP=100.00, aGinf=85.50, aGt=62.75
2025-12-17 17:03:53,398: MaxHebb=0.33647, T=1.00, F=1.00, L=1.00, train_i=98900, total_steps=2472500
2025-12-17 17:03:53,398: it=98900, lxP=0.00, lxG=0.66, lxGt=20.53, lp=0.02, lg=2.20, aP=100.00, aGinf=89.50, aGt=66.75
2025-12-17 17:04:20,839: MaxHebb=0.33870, T=1.00, F=1.00, L=1.00, train_i=99000, total_steps=2475000
2025-12-17 17:04:20,839: it=99000, lxP=0.00, lxG=0.12, lxGt=22.06, lp=0.01, lg=2.22, aP=100.00, aGinf=90.25, aGt=68.75
2025-12-17 17:04:48,272: MaxHebb=0.33820, T=1.00, F=1.00, L=1.00, train_i=99100, total_steps=2477500
2025-12-17 17:04:48,273: it=99100, lxP=0.00, lxG=0.14, lxGt=21.13, lp=0.02, lg=2.22, aP=100.00, aGinf=90.75, aGt=70.75
2025-12-17 17:05:15,697: MaxHebb=0.33660, T=1.00, F=1.00, L=1.00, train_i=99200, total_steps=2480000
2025-12-17 17:05:15,697: it=99200, lxP=0.01, lxG=0.14, lxGt=18.72, lp=0.02, lg=2.22, aP=100.00, aGinf=85.00, aGt=64.00
2025-12-17 17:05:44,508: MaxHebb=0.33847, T=1.00, F=1.00, L=1.00, train_i=99300, total_steps=2482500
2025-12-17 17:05:44,508: it=99300, lxP=0.01, lxG=0.24, lxGt=21.74, lp=0.02, lg=2.21, aP=100.00, aGinf=89.50, aGt=60.00
2025-12-17 17:06:11,944: MaxHebb=0.33782, T=1.00, F=1.00, L=1.00, train_i=99400, total_steps=2485000
2025-12-17 17:06:11,944: it=99400, lxP=0.04, lxG=0.13, lxGt=20.25, lp=0.01, lg=2.21, aP=100.00, aGinf=91.50, aGt=68.50
2025-12-17 17:06:39,503: MaxHebb=0.33606, T=1.00, F=1.00, L=1.00, train_i=99500, total_steps=2487500
2025-12-17 17:06:39,503: it=99500, lxP=0.00, lxG=0.36, lxGt=22.59, lp=0.01, lg=2.20, aP=100.00, aGinf=89.25, aGt=62.50
2025-12-17 17:07:06,968: MaxHebb=0.33718, T=1.00, F=1.00, L=1.00, train_i=99600, total_steps=2490000
2025-12-17 17:07:06,968: it=99600, lxP=0.00, lxG=2.22, lxGt=25.49, lp=0.01, lg=2.17, aP=100.00, aGinf=92.25, aGt=66.00
2025-12-17 17:07:35,839: MaxHebb=0.33663, T=1.00, F=1.00, L=1.00, train_i=99700, total_steps=2492500
2025-12-17 17:07:35,839: it=99700, lxP=0.00, lxG=0.53, lxGt=25.06, lp=0.01, lg=2.19, aP=100.00, aGinf=90.75, aGt=62.00
2025-12-17 17:08:03,251: MaxHebb=0.33914, T=1.00, F=1.00, L=1.00, train_i=99800, total_steps=2495000
2025-12-17 17:08:03,251: it=99800, lxP=0.00, lxG=0.53, lxGt=20.50, lp=0.01, lg=2.18, aP=100.00, aGinf=88.50, aGt=64.75
2025-12-17 17:08:30,693: MaxHebb=0.33879, T=1.00, F=1.00, L=1.00, train_i=99900, total_steps=2497500
2025-12-17 17:08:30,693: it=99900, lxP=0.08, lxG=0.23, lxGt=21.05, lp=0.01, lg=2.12, aP=100.00, aGinf=90.50, aGt=68.50
2025-12-17 17:08:58,143: MaxHebb=0.33907, T=1.00, F=1.00, L=1.00, train_i=100000, total_steps=2500000
2025-12-17 17:08:58,143: it=100000, lxP=0.01, lxG=0.22, lxGt=21.13, lp=0.01, lg=2.13, aP=100.00, aGinf=88.25, aGt=65.75
2025-12-17 17:08:59,668: save data time 0.10, train_i=100000.00, total_steps=2500000.00
2025-12-17 17:09:27,106: MaxHebb=0.33862, T=1.00, F=1.00, L=1.00, train_i=100100, total_steps=2502500
2025-12-17 17:09:27,106: it=100100, lxP=0.01, lxG=0.25, lxGt=24.83, lp=0.01, lg=2.19, aP=100.00, aGinf=92.00, aGt=63.75
2025-12-17 17:09:54,559: MaxHebb=0.33209, T=1.00, F=1.00, L=1.00, train_i=100200, total_steps=2505000
2025-12-17 17:09:54,559: it=100200, lxP=0.03, lxG=0.24, lxGt=22.63, lp=0.02, lg=2.14, aP=100.00, aGinf=90.50, aGt=66.50
2025-12-17 17:10:21,973: MaxHebb=0.33979, T=1.00, F=1.00, L=1.00, train_i=100300, total_steps=2507500
2025-12-17 17:10:21,973: it=100300, lxP=0.01, lxG=0.51, lxGt=21.47, lp=0.02, lg=2.23, aP=100.00, aGinf=87.25, aGt=64.75
2025-12-17 17:10:49,453: MaxHebb=0.33718, T=1.00, F=1.00, L=1.00, train_i=100400, total_steps=2510000
2025-12-17 17:10:49,453: it=100400, lxP=0.01, lxG=0.18, lxGt=22.14, lp=0.01, lg=2.17, aP=100.00, aGinf=92.00, aGt=68.00
2025-12-17 17:11:18,251: MaxHebb=0.33915, T=1.00, F=1.00, L=1.00, train_i=100500, total_steps=2512500
2025-12-17 17:11:18,252: it=100500, lxP=0.01, lxG=0.14, lxGt=22.90, lp=0.01, lg=2.10, aP=100.00, aGinf=91.25, aGt=62.75
2025-12-17 17:11:45,716: MaxHebb=0.33809, T=1.00, F=1.00, L=1.00, train_i=100600, total_steps=2515000
2025-12-17 17:11:45,716: it=100600, lxP=0.00, lxG=0.29, lxGt=21.22, lp=0.01, lg=2.10, aP=100.00, aGinf=94.25, aGt=71.25
2025-12-17 17:12:13,148: MaxHebb=0.34064, T=1.00, F=1.00, L=1.00, train_i=100700, total_steps=2517500
2025-12-17 17:12:13,148: it=100700, lxP=0.00, lxG=0.21, lxGt=21.06, lp=0.01, lg=2.17, aP=100.00, aGinf=91.25, aGt=70.00
2025-12-17 17:12:40,559: MaxHebb=0.33770, T=1.00, F=1.00, L=1.00, train_i=100800, total_steps=2520000
2025-12-17 17:12:40,559: it=100800, lxP=0.00, lxG=0.19, lxGt=22.41, lp=0.01, lg=2.17, aP=100.00, aGinf=92.75, aGt=67.50
2025-12-17 17:13:09,382: MaxHebb=0.33933, T=1.00, F=1.00, L=1.00, train_i=100900, total_steps=2522500
2025-12-17 17:13:09,382: it=100900, lxP=0.00, lxG=0.17, lxGt=22.51, lp=0.01, lg=2.17, aP=100.00, aGinf=87.25, aGt=63.25
2025-12-17 17:13:36,902: MaxHebb=0.33910, T=1.00, F=1.00, L=1.00, train_i=101000, total_steps=2525000
2025-12-17 17:13:36,902: it=101000, lxP=0.00, lxG=0.16, lxGt=16.15, lp=0.02, lg=2.20, aP=100.00, aGinf=88.25, aGt=65.25
2025-12-17 17:14:04,288: MaxHebb=0.33799, T=1.00, F=1.00, L=1.00, train_i=101100, total_steps=2527500
2025-12-17 17:14:04,288: it=101100, lxP=0.00, lxG=4.03, lxGt=24.71, lp=0.01, lg=2.21, aP=100.00, aGinf=89.75, aGt=67.75
2025-12-17 17:14:31,815: MaxHebb=0.33829, T=1.00, F=1.00, L=1.00, train_i=101200, total_steps=2530000
2025-12-17 17:14:31,815: it=101200, lxP=0.01, lxG=0.26, lxGt=21.50, lp=0.02, lg=2.21, aP=100.00, aGinf=88.75, aGt=63.75
2025-12-17 17:15:00,781: MaxHebb=0.33826, T=1.00, F=1.00, L=1.00, train_i=101300, total_steps=2532500
2025-12-17 17:15:00,781: it=101300, lxP=0.00, lxG=0.45, lxGt=20.03, lp=0.03, lg=2.23, aP=100.00, aGinf=84.00, aGt=62.75
2025-12-17 17:15:28,176: MaxHebb=0.33798, T=1.00, F=1.00, L=1.00, train_i=101400, total_steps=2535000
2025-12-17 17:15:28,177: it=101400, lxP=0.00, lxG=0.60, lxGt=21.46, lp=0.02, lg=2.22, aP=100.00, aGinf=88.00, aGt=65.50
2025-12-17 17:15:55,628: MaxHebb=0.33862, T=1.00, F=1.00, L=1.00, train_i=101500, total_steps=2537500
2025-12-17 17:15:55,628: it=101500, lxP=0.00, lxG=0.34, lxGt=14.31, lp=0.04, lg=2.29, aP=100.00, aGinf=81.75, aGt=59.00
2025-12-17 17:16:23,059: MaxHebb=0.33665, T=1.00, F=1.00, L=1.00, train_i=101600, total_steps=2540000
2025-12-17 17:16:23,059: it=101600, lxP=0.00, lxG=0.59, lxGt=21.46, lp=0.01, lg=2.18, aP=100.00, aGinf=94.25, aGt=71.50
2025-12-17 17:16:51,871: MaxHebb=0.34134, T=1.00, F=1.00, L=1.00, train_i=101700, total_steps=2542500
2025-12-17 17:16:51,872: it=101700, lxP=0.00, lxG=0.85, lxGt=19.87, lp=0.02, lg=2.21, aP=100.00, aGinf=92.00, aGt=65.50
2025-12-17 17:17:19,239: MaxHebb=0.33911, T=1.00, F=1.00, L=1.00, train_i=101800, total_steps=2545000
2025-12-17 17:17:19,239: it=101800, lxP=0.02, lxG=0.33, lxGt=23.70, lp=0.02, lg=2.17, aP=100.00, aGinf=92.50, aGt=66.50
2025-12-17 17:17:46,660: MaxHebb=0.33931, T=1.00, F=1.00, L=1.00, train_i=101900, total_steps=2547500
2025-12-17 17:17:46,661: it=101900, lxP=0.00, lxG=0.23, lxGt=19.82, lp=0.03, lg=2.20, aP=100.00, aGinf=85.25, aGt=62.00
2025-12-17 17:18:14,022: MaxHebb=0.33884, T=1.00, F=1.00, L=1.00, train_i=102000, total_steps=2550000
2025-12-17 17:18:14,022: it=102000, lxP=0.02, lxG=0.97, lxGt=21.37, lp=0.01, lg=2.13, aP=100.00, aGinf=92.25, aGt=66.00
2025-12-17 17:18:15,595: save data time 0.14, train_i=102000.00, total_steps=2550000.00
2025-12-17 17:18:43,069: MaxHebb=0.33872, T=1.00, F=1.00, L=1.00, train_i=102100, total_steps=2552500
2025-12-17 17:18:43,070: it=102100, lxP=0.00, lxG=0.53, lxGt=21.48, lp=0.01, lg=2.20, aP=100.00, aGinf=90.50, aGt=66.50
2025-12-17 17:19:10,488: MaxHebb=0.33916, T=1.00, F=1.00, L=1.00, train_i=102200, total_steps=2555000
2025-12-17 17:19:10,488: it=102200, lxP=0.00, lxG=0.41, lxGt=20.39, lp=0.03, lg=2.25, aP=100.00, aGinf=88.00, aGt=61.75
2025-12-17 17:19:37,923: MaxHebb=0.34036, T=1.00, F=1.00, L=1.00, train_i=102300, total_steps=2557500
2025-12-17 17:19:37,923: it=102300, lxP=0.01, lxG=0.23, lxGt=24.55, lp=0.02, lg=2.19, aP=100.00, aGinf=92.00, aGt=65.50
2025-12-17 17:20:05,477: MaxHebb=0.33879, T=1.00, F=1.00, L=1.00, train_i=102400, total_steps=2560000
2025-12-17 17:20:05,477: it=102400, lxP=0.01, lxG=0.18, lxGt=20.34, lp=0.02, lg=2.20, aP=100.00, aGinf=88.75, aGt=63.25
2025-12-17 17:20:34,356: MaxHebb=0.33957, T=1.00, F=1.00, L=1.00, train_i=102500, total_steps=2562500
2025-12-17 17:20:34,356: it=102500, lxP=0.00, lxG=0.29, lxGt=17.89, lp=0.02, lg=2.23, aP=100.00, aGinf=92.00, aGt=67.50
2025-12-17 17:21:01,863: MaxHebb=0.34074, T=1.00, F=1.00, L=1.00, train_i=102600, total_steps=2565000
2025-12-17 17:21:01,864: it=102600, lxP=0.00, lxG=1.22, lxGt=23.16, lp=0.03, lg=2.19, aP=100.00, aGinf=89.50, aGt=64.00
2025-12-17 17:21:29,386: MaxHebb=0.34116, T=1.00, F=1.00, L=1.00, train_i=102700, total_steps=2567500
2025-12-17 17:21:29,386: it=102700, lxP=0.00, lxG=0.42, lxGt=24.10, lp=0.02, lg=2.21, aP=100.00, aGinf=92.25, aGt=68.00
2025-12-17 17:21:56,745: MaxHebb=0.33945, T=1.00, F=1.00, L=1.00, train_i=102800, total_steps=2570000
2025-12-17 17:21:56,745: it=102800, lxP=0.00, lxG=0.74, lxGt=19.71, lp=0.02, lg=2.15, aP=100.00, aGinf=91.50, aGt=67.50
2025-12-17 17:22:25,599: MaxHebb=0.33927, T=1.00, F=1.00, L=1.00, train_i=102900, total_steps=2572500
2025-12-17 17:22:25,599: it=102900, lxP=0.00, lxG=0.55, lxGt=22.91, lp=0.01, lg=2.18, aP=100.00, aGinf=89.50, aGt=64.50
2025-12-17 17:22:53,054: MaxHebb=0.33808, T=1.00, F=1.00, L=1.00, train_i=103000, total_steps=2575000
2025-12-17 17:22:53,054: it=103000, lxP=0.00, lxG=0.25, lxGt=17.98, lp=0.01, lg=2.18, aP=100.00, aGinf=87.25, aGt=65.75
2025-12-17 17:23:20,530: MaxHebb=0.34056, T=1.00, F=1.00, L=1.00, train_i=103100, total_steps=2577500
2025-12-17 17:23:20,530: it=103100, lxP=0.01, lxG=0.11, lxGt=18.04, lp=0.03, lg=2.18, aP=100.00, aGinf=87.50, aGt=68.00
2025-12-17 17:23:47,908: MaxHebb=0.34005, T=1.00, F=1.00, L=1.00, train_i=103200, total_steps=2580000
2025-12-17 17:23:47,908: it=103200, lxP=0.01, lxG=0.30, lxGt=21.85, lp=0.01, lg=2.16, aP=100.00, aGinf=90.75, aGt=66.75
2025-12-17 17:24:16,790: MaxHebb=0.33678, T=1.00, F=1.00, L=1.00, train_i=103300, total_steps=2582500
2025-12-17 17:24:16,790: it=103300, lxP=0.00, lxG=0.96, lxGt=25.63, lp=0.02, lg=2.15, aP=100.00, aGinf=85.50, aGt=62.00
2025-12-17 17:24:44,209: MaxHebb=0.34132, T=1.00, F=1.00, L=1.00, train_i=103400, total_steps=2585000
2025-12-17 17:24:44,209: it=103400, lxP=0.01, lxG=0.46, lxGt=21.35, lp=0.03, lg=2.20, aP=100.00, aGinf=87.00, aGt=64.50
2025-12-17 17:25:11,614: MaxHebb=0.33646, T=1.00, F=1.00, L=1.00, train_i=103500, total_steps=2587500
2025-12-17 17:25:11,614: it=103500, lxP=0.00, lxG=0.17, lxGt=22.07, lp=0.02, lg=2.14, aP=100.00, aGinf=91.00, aGt=66.50
2025-12-17 17:25:39,025: MaxHebb=0.33907, T=1.00, F=1.00, L=1.00, train_i=103600, total_steps=2590000
2025-12-17 17:25:39,025: it=103600, lxP=0.00, lxG=0.46, lxGt=20.67, lp=0.01, lg=2.11, aP=100.00, aGinf=92.00, aGt=68.00
2025-12-17 17:26:07,959: MaxHebb=0.34066, T=1.00, F=1.00, L=1.00, train_i=103700, total_steps=2592500
2025-12-17 17:26:07,959: it=103700, lxP=0.02, lxG=0.30, lxGt=20.25, lp=0.01, lg=2.11, aP=100.00, aGinf=89.75, aGt=66.25
2025-12-17 17:26:35,330: MaxHebb=0.33246, T=1.00, F=1.00, L=1.00, train_i=103800, total_steps=2595000
2025-12-17 17:26:35,330: it=103800, lxP=0.00, lxG=0.17, lxGt=20.25, lp=0.02, lg=2.14, aP=100.00, aGinf=89.25, aGt=65.75
2025-12-17 17:27:02,881: MaxHebb=0.33947, T=1.00, F=1.00, L=1.00, train_i=103900, total_steps=2597500
2025-12-17 17:27:02,881: it=103900, lxP=0.03, lxG=0.34, lxGt=23.06, lp=0.02, lg=2.10, aP=100.00, aGinf=89.25, aGt=68.00
2025-12-17 17:27:30,338: MaxHebb=0.33958, T=1.00, F=1.00, L=1.00, train_i=104000, total_steps=2600000
2025-12-17 17:27:30,338: it=104000, lxP=0.01, lxG=0.18, lxGt=18.87, lp=0.01, lg=2.11, aP=100.00, aGinf=95.00, aGt=73.00
2025-12-17 17:27:31,877: save data time 0.10, train_i=104000.00, total_steps=2600000.00
2025-12-17 17:27:59,258: MaxHebb=0.33849, T=1.00, F=1.00, L=1.00, train_i=104100, total_steps=2602500
2025-12-17 17:27:59,258: it=104100, lxP=0.01, lxG=0.93, lxGt=21.25, lp=0.01, lg=2.16, aP=100.00, aGinf=88.75, aGt=62.50
2025-12-17 17:28:26,643: MaxHebb=0.33676, T=1.00, F=1.00, L=1.00, train_i=104200, total_steps=2605000
2025-12-17 17:28:26,643: it=104200, lxP=0.00, lxG=0.13, lxGt=23.39, lp=0.01, lg=2.13, aP=100.00, aGinf=94.50, aGt=69.75
2025-12-17 17:28:54,110: MaxHebb=0.33662, T=1.00, F=1.00, L=1.00, train_i=104300, total_steps=2607500
2025-12-17 17:28:54,110: it=104300, lxP=0.00, lxG=0.15, lxGt=20.85, lp=0.01, lg=2.16, aP=100.00, aGinf=90.25, aGt=63.00
2025-12-17 17:29:21,510: MaxHebb=0.33926, T=1.00, F=1.00, L=1.00, train_i=104400, total_steps=2610000
2025-12-17 17:29:21,510: it=104400, lxP=0.00, lxG=0.04, lxGt=21.91, lp=0.01, lg=2.14, aP=100.00, aGinf=90.25, aGt=66.25
2025-12-17 17:29:50,412: MaxHebb=0.33683, T=1.00, F=1.00, L=1.00, train_i=104500, total_steps=2612500
2025-12-17 17:29:50,412: it=104500, lxP=0.00, lxG=0.60, lxGt=25.19, lp=0.01, lg=2.22, aP=100.00, aGinf=96.75, aGt=71.25
2025-12-17 17:30:17,825: MaxHebb=0.33427, T=1.00, F=1.00, L=1.00, train_i=104600, total_steps=2615000
2025-12-17 17:30:17,825: it=104600, lxP=0.01, lxG=0.24, lxGt=21.59, lp=0.01, lg=2.17, aP=100.00, aGinf=89.75, aGt=65.50
2025-12-17 17:30:45,281: MaxHebb=0.33287, T=1.00, F=1.00, L=1.00, train_i=104700, total_steps=2617500
2025-12-17 17:30:45,281: it=104700, lxP=0.00, lxG=0.11, lxGt=24.28, lp=0.01, lg=2.13, aP=100.00, aGinf=94.25, aGt=66.50
2025-12-17 17:31:12,717: MaxHebb=0.33237, T=1.00, F=1.00, L=1.00, train_i=104800, total_steps=2620000
2025-12-17 17:31:12,717: it=104800, lxP=0.00, lxG=0.09, lxGt=23.89, lp=0.02, lg=2.26, aP=100.00, aGinf=86.50, aGt=62.75
2025-12-17 17:31:41,544: MaxHebb=0.33773, T=1.00, F=1.00, L=1.00, train_i=104900, total_steps=2622500
2025-12-17 17:31:41,544: it=104900, lxP=0.00, lxG=0.09, lxGt=24.14, lp=0.01, lg=2.16, aP=100.00, aGinf=92.50, aGt=68.50
2025-12-17 17:32:09,004: MaxHebb=0.33593, T=1.00, F=1.00, L=1.00, train_i=105000, total_steps=2625000
2025-12-17 17:32:09,004: it=105000, lxP=0.00, lxG=0.35, lxGt=21.93, lp=0.02, lg=2.22, aP=100.00, aGinf=90.00, aGt=62.75
2025-12-17 17:32:36,430: MaxHebb=0.33692, T=1.00, F=1.00, L=1.00, train_i=105100, total_steps=2627500
2025-12-17 17:32:36,430: it=105100, lxP=0.04, lxG=0.38, lxGt=21.31, lp=0.02, lg=2.16, aP=100.00, aGinf=87.75, aGt=62.00
2025-12-17 17:33:03,826: MaxHebb=0.33925, T=1.00, F=1.00, L=1.00, train_i=105200, total_steps=2630000
2025-12-17 17:33:03,826: it=105200, lxP=0.01, lxG=0.28, lxGt=22.36, lp=0.02, lg=2.14, aP=100.00, aGinf=90.25, aGt=66.50
2025-12-17 17:33:32,697: MaxHebb=0.33616, T=1.00, F=1.00, L=1.00, train_i=105300, total_steps=2632500
2025-12-17 17:33:32,698: it=105300, lxP=0.04, lxG=2.36, lxGt=25.56, lp=0.02, lg=2.17, aP=100.00, aGinf=87.25, aGt=66.25
2025-12-17 17:34:00,127: MaxHebb=0.33599, T=1.00, F=1.00, L=1.00, train_i=105400, total_steps=2635000
2025-12-17 17:34:00,127: it=105400, lxP=0.00, lxG=0.31, lxGt=19.61, lp=0.02, lg=2.19, aP=100.00, aGinf=95.00, aGt=70.50
2025-12-17 17:34:27,649: MaxHebb=0.33333, T=1.00, F=1.00, L=1.00, train_i=105500, total_steps=2637500
2025-12-17 17:34:27,649: it=105500, lxP=0.01, lxG=0.25, lxGt=19.22, lp=0.03, lg=2.25, aP=100.00, aGinf=80.25, aGt=60.00
2025-12-17 17:34:55,078: MaxHebb=0.33256, T=1.00, F=1.00, L=1.00, train_i=105600, total_steps=2640000
2025-12-17 17:34:55,078: it=105600, lxP=0.01, lxG=0.31, lxGt=24.73, lp=0.01, lg=2.24, aP=100.00, aGinf=89.50, aGt=66.00
2025-12-17 17:35:24,034: MaxHebb=0.33483, T=1.00, F=1.00, L=1.00, train_i=105700, total_steps=2642500
2025-12-17 17:35:24,034: it=105700, lxP=0.00, lxG=0.14, lxGt=23.89, lp=0.02, lg=2.18, aP=100.00, aGinf=90.50, aGt=66.00
2025-12-17 17:35:51,522: MaxHebb=0.33326, T=1.00, F=1.00, L=1.00, train_i=105800, total_steps=2645000
2025-12-17 17:35:51,522: it=105800, lxP=0.00, lxG=0.10, lxGt=24.15, lp=0.02, lg=2.23, aP=100.00, aGinf=90.75, aGt=65.50
2025-12-17 17:36:18,971: MaxHebb=0.33676, T=1.00, F=1.00, L=1.00, train_i=105900, total_steps=2647500
2025-12-17 17:36:18,971: it=105900, lxP=0.03, lxG=0.30, lxGt=24.34, lp=0.01, lg=2.13, aP=100.00, aGinf=91.00, aGt=67.75
2025-12-17 17:36:46,488: MaxHebb=0.33725, T=1.00, F=1.00, L=1.00, train_i=106000, total_steps=2650000
2025-12-17 17:36:46,488: it=106000, lxP=0.02, lxG=0.22, lxGt=24.14, lp=0.02, lg=2.16, aP=100.00, aGinf=89.50, aGt=64.50
2025-12-17 17:36:48,056: save data time 0.13, train_i=106000.00, total_steps=2650000.00
2025-12-17 17:37:15,427: MaxHebb=0.33833, T=1.00, F=1.00, L=1.00, train_i=106100, total_steps=2652500
2025-12-17 17:37:15,427: it=106100, lxP=0.00, lxG=0.33, lxGt=17.91, lp=0.02, lg=2.22, aP=100.00, aGinf=88.25, aGt=64.50
2025-12-17 17:37:42,824: MaxHebb=0.33739, T=1.00, F=1.00, L=1.00, train_i=106200, total_steps=2655000
2025-12-17 17:37:42,824: it=106200, lxP=0.01, lxG=0.24, lxGt=23.36, lp=0.01, lg=2.13, aP=100.00, aGinf=92.75, aGt=65.75
2025-12-17 17:38:10,227: MaxHebb=0.33662, T=1.00, F=1.00, L=1.00, train_i=106300, total_steps=2657500
2025-12-17 17:38:10,228: it=106300, lxP=0.02, lxG=0.38, lxGt=21.21, lp=0.01, lg=2.18, aP=100.00, aGinf=87.50, aGt=67.25
2025-12-17 17:38:37,670: MaxHebb=0.33481, T=1.00, F=1.00, L=1.00, train_i=106400, total_steps=2660000
2025-12-17 17:38:37,670: it=106400, lxP=0.04, lxG=0.19, lxGt=22.11, lp=0.01, lg=2.19, aP=100.00, aGinf=88.25, aGt=66.25
2025-12-17 17:39:06,529: MaxHebb=0.33731, T=1.00, F=1.00, L=1.00, train_i=106500, total_steps=2662500
2025-12-17 17:39:06,529: it=106500, lxP=0.00, lxG=0.27, lxGt=20.35, lp=0.01, lg=2.16, aP=100.00, aGinf=97.00, aGt=71.25
2025-12-17 17:39:33,985: MaxHebb=0.33510, T=1.00, F=1.00, L=1.00, train_i=106600, total_steps=2665000
2025-12-17 17:39:33,986: it=106600, lxP=0.01, lxG=0.19, lxGt=20.66, lp=0.02, lg=2.19, aP=100.00, aGinf=91.25, aGt=67.75
2025-12-17 17:40:01,396: MaxHebb=0.33610, T=1.00, F=1.00, L=1.00, train_i=106700, total_steps=2667500
2025-12-17 17:40:01,396: it=106700, lxP=0.00, lxG=0.27, lxGt=26.22, lp=0.01, lg=2.21, aP=100.00, aGinf=88.50, aGt=63.75
2025-12-17 17:40:28,866: MaxHebb=0.33567, T=1.00, F=1.00, L=1.00, train_i=106800, total_steps=2670000
2025-12-17 17:40:28,866: it=106800, lxP=0.00, lxG=0.23, lxGt=19.99, lp=0.01, lg=2.15, aP=100.00, aGinf=90.50, aGt=69.25
2025-12-17 17:40:57,810: MaxHebb=0.33387, T=1.00, F=1.00, L=1.00, train_i=106900, total_steps=2672500
2025-12-17 17:40:57,810: it=106900, lxP=0.01, lxG=0.17, lxGt=23.56, lp=0.01, lg=2.20, aP=100.00, aGinf=88.75, aGt=61.50
2025-12-17 17:41:25,237: MaxHebb=0.33400, T=1.00, F=1.00, L=1.00, train_i=107000, total_steps=2675000
2025-12-17 17:41:25,238: it=107000, lxP=0.04, lxG=0.23, lxGt=22.70, lp=0.01, lg=2.08, aP=100.00, aGinf=92.00, aGt=63.00
2025-12-17 17:41:52,596: MaxHebb=0.33599, T=1.00, F=1.00, L=1.00, train_i=107100, total_steps=2677500
2025-12-17 17:41:52,596: it=107100, lxP=0.03, lxG=0.64, lxGt=21.12, lp=0.02, lg=2.17, aP=100.00, aGinf=84.00, aGt=62.50
2025-12-17 17:42:19,968: MaxHebb=0.33532, T=1.00, F=1.00, L=1.00, train_i=107200, total_steps=2680000
2025-12-17 17:42:19,968: it=107200, lxP=0.02, lxG=4.04, lxGt=26.91, lp=0.01, lg=2.23, aP=100.00, aGinf=86.25, aGt=61.00
2025-12-17 17:42:48,770: MaxHebb=0.33524, T=1.00, F=1.00, L=1.00, train_i=107300, total_steps=2682500
2025-12-17 17:42:48,770: it=107300, lxP=0.01, lxG=0.17, lxGt=19.20, lp=0.01, lg=2.15, aP=100.00, aGinf=91.50, aGt=67.50
2025-12-17 17:43:16,288: MaxHebb=0.33631, T=1.00, F=1.00, L=1.00, train_i=107400, total_steps=2685000
2025-12-17 17:43:16,288: it=107400, lxP=0.00, lxG=0.63, lxGt=25.80, lp=0.01, lg=2.22, aP=100.00, aGinf=87.00, aGt=59.50
2025-12-17 17:43:43,753: MaxHebb=0.33015, T=1.00, F=1.00, L=1.00, train_i=107500, total_steps=2687500
2025-12-17 17:43:43,753: it=107500, lxP=0.03, lxG=0.19, lxGt=21.68, lp=0.01, lg=2.17, aP=100.00, aGinf=90.00, aGt=68.25
2025-12-17 17:44:11,238: MaxHebb=0.33784, T=1.00, F=1.00, L=1.00, train_i=107600, total_steps=2690000
2025-12-17 17:44:11,238: it=107600, lxP=0.01, lxG=0.20, lxGt=20.52, lp=0.01, lg=2.17, aP=100.00, aGinf=91.00, aGt=62.50
2025-12-17 17:44:40,091: MaxHebb=0.33502, T=1.00, F=1.00, L=1.00, train_i=107700, total_steps=2692500
2025-12-17 17:44:40,091: it=107700, lxP=0.01, lxG=0.24, lxGt=24.55, lp=0.01, lg=2.19, aP=100.00, aGinf=92.75, aGt=68.25
2025-12-17 17:45:07,483: MaxHebb=0.33691, T=1.00, F=1.00, L=1.00, train_i=107800, total_steps=2695000
2025-12-17 17:45:07,483: it=107800, lxP=0.02, lxG=0.24, lxGt=24.33, lp=0.02, lg=2.16, aP=100.00, aGinf=88.25, aGt=62.50
2025-12-17 17:45:34,917: MaxHebb=0.33335, T=1.00, F=1.00, L=1.00, train_i=107900, total_steps=2697500
2025-12-17 17:45:34,917: it=107900, lxP=0.00, lxG=0.80, lxGt=16.35, lp=0.03, lg=2.23, aP=100.00, aGinf=85.75, aGt=64.50
2025-12-17 17:46:02,453: MaxHebb=0.33658, T=1.00, F=1.00, L=1.00, train_i=108000, total_steps=2700000
2025-12-17 17:46:02,453: it=108000, lxP=0.00, lxG=1.24, lxGt=22.54, lp=0.02, lg=2.18, aP=100.00, aGinf=85.00, aGt=59.50
2025-12-17 17:46:04,032: save data time 0.12, train_i=108000.00, total_steps=2700000.00
2025-12-17 17:46:31,458: MaxHebb=0.33579, T=1.00, F=1.00, L=1.00, train_i=108100, total_steps=2702500
2025-12-17 17:46:31,458: it=108100, lxP=0.00, lxG=0.13, lxGt=22.49, lp=0.02, lg=2.19, aP=100.00, aGinf=89.00, aGt=60.25
2025-12-17 17:46:58,878: MaxHebb=0.33690, T=1.00, F=1.00, L=1.00, train_i=108200, total_steps=2705000
2025-12-17 17:46:58,878: it=108200, lxP=0.00, lxG=0.48, lxGt=23.72, lp=0.02, lg=2.28, aP=100.00, aGinf=91.00, aGt=64.00
2025-12-17 17:47:26,245: MaxHebb=0.33628, T=1.00, F=1.00, L=1.00, train_i=108300, total_steps=2707500
2025-12-17 17:47:26,246: it=108300, lxP=0.02, lxG=0.61, lxGt=20.68, lp=0.02, lg=2.18, aP=100.00, aGinf=89.25, aGt=68.00
2025-12-17 17:47:53,686: MaxHebb=0.33837, T=1.00, F=1.00, L=1.00, train_i=108400, total_steps=2710000
2025-12-17 17:47:53,686: it=108400, lxP=0.01, lxG=0.52, lxGt=18.64, lp=0.01, lg=2.20, aP=100.00, aGinf=88.25, aGt=65.75
2025-12-17 17:48:22,525: MaxHebb=0.32803, T=1.00, F=1.00, L=1.00, train_i=108500, total_steps=2712500
2025-12-17 17:48:22,526: it=108500, lxP=0.00, lxG=0.14, lxGt=21.49, lp=0.01, lg=2.19, aP=100.00, aGinf=92.75, aGt=72.00
2025-12-17 17:48:50,020: MaxHebb=0.33585, T=1.00, F=1.00, L=1.00, train_i=108600, total_steps=2715000
2025-12-17 17:48:50,020: it=108600, lxP=0.01, lxG=3.60, lxGt=22.57, lp=0.01, lg=2.18, aP=100.00, aGinf=93.50, aGt=70.75
2025-12-17 17:49:17,454: MaxHebb=0.33399, T=1.00, F=1.00, L=1.00, train_i=108700, total_steps=2717500
2025-12-17 17:49:17,454: it=108700, lxP=0.00, lxG=0.19, lxGt=22.20, lp=0.03, lg=2.21, aP=100.00, aGinf=89.50, aGt=65.50
2025-12-17 17:49:44,857: MaxHebb=0.33563, T=1.00, F=1.00, L=1.00, train_i=108800, total_steps=2720000
2025-12-17 17:49:44,858: it=108800, lxP=0.01, lxG=0.27, lxGt=22.04, lp=0.01, lg=2.17, aP=100.00, aGinf=92.00, aGt=61.75
2025-12-17 17:50:13,804: MaxHebb=0.32822, T=1.00, F=1.00, L=1.00, train_i=108900, total_steps=2722500
2025-12-17 17:50:13,804: it=108900, lxP=0.00, lxG=0.27, lxGt=24.18, lp=0.02, lg=2.17, aP=100.00, aGinf=91.00, aGt=66.75
2025-12-17 17:50:41,218: MaxHebb=0.32781, T=1.00, F=1.00, L=1.00, train_i=109000, total_steps=2725000
2025-12-17 17:50:41,218: it=109000, lxP=0.01, lxG=1.64, lxGt=23.65, lp=0.01, lg=2.23, aP=100.00, aGinf=91.25, aGt=71.75
2025-12-17 17:51:08,699: MaxHebb=0.33595, T=1.00, F=1.00, L=1.00, train_i=109100, total_steps=2727500
2025-12-17 17:51:08,699: it=109100, lxP=0.00, lxG=0.83, lxGt=23.19, lp=0.01, lg=2.19, aP=100.00, aGinf=89.50, aGt=63.25
2025-12-17 17:51:36,041: MaxHebb=0.33374, T=1.00, F=1.00, L=1.00, train_i=109200, total_steps=2730000
2025-12-17 17:51:36,041: it=109200, lxP=0.02, lxG=0.34, lxGt=21.05, lp=0.02, lg=2.22, aP=100.00, aGinf=88.00, aGt=66.50
2025-12-17 17:52:04,883: MaxHebb=0.33837, T=1.00, F=1.00, L=1.00, train_i=109300, total_steps=2732500
2025-12-17 17:52:04,883: it=109300, lxP=0.01, lxG=0.27, lxGt=19.62, lp=0.03, lg=2.21, aP=100.00, aGinf=86.75, aGt=67.25
2025-12-17 17:52:32,361: MaxHebb=0.33515, T=1.00, F=1.00, L=1.00, train_i=109400, total_steps=2735000
2025-12-17 17:52:32,361: it=109400, lxP=0.00, lxG=0.10, lxGt=20.03, lp=0.02, lg=2.24, aP=100.00, aGinf=88.25, aGt=64.75
2025-12-17 17:52:59,873: MaxHebb=0.33605, T=1.00, F=1.00, L=1.00, train_i=109500, total_steps=2737500
2025-12-17 17:52:59,873: it=109500, lxP=0.00, lxG=0.10, lxGt=20.03, lp=0.02, lg=2.17, aP=100.00, aGinf=92.00, aGt=68.75
2025-12-17 17:53:27,308: MaxHebb=0.33595, T=1.00, F=1.00, L=1.00, train_i=109600, total_steps=2740000
2025-12-17 17:53:27,308: it=109600, lxP=0.00, lxG=0.53, lxGt=21.29, lp=0.01, lg=2.20, aP=100.00, aGinf=80.75, aGt=57.50
2025-12-17 17:53:56,170: MaxHebb=0.33346, T=1.00, F=1.00, L=1.00, train_i=109700, total_steps=2742500
2025-12-17 17:53:56,171: it=109700, lxP=0.04, lxG=0.53, lxGt=21.97, lp=0.02, lg=2.22, aP=100.00, aGinf=90.50, aGt=66.00
2025-12-17 17:54:23,567: MaxHebb=0.33769, T=1.00, F=1.00, L=1.00, train_i=109800, total_steps=2745000
2025-12-17 17:54:23,568: it=109800, lxP=0.00, lxG=0.37, lxGt=22.08, lp=0.02, lg=2.20, aP=100.00, aGinf=85.25, aGt=63.75
2025-12-17 17:54:51,037: MaxHebb=0.32754, T=1.00, F=1.00, L=1.00, train_i=109900, total_steps=2747500
2025-12-17 17:54:51,037: it=109900, lxP=0.20, lxG=16.05, lxGt=35.41, lp=0.02, lg=2.26, aP=100.00, aGinf=64.00, aGt=38.00
2025-12-17 17:55:18,441: MaxHebb=0.33713, T=1.00, F=1.00, L=1.00, train_i=110000, total_steps=2750000
2025-12-17 17:55:18,441: it=110000, lxP=0.00, lxG=0.08, lxGt=24.23, lp=0.02, lg=2.22, aP=100.00, aGinf=89.25, aGt=62.75
2025-12-17 17:55:19,962: save data time 0.11, train_i=110000.00, total_steps=2750000.00
2025-12-17 17:55:47,402: MaxHebb=0.33351, T=1.00, F=1.00, L=1.00, train_i=110100, total_steps=2752500
2025-12-17 17:55:47,402: it=110100, lxP=0.01, lxG=0.18, lxGt=20.38, lp=0.02, lg=2.19, aP=100.00, aGinf=87.25, aGt=63.75
2025-12-17 17:56:14,897: MaxHebb=0.33379, T=1.00, F=1.00, L=1.00, train_i=110200, total_steps=2755000
2025-12-17 17:56:14,897: it=110200, lxP=0.02, lxG=0.36, lxGt=18.72, lp=0.03, lg=2.18, aP=100.00, aGinf=90.75, aGt=64.50
2025-12-17 17:56:42,368: MaxHebb=0.33528, T=1.00, F=1.00, L=1.00, train_i=110300, total_steps=2757500
2025-12-17 17:56:42,368: it=110300, lxP=0.00, lxG=0.20, lxGt=20.77, lp=0.01, lg=2.14, aP=100.00, aGinf=93.25, aGt=70.00
2025-12-17 17:57:09,770: MaxHebb=0.33248, T=1.00, F=1.00, L=1.00, train_i=110400, total_steps=2760000
2025-12-17 17:57:09,770: it=110400, lxP=0.01, lxG=0.15, lxGt=17.14, lp=0.04, lg=2.28, aP=100.00, aGinf=87.50, aGt=65.50
2025-12-17 17:57:38,685: MaxHebb=0.33324, T=1.00, F=1.00, L=1.00, train_i=110500, total_steps=2762500
2025-12-17 17:57:38,685: it=110500, lxP=0.00, lxG=0.22, lxGt=24.51, lp=0.01, lg=2.17, aP=100.00, aGinf=93.50, aGt=68.25
2025-12-17 17:58:06,082: MaxHebb=0.33660, T=1.00, F=1.00, L=1.00, train_i=110600, total_steps=2765000
2025-12-17 17:58:06,082: it=110600, lxP=0.00, lxG=0.07, lxGt=20.73, lp=0.01, lg=2.18, aP=100.00, aGinf=94.00, aGt=69.00
2025-12-17 17:58:33,537: MaxHebb=0.33472, T=1.00, F=1.00, L=1.00, train_i=110700, total_steps=2767500
2025-12-17 17:58:33,537: it=110700, lxP=0.01, lxG=0.17, lxGt=21.92, lp=0.01, lg=2.19, aP=100.00, aGinf=91.75, aGt=67.25
2025-12-17 17:59:01,035: MaxHebb=0.33557, T=1.00, F=1.00, L=1.00, train_i=110800, total_steps=2770000
2025-12-17 17:59:01,035: it=110800, lxP=0.00, lxG=0.29, lxGt=22.97, lp=0.01, lg=2.18, aP=100.00, aGinf=95.25, aGt=69.25
2025-12-17 17:59:29,968: MaxHebb=0.33203, T=1.00, F=1.00, L=1.00, train_i=110900, total_steps=2772500
2025-12-17 17:59:29,969: it=110900, lxP=0.00, lxG=0.15, lxGt=18.59, lp=0.03, lg=2.27, aP=100.00, aGinf=85.75, aGt=66.00
2025-12-17 17:59:57,339: MaxHebb=0.32861, T=1.00, F=1.00, L=1.00, train_i=111000, total_steps=2775000
2025-12-17 17:59:57,339: it=111000, lxP=0.01, lxG=0.84, lxGt=23.43, lp=0.02, lg=2.18, aP=100.00, aGinf=92.75, aGt=68.00
2025-12-17 18:00:24,733: MaxHebb=0.33191, T=1.00, F=1.00, L=1.00, train_i=111100, total_steps=2777500
2025-12-17 18:00:24,733: it=111100, lxP=0.02, lxG=0.16, lxGt=22.46, lp=0.01, lg=2.14, aP=100.00, aGinf=93.25, aGt=69.00
2025-12-17 18:00:52,115: MaxHebb=0.33361, T=1.00, F=1.00, L=1.00, train_i=111200, total_steps=2780000
2025-12-17 18:00:52,115: it=111200, lxP=0.00, lxG=0.34, lxGt=17.85, lp=0.02, lg=2.25, aP=100.00, aGinf=89.00, aGt=67.75
2025-12-17 18:01:20,955: MaxHebb=0.33293, T=1.00, F=1.00, L=1.00, train_i=111300, total_steps=2782500
2025-12-17 18:01:20,955: it=111300, lxP=0.07, lxG=4.88, lxGt=29.78, lp=0.02, lg=2.34, aP=100.00, aGinf=80.25, aGt=52.75
2025-12-17 18:01:48,420: MaxHebb=0.33503, T=1.00, F=1.00, L=1.00, train_i=111400, total_steps=2785000
2025-12-17 18:01:48,420: it=111400, lxP=0.01, lxG=0.20, lxGt=21.09, lp=0.02, lg=2.27, aP=100.00, aGinf=89.00, aGt=64.00
2025-12-17 18:02:15,886: MaxHebb=0.33205, T=1.00, F=1.00, L=1.00, train_i=111500, total_steps=2787500
2025-12-17 18:02:15,886: it=111500, lxP=0.00, lxG=0.18, lxGt=23.26, lp=0.02, lg=2.27, aP=100.00, aGinf=90.50, aGt=71.25
2025-12-17 18:02:43,309: MaxHebb=0.33349, T=1.00, F=1.00, L=1.00, train_i=111600, total_steps=2790000
2025-12-17 18:02:43,309: it=111600, lxP=0.00, lxG=0.19, lxGt=22.69, lp=0.01, lg=2.21, aP=100.00, aGinf=92.50, aGt=67.50
2025-12-17 18:03:12,198: MaxHebb=0.33105, T=1.00, F=1.00, L=1.00, train_i=111700, total_steps=2792500
2025-12-17 18:03:12,198: it=111700, lxP=0.01, lxG=0.37, lxGt=24.57, lp=0.02, lg=2.29, aP=100.00, aGinf=89.75, aGt=69.00
2025-12-17 18:03:39,749: MaxHebb=0.33321, T=1.00, F=1.00, L=1.00, train_i=111800, total_steps=2795000
2025-12-17 18:03:39,749: it=111800, lxP=0.01, lxG=0.08, lxGt=21.42, lp=0.03, lg=2.25, aP=100.00, aGinf=86.25, aGt=61.75
2025-12-17 18:04:07,234: MaxHebb=0.33488, T=1.00, F=1.00, L=1.00, train_i=111900, total_steps=2797500
2025-12-17 18:04:07,234: it=111900, lxP=0.00, lxG=0.31, lxGt=19.37, lp=0.02, lg=2.22, aP=100.00, aGinf=92.00, aGt=67.25
2025-12-17 18:04:34,689: MaxHebb=0.33340, T=1.00, F=1.00, L=1.00, train_i=112000, total_steps=2800000
2025-12-17 18:04:34,690: it=112000, lxP=0.10, lxG=0.40, lxGt=22.25, lp=0.01, lg=2.22, aP=100.00, aGinf=87.75, aGt=66.25
2025-12-17 18:04:36,214: save data time 0.13, train_i=112000.00, total_steps=2800000.00
2025-12-17 18:05:03,559: MaxHebb=0.32698, T=1.00, F=1.00, L=1.00, train_i=112100, total_steps=2802500
2025-12-17 18:05:03,559: it=112100, lxP=0.01, lxG=0.29, lxGt=20.49, lp=0.01, lg=2.24, aP=100.00, aGinf=91.75, aGt=69.00
2025-12-17 18:05:30,969: MaxHebb=0.33307, T=1.00, F=1.00, L=1.00, train_i=112200, total_steps=2805000
2025-12-17 18:05:30,969: it=112200, lxP=0.00, lxG=0.63, lxGt=25.68, lp=0.01, lg=2.23, aP=100.00, aGinf=87.50, aGt=66.25
2025-12-17 18:05:58,370: MaxHebb=0.33660, T=1.00, F=1.00, L=1.00, train_i=112300, total_steps=2807500
2025-12-17 18:05:58,370: it=112300, lxP=0.02, lxG=0.09, lxGt=18.01, lp=0.03, lg=2.22, aP=100.00, aGinf=86.00, aGt=66.50
2025-12-17 18:06:25,790: MaxHebb=0.33625, T=1.00, F=1.00, L=1.00, train_i=112400, total_steps=2810000
2025-12-17 18:06:25,790: it=112400, lxP=0.01, lxG=0.62, lxGt=16.21, lp=0.02, lg=2.22, aP=100.00, aGinf=88.00, aGt=68.50
2025-12-17 18:06:54,539: MaxHebb=0.33828, T=1.00, F=1.00, L=1.00, train_i=112500, total_steps=2812500
2025-12-17 18:06:54,539: it=112500, lxP=0.00, lxG=1.76, lxGt=23.59, lp=0.02, lg=2.23, aP=100.00, aGinf=89.50, aGt=66.50
2025-12-17 18:07:21,993: MaxHebb=0.33571, T=1.00, F=1.00, L=1.00, train_i=112600, total_steps=2815000
2025-12-17 18:07:21,993: it=112600, lxP=0.00, lxG=0.55, lxGt=24.13, lp=0.02, lg=2.29, aP=100.00, aGinf=89.25, aGt=63.00
2025-12-17 18:07:49,467: MaxHebb=0.33599, T=1.00, F=1.00, L=1.00, train_i=112700, total_steps=2817500
2025-12-17 18:07:49,467: it=112700, lxP=0.00, lxG=0.10, lxGt=20.69, lp=0.01, lg=2.27, aP=100.00, aGinf=93.50, aGt=67.50
2025-12-17 18:08:16,898: MaxHebb=0.33658, T=1.00, F=1.00, L=1.00, train_i=112800, total_steps=2820000
2025-12-17 18:08:16,898: it=112800, lxP=0.01, lxG=1.06, lxGt=23.29, lp=0.01, lg=2.18, aP=100.00, aGinf=86.25, aGt=60.75
2025-12-17 18:08:45,893: MaxHebb=0.33613, T=1.00, F=1.00, L=1.00, train_i=112900, total_steps=2822500
2025-12-17 18:08:45,893: it=112900, lxP=0.04, lxG=0.24, lxGt=23.93, lp=0.02, lg=2.25, aP=100.00, aGinf=85.25, aGt=63.00
2025-12-17 18:09:13,366: MaxHebb=0.33373, T=1.00, F=1.00, L=1.00, train_i=113000, total_steps=2825000
2025-12-17 18:09:13,366: it=113000, lxP=0.02, lxG=0.14, lxGt=23.37, lp=0.02, lg=2.24, aP=100.00, aGinf=88.00, aGt=64.00
2025-12-17 18:09:40,801: MaxHebb=0.33661, T=1.00, F=1.00, L=1.00, train_i=113100, total_steps=2827500
2025-12-17 18:09:40,801: it=113100, lxP=0.01, lxG=0.20, lxGt=21.09, lp=0.02, lg=2.21, aP=100.00, aGinf=90.75, aGt=69.25
2025-12-17 18:10:08,312: MaxHebb=0.33642, T=1.00, F=1.00, L=1.00, train_i=113200, total_steps=2830000
2025-12-17 18:10:08,312: it=113200, lxP=0.02, lxG=0.34, lxGt=23.71, lp=0.02, lg=2.19, aP=100.00, aGinf=88.25, aGt=66.50
2025-12-17 18:10:37,281: MaxHebb=0.33547, T=1.00, F=1.00, L=1.00, train_i=113300, total_steps=2832500
2025-12-17 18:10:37,281: it=113300, lxP=0.01, lxG=0.20, lxGt=24.06, lp=0.01, lg=2.21, aP=100.00, aGinf=94.50, aGt=70.50
2025-12-17 18:11:04,740: MaxHebb=0.33111, T=1.00, F=1.00, L=1.00, train_i=113400, total_steps=2835000
2025-12-17 18:11:04,741: it=113400, lxP=0.07, lxG=0.19, lxGt=18.05, lp=0.04, lg=2.20, aP=100.00, aGinf=79.25, aGt=59.50
2025-12-17 18:11:32,220: MaxHebb=0.33741, T=1.00, F=1.00, L=1.00, train_i=113500, total_steps=2837500
2025-12-17 18:11:32,221: it=113500, lxP=0.03, lxG=0.72, lxGt=20.12, lp=0.02, lg=2.19, aP=100.00, aGinf=87.25, aGt=64.25
2025-12-17 18:11:59,712: MaxHebb=0.33226, T=1.00, F=1.00, L=1.00, train_i=113600, total_steps=2840000
2025-12-17 18:11:59,712: it=113600, lxP=0.01, lxG=0.55, lxGt=23.54, lp=0.02, lg=2.30, aP=100.00, aGinf=86.75, aGt=61.75
2025-12-17 18:12:28,542: MaxHebb=0.33634, T=1.00, F=1.00, L=1.00, train_i=113700, total_steps=2842500
2025-12-17 18:12:28,542: it=113700, lxP=0.00, lxG=0.90, lxGt=25.00, lp=0.02, lg=2.24, aP=100.00, aGinf=83.25, aGt=57.50
2025-12-17 18:12:56,026: MaxHebb=0.33479, T=1.00, F=1.00, L=1.00, train_i=113800, total_steps=2845000
2025-12-17 18:12:56,026: it=113800, lxP=0.00, lxG=0.82, lxGt=22.97, lp=0.01, lg=2.24, aP=100.00, aGinf=88.25, aGt=64.25
2025-12-17 18:13:23,493: MaxHebb=0.33650, T=1.00, F=1.00, L=1.00, train_i=113900, total_steps=2847500
2025-12-17 18:13:23,493: it=113900, lxP=0.00, lxG=0.26, lxGt=23.26, lp=0.01, lg=2.23, aP=100.00, aGinf=89.75, aGt=64.75
2025-12-17 18:13:50,934: MaxHebb=0.33483, T=1.00, F=1.00, L=1.00, train_i=114000, total_steps=2850000
2025-12-17 18:13:50,934: it=114000, lxP=0.04, lxG=4.93, lxGt=26.09, lp=0.02, lg=2.26, aP=100.00, aGinf=87.00, aGt=60.25
2025-12-17 18:13:52,444: save data time 0.10, train_i=114000.00, total_steps=2850000.00
2025-12-17 18:14:19,885: MaxHebb=0.33529, T=1.00, F=1.00, L=1.00, train_i=114100, total_steps=2852500
2025-12-17 18:14:19,885: it=114100, lxP=0.01, lxG=1.29, lxGt=23.88, lp=0.01, lg=2.34, aP=100.00, aGinf=88.25, aGt=63.50
2025-12-17 18:14:47,316: MaxHebb=0.33666, T=1.00, F=1.00, L=1.00, train_i=114200, total_steps=2855000
2025-12-17 18:14:47,316: it=114200, lxP=0.01, lxG=0.18, lxGt=18.38, lp=0.02, lg=2.23, aP=100.00, aGinf=86.00, aGt=66.50
2025-12-17 18:15:14,788: MaxHebb=0.33357, T=1.00, F=1.00, L=1.00, train_i=114300, total_steps=2857500
2025-12-17 18:15:14,788: it=114300, lxP=0.01, lxG=0.49, lxGt=22.89, lp=0.01, lg=2.24, aP=100.00, aGinf=87.50, aGt=61.50
2025-12-17 18:15:42,224: MaxHebb=0.33534, T=1.00, F=1.00, L=1.00, train_i=114400, total_steps=2860000
2025-12-17 18:15:42,225: it=114400, lxP=0.00, lxG=0.16, lxGt=18.48, lp=0.01, lg=2.29, aP=100.00, aGinf=90.00, aGt=65.75
2025-12-17 18:16:11,196: MaxHebb=0.33366, T=1.00, F=1.00, L=1.00, train_i=114500, total_steps=2862500
2025-12-17 18:16:11,196: it=114500, lxP=0.00, lxG=0.26, lxGt=22.78, lp=0.02, lg=2.22, aP=100.00, aGinf=90.75, aGt=65.75
2025-12-17 18:16:38,581: MaxHebb=0.33879, T=1.00, F=1.00, L=1.00, train_i=114600, total_steps=2865000
2025-12-17 18:16:38,581: it=114600, lxP=0.00, lxG=1.05, lxGt=19.08, lp=0.01, lg=2.25, aP=100.00, aGinf=85.75, aGt=60.75
2025-12-17 18:17:05,962: MaxHebb=0.33435, T=1.00, F=1.00, L=1.00, train_i=114700, total_steps=2867500
2025-12-17 18:17:05,962: it=114700, lxP=0.01, lxG=0.19, lxGt=18.01, lp=0.02, lg=2.27, aP=100.00, aGinf=86.50, aGt=68.00
2025-12-17 18:17:33,480: MaxHebb=0.33732, T=1.00, F=1.00, L=1.00, train_i=114800, total_steps=2870000
2025-12-17 18:17:33,481: it=114800, lxP=0.00, lxG=0.44, lxGt=22.19, lp=0.01, lg=2.26, aP=100.00, aGinf=91.25, aGt=64.25
2025-12-17 18:18:02,353: MaxHebb=0.33306, T=1.00, F=1.00, L=1.00, train_i=114900, total_steps=2872500
2025-12-17 18:18:02,353: it=114900, lxP=0.02, lxG=0.52, lxGt=21.66, lp=0.02, lg=2.28, aP=100.00, aGinf=87.25, aGt=62.00
2025-12-17 18:18:29,778: MaxHebb=0.33470, T=1.00, F=1.00, L=1.00, train_i=115000, total_steps=2875000
2025-12-17 18:18:29,778: it=115000, lxP=0.01, lxG=0.68, lxGt=25.75, lp=0.01, lg=2.21, aP=100.00, aGinf=92.25, aGt=65.00
2025-12-17 18:18:57,240: MaxHebb=0.33355, T=1.00, F=1.00, L=1.00, train_i=115100, total_steps=2877500
2025-12-17 18:18:57,240: it=115100, lxP=0.00, lxG=0.11, lxGt=23.12, lp=0.02, lg=2.30, aP=100.00, aGinf=89.25, aGt=63.75
2025-12-17 18:19:24,606: MaxHebb=0.33630, T=1.00, F=1.00, L=1.00, train_i=115200, total_steps=2880000
2025-12-17 18:19:24,606: it=115200, lxP=0.01, lxG=0.31, lxGt=22.08, lp=0.03, lg=2.29, aP=100.00, aGinf=84.25, aGt=62.00
2025-12-17 18:19:53,356: MaxHebb=0.33518, T=1.00, F=1.00, L=1.00, train_i=115300, total_steps=2882500
2025-12-17 18:19:53,356: it=115300, lxP=0.00, lxG=0.35, lxGt=19.10, lp=0.01, lg=2.18, aP=100.00, aGinf=89.00, aGt=68.00
2025-12-17 18:20:20,805: MaxHebb=0.33630, T=1.00, F=1.00, L=1.00, train_i=115400, total_steps=2885000
2025-12-17 18:20:20,805: it=115400, lxP=0.02, lxG=0.18, lxGt=20.38, lp=0.01, lg=2.24, aP=100.00, aGinf=84.50, aGt=65.25
2025-12-17 18:20:48,298: MaxHebb=0.33478, T=1.00, F=1.00, L=1.00, train_i=115500, total_steps=2887500
2025-12-17 18:20:48,299: it=115500, lxP=0.02, lxG=0.30, lxGt=23.70, lp=0.01, lg=2.22, aP=100.00, aGinf=86.50, aGt=67.25
2025-12-17 18:21:15,731: MaxHebb=0.33624, T=1.00, F=1.00, L=1.00, train_i=115600, total_steps=2890000
2025-12-17 18:21:15,731: it=115600, lxP=0.01, lxG=0.36, lxGt=19.41, lp=0.02, lg=2.26, aP=100.00, aGinf=83.50, aGt=64.25
2025-12-17 18:21:44,705: MaxHebb=0.33322, T=1.00, F=1.00, L=1.00, train_i=115700, total_steps=2892500
2025-12-17 18:21:44,705: it=115700, lxP=0.00, lxG=0.13, lxGt=20.51, lp=0.01, lg=2.26, aP=100.00, aGinf=91.25, aGt=70.50
2025-12-17 18:22:12,288: MaxHebb=0.33190, T=1.00, F=1.00, L=1.00, train_i=115800, total_steps=2895000
2025-12-17 18:22:12,289: it=115800, lxP=0.00, lxG=0.08, lxGt=26.77, lp=0.02, lg=2.28, aP=100.00, aGinf=87.25, aGt=60.25
2025-12-17 18:22:39,809: MaxHebb=0.33145, T=1.00, F=1.00, L=1.00, train_i=115900, total_steps=2897500
2025-12-17 18:22:39,809: it=115900, lxP=0.04, lxG=0.50, lxGt=21.97, lp=0.02, lg=2.32, aP=100.00, aGinf=85.00, aGt=62.25
2025-12-17 18:23:07,307: MaxHebb=0.33387, T=1.00, F=1.00, L=1.00, train_i=116000, total_steps=2900000
2025-12-17 18:23:07,307: it=116000, lxP=0.01, lxG=0.45, lxGt=21.43, lp=0.03, lg=2.27, aP=100.00, aGinf=86.25, aGt=64.75
2025-12-17 18:23:08,845: save data time 0.10, train_i=116000.00, total_steps=2900000.00
2025-12-17 18:23:36,199: MaxHebb=0.33395, T=1.00, F=1.00, L=1.00, train_i=116100, total_steps=2902500
2025-12-17 18:23:36,199: it=116100, lxP=0.02, lxG=0.33, lxGt=23.89, lp=0.01, lg=2.23, aP=100.00, aGinf=85.00, aGt=64.25
2025-12-17 18:24:03,552: MaxHebb=0.33189, T=1.00, F=1.00, L=1.00, train_i=116200, total_steps=2905000
2025-12-17 18:24:03,552: it=116200, lxP=0.00, lxG=0.18, lxGt=24.37, lp=0.01, lg=2.28, aP=100.00, aGinf=89.50, aGt=67.50
2025-12-17 18:24:30,967: MaxHebb=0.33391, T=1.00, F=1.00, L=1.00, train_i=116300, total_steps=2907500
2025-12-17 18:24:30,967: it=116300, lxP=0.01, lxG=0.05, lxGt=20.96, lp=0.01, lg=2.22, aP=100.00, aGinf=92.25, aGt=67.50
2025-12-17 18:24:58,423: MaxHebb=0.33380, T=1.00, F=1.00, L=1.00, train_i=116400, total_steps=2910000
2025-12-17 18:24:58,424: it=116400, lxP=0.04, lxG=0.19, lxGt=26.01, lp=0.01, lg=2.24, aP=100.00, aGinf=92.75, aGt=67.25
2025-12-17 18:25:27,361: MaxHebb=0.33455, T=1.00, F=1.00, L=1.00, train_i=116500, total_steps=2912500
2025-12-17 18:25:27,361: it=116500, lxP=0.04, lxG=0.48, lxGt=20.24, lp=0.01, lg=2.25, aP=100.00, aGinf=82.00, aGt=59.00
2025-12-17 18:25:54,763: MaxHebb=0.33612, T=1.00, F=1.00, L=1.00, train_i=116600, total_steps=2915000
2025-12-17 18:25:54,763: it=116600, lxP=0.01, lxG=0.12, lxGt=19.61, lp=0.02, lg=2.26, aP=100.00, aGinf=87.50, aGt=64.50
2025-12-17 18:26:22,147: MaxHebb=0.33312, T=1.00, F=1.00, L=1.00, train_i=116700, total_steps=2917500
2025-12-17 18:26:22,147: it=116700, lxP=0.02, lxG=0.36, lxGt=21.34, lp=0.01, lg=2.31, aP=100.00, aGinf=89.00, aGt=65.75
2025-12-17 18:26:49,571: MaxHebb=0.32904, T=1.00, F=1.00, L=1.00, train_i=116800, total_steps=2920000
2025-12-17 18:26:49,571: it=116800, lxP=0.00, lxG=1.04, lxGt=25.55, lp=0.02, lg=2.27, aP=100.00, aGinf=83.50, aGt=60.75
2025-12-17 18:27:18,462: MaxHebb=0.33642, T=1.00, F=1.00, L=1.00, train_i=116900, total_steps=2922500
2025-12-17 18:27:18,462: it=116900, lxP=0.01, lxG=0.34, lxGt=23.37, lp=0.02, lg=2.32, aP=100.00, aGinf=86.75, aGt=65.25
2025-12-17 18:27:45,829: MaxHebb=0.33603, T=1.00, F=1.00, L=1.00, train_i=117000, total_steps=2925000
2025-12-17 18:27:45,829: it=117000, lxP=0.02, lxG=1.39, lxGt=20.03, lp=0.02, lg=2.36, aP=100.00, aGinf=78.50, aGt=58.25
2025-12-17 18:28:13,241: MaxHebb=0.33640, T=1.00, F=1.00, L=1.00, train_i=117100, total_steps=2927500
2025-12-17 18:28:13,241: it=117100, lxP=0.01, lxG=0.17, lxGt=22.86, lp=0.02, lg=2.26, aP=100.00, aGinf=87.25, aGt=64.00
2025-12-17 18:28:40,649: MaxHebb=0.33528, T=1.00, F=1.00, L=1.00, train_i=117200, total_steps=2930000
2025-12-17 18:28:40,649: it=117200, lxP=0.00, lxG=1.17, lxGt=26.12, lp=0.01, lg=2.29, aP=100.00, aGinf=83.50, aGt=61.00
2025-12-17 18:29:09,511: MaxHebb=0.33717, T=1.00, F=1.00, L=1.00, train_i=117300, total_steps=2932500
2025-12-17 18:29:09,511: it=117300, lxP=0.00, lxG=0.24, lxGt=23.19, lp=0.01, lg=2.28, aP=100.00, aGinf=94.50, aGt=66.00
2025-12-17 18:29:36,887: MaxHebb=0.33507, T=1.00, F=1.00, L=1.00, train_i=117400, total_steps=2935000
2025-12-17 18:29:36,887: it=117400, lxP=0.03, lxG=0.29, lxGt=25.82, lp=0.02, lg=2.31, aP=100.00, aGinf=90.00, aGt=62.50
2025-12-17 18:30:04,276: MaxHebb=0.33173, T=1.00, F=1.00, L=1.00, train_i=117500, total_steps=2937500
2025-12-17 18:30:04,276: it=117500, lxP=0.00, lxG=0.28, lxGt=23.57, lp=0.01, lg=2.32, aP=100.00, aGinf=95.00, aGt=71.50
2025-12-17 18:30:31,660: MaxHebb=0.33152, T=1.00, F=1.00, L=1.00, train_i=117600, total_steps=2940000
2025-12-17 18:30:31,660: it=117600, lxP=0.03, lxG=0.22, lxGt=20.62, lp=0.01, lg=2.20, aP=100.00, aGinf=89.50, aGt=67.25
2025-12-17 18:31:00,491: MaxHebb=0.33131, T=1.00, F=1.00, L=1.00, train_i=117700, total_steps=2942500
2025-12-17 18:31:00,492: it=117700, lxP=0.01, lxG=0.99, lxGt=23.33, lp=0.01, lg=2.29, aP=100.00, aGinf=91.75, aGt=66.75
2025-12-17 18:31:27,848: MaxHebb=0.33281, T=1.00, F=1.00, L=1.00, train_i=117800, total_steps=2945000
2025-12-17 18:31:27,848: it=117800, lxP=0.02, lxG=0.11, lxGt=20.88, lp=0.02, lg=2.27, aP=100.00, aGinf=93.50, aGt=68.50
2025-12-17 18:31:55,319: MaxHebb=0.33365, T=1.00, F=1.00, L=1.00, train_i=117900, total_steps=2947500
2025-12-17 18:31:55,319: it=117900, lxP=0.01, lxG=0.24, lxGt=22.45, lp=0.02, lg=2.35, aP=100.00, aGinf=88.50, aGt=62.50
2025-12-17 18:32:22,708: MaxHebb=0.33500, T=1.00, F=1.00, L=1.00, train_i=118000, total_steps=2950000
2025-12-17 18:32:22,708: it=118000, lxP=0.00, lxG=1.82, lxGt=20.52, lp=0.02, lg=2.26, aP=100.00, aGinf=87.50, aGt=63.75
2025-12-17 18:32:24,254: save data time 0.12, train_i=118000.00, total_steps=2950000.00
2025-12-17 18:32:51,738: MaxHebb=0.33655, T=1.00, F=1.00, L=1.00, train_i=118100, total_steps=2952500
2025-12-17 18:32:51,738: it=118100, lxP=0.01, lxG=0.07, lxGt=22.88, lp=0.02, lg=2.28, aP=100.00, aGinf=93.25, aGt=65.50
2025-12-17 18:33:19,259: MaxHebb=0.33277, T=1.00, F=1.00, L=1.00, train_i=118200, total_steps=2955000
2025-12-17 18:33:19,259: it=118200, lxP=0.02, lxG=0.09, lxGt=24.22, lp=0.02, lg=2.30, aP=100.00, aGinf=91.00, aGt=68.75
2025-12-17 18:33:46,742: MaxHebb=0.33461, T=1.00, F=1.00, L=1.00, train_i=118300, total_steps=2957500
2025-12-17 18:33:46,742: it=118300, lxP=0.01, lxG=0.25, lxGt=20.37, lp=0.03, lg=2.30, aP=100.00, aGinf=86.50, aGt=63.25
2025-12-17 18:34:14,178: MaxHebb=0.33596, T=1.00, F=1.00, L=1.00, train_i=118400, total_steps=2960000
2025-12-17 18:34:14,178: it=118400, lxP=0.02, lxG=0.17, lxGt=22.90, lp=0.01, lg=2.32, aP=100.00, aGinf=87.75, aGt=63.00
2025-12-17 18:34:43,129: MaxHebb=0.33623, T=1.00, F=1.00, L=1.00, train_i=118500, total_steps=2962500
2025-12-17 18:34:43,129: it=118500, lxP=0.00, lxG=0.22, lxGt=17.42, lp=0.02, lg=2.31, aP=100.00, aGinf=88.50, aGt=68.75
2025-12-17 18:35:10,626: MaxHebb=0.33332, T=1.00, F=1.00, L=1.00, train_i=118600, total_steps=2965000
2025-12-17 18:35:10,626: it=118600, lxP=0.01, lxG=0.27, lxGt=22.18, lp=0.01, lg=2.27, aP=100.00, aGinf=93.25, aGt=68.75
2025-12-17 18:35:38,119: MaxHebb=0.33502, T=1.00, F=1.00, L=1.00, train_i=118700, total_steps=2967500
2025-12-17 18:35:38,119: it=118700, lxP=0.01, lxG=0.24, lxGt=20.02, lp=0.02, lg=2.27, aP=100.00, aGinf=90.50, aGt=67.50
2025-12-17 18:36:05,642: MaxHebb=0.33629, T=1.00, F=1.00, L=1.00, train_i=118800, total_steps=2970000
2025-12-17 18:36:05,642: it=118800, lxP=0.00, lxG=0.12, lxGt=21.43, lp=0.02, lg=2.37, aP=100.00, aGinf=87.50, aGt=63.75
2025-12-17 18:36:34,542: MaxHebb=0.33201, T=1.00, F=1.00, L=1.00, train_i=118900, total_steps=2972500
2025-12-17 18:36:34,542: it=118900, lxP=0.00, lxG=2.42, lxGt=20.56, lp=0.02, lg=2.38, aP=100.00, aGinf=83.75, aGt=63.25
2025-12-17 18:37:01,922: MaxHebb=0.33257, T=1.00, F=1.00, L=1.00, train_i=119000, total_steps=2975000
2025-12-17 18:37:01,922: it=119000, lxP=0.02, lxG=0.14, lxGt=20.18, lp=0.02, lg=2.33, aP=100.00, aGinf=88.25, aGt=67.50
2025-12-17 18:37:29,238: MaxHebb=0.33319, T=1.00, F=1.00, L=1.00, train_i=119100, total_steps=2977500
2025-12-17 18:37:29,239: it=119100, lxP=0.01, lxG=1.06, lxGt=23.83, lp=0.01, lg=2.26, aP=100.00, aGinf=94.25, aGt=69.25
2025-12-17 18:37:56,680: MaxHebb=0.33206, T=1.00, F=1.00, L=1.00, train_i=119200, total_steps=2980000
2025-12-17 18:37:56,680: it=119200, lxP=0.01, lxG=0.87, lxGt=26.40, lp=0.02, lg=2.37, aP=100.00, aGinf=87.75, aGt=67.00
2025-12-17 18:38:25,491: MaxHebb=0.33476, T=1.00, F=1.00, L=1.00, train_i=119300, total_steps=2982500
2025-12-17 18:38:25,491: it=119300, lxP=0.01, lxG=0.46, lxGt=23.82, lp=0.01, lg=2.24, aP=100.00, aGinf=90.25, aGt=65.25
2025-12-17 18:38:52,975: MaxHebb=0.33360, T=1.00, F=1.00, L=1.00, train_i=119400, total_steps=2985000
2025-12-17 18:38:52,975: it=119400, lxP=0.00, lxG=0.84, lxGt=22.58, lp=0.01, lg=2.32, aP=100.00, aGinf=94.00, aGt=67.50
2025-12-17 18:39:20,493: MaxHebb=0.33479, T=1.00, F=1.00, L=1.00, train_i=119500, total_steps=2987500
2025-12-17 18:39:20,493: it=119500, lxP=0.01, lxG=0.08, lxGt=22.18, lp=0.02, lg=2.27, aP=100.00, aGinf=91.50, aGt=65.75
2025-12-17 18:39:47,893: MaxHebb=0.33277, T=1.00, F=1.00, L=1.00, train_i=119600, total_steps=2990000
2025-12-17 18:39:47,893: it=119600, lxP=0.00, lxG=0.18, lxGt=20.81, lp=0.03, lg=2.34, aP=100.00, aGinf=87.75, aGt=63.50
2025-12-17 18:40:16,906: MaxHebb=0.33279, T=1.00, F=1.00, L=1.00, train_i=119700, total_steps=2992500
2025-12-17 18:40:16,906: it=119700, lxP=0.00, lxG=0.03, lxGt=20.02, lp=0.01, lg=2.24, aP=100.00, aGinf=90.25, aGt=66.25
2025-12-17 18:40:44,260: MaxHebb=0.33303, T=1.00, F=1.00, L=1.00, train_i=119800, total_steps=2995000
2025-12-17 18:40:44,260: it=119800, lxP=0.01, lxG=0.14, lxGt=19.30, lp=0.01, lg=2.27, aP=100.00, aGinf=93.00, aGt=70.00
2025-12-17 18:41:11,615: MaxHebb=0.32881, T=1.00, F=1.00, L=1.00, train_i=119900, total_steps=2997500
2025-12-17 18:41:11,615: it=119900, lxP=0.00, lxG=1.28, lxGt=24.00, lp=0.01, lg=2.26, aP=100.00, aGinf=87.75, aGt=63.50
2025-12-17 18:41:39,018: MaxHebb=0.32655, T=1.00, F=1.00, L=1.00, train_i=120000, total_steps=3000000
2025-12-17 18:41:39,018: it=120000, lxP=0.00, lxG=0.28, lxGt=20.76, lp=0.01, lg=2.33, aP=100.00, aGinf=92.25, aGt=66.75
2025-12-17 18:41:40,581: save data time 0.13, train_i=120000.00, total_steps=3000000.00
2025-12-17 18:42:08,057: MaxHebb=0.31423, T=1.00, F=1.00, L=1.00, train_i=120100, total_steps=3002500
2025-12-17 18:42:08,057: it=120100, lxP=0.01, lxG=0.21, lxGt=21.36, lp=0.01, lg=2.25, aP=100.00, aGinf=92.00, aGt=67.25
2025-12-17 18:42:35,530: MaxHebb=0.33483, T=1.00, F=1.00, L=1.00, train_i=120200, total_steps=3005000
2025-12-17 18:42:35,530: it=120200, lxP=0.00, lxG=0.50, lxGt=20.92, lp=0.02, lg=2.32, aP=100.00, aGinf=90.75, aGt=68.25
2025-12-17 18:43:02,896: MaxHebb=0.32654, T=1.00, F=1.00, L=1.00, train_i=120300, total_steps=3007500
2025-12-17 18:43:02,896: it=120300, lxP=0.01, lxG=0.05, lxGt=21.95, lp=0.01, lg=2.27, aP=100.00, aGinf=93.75, aGt=67.75
2025-12-17 18:43:30,346: MaxHebb=0.33370, T=1.00, F=1.00, L=1.00, train_i=120400, total_steps=3010000
2025-12-17 18:43:30,346: it=120400, lxP=0.03, lxG=0.61, lxGt=21.13, lp=0.01, lg=2.26, aP=100.00, aGinf=91.75, aGt=70.50
2025-12-17 18:43:59,222: MaxHebb=0.30794, T=1.00, F=1.00, L=1.00, train_i=120500, total_steps=3012500
2025-12-17 18:43:59,223: it=120500, lxP=0.01, lxG=0.21, lxGt=21.72, lp=0.02, lg=2.26, aP=100.00, aGinf=88.75, aGt=67.00
2025-12-17 18:44:26,655: MaxHebb=0.33166, T=1.00, F=1.00, L=1.00, train_i=120600, total_steps=3015000
2025-12-17 18:44:26,655: it=120600, lxP=0.00, lxG=1.41, lxGt=24.69, lp=0.01, lg=2.24, aP=100.00, aGinf=88.25, aGt=61.25
2025-12-17 18:44:54,147: MaxHebb=0.33381, T=1.00, F=1.00, L=1.00, train_i=120700, total_steps=3017500
2025-12-17 18:44:54,147: it=120700, lxP=0.01, lxG=0.07, lxGt=23.75, lp=0.01, lg=2.31, aP=100.00, aGinf=91.25, aGt=68.50
2025-12-17 18:45:21,610: MaxHebb=0.33150, T=1.00, F=1.00, L=1.00, train_i=120800, total_steps=3020000
2025-12-17 18:45:21,610: it=120800, lxP=0.02, lxG=0.16, lxGt=21.61, lp=0.02, lg=2.24, aP=100.00, aGinf=89.50, aGt=63.75
2025-12-17 18:45:50,480: MaxHebb=0.33082, T=1.00, F=1.00, L=1.00, train_i=120900, total_steps=3022500
2025-12-17 18:45:50,481: it=120900, lxP=0.01, lxG=0.34, lxGt=25.94, lp=0.01, lg=2.33, aP=100.00, aGinf=89.25, aGt=65.75
2025-12-17 18:46:17,792: MaxHebb=0.33124, T=1.00, F=1.00, L=1.00, train_i=121000, total_steps=3025000
2025-12-17 18:46:17,792: it=121000, lxP=0.00, lxG=0.17, lxGt=23.59, lp=0.01, lg=2.31, aP=100.00, aGinf=91.50, aGt=67.25
2025-12-17 18:46:45,244: MaxHebb=0.33223, T=1.00, F=1.00, L=1.00, train_i=121100, total_steps=3027500
2025-12-17 18:46:45,244: it=121100, lxP=0.04, lxG=0.25, lxGt=25.76, lp=0.03, lg=2.33, aP=100.00, aGinf=92.25, aGt=67.50
2025-12-17 18:47:12,702: MaxHebb=0.33070, T=1.00, F=1.00, L=1.00, train_i=121200, total_steps=3030000
2025-12-17 18:47:12,702: it=121200, lxP=0.02, lxG=0.57, lxGt=21.95, lp=0.03, lg=2.29, aP=100.00, aGinf=89.00, aGt=64.75
2025-12-17 18:47:41,569: MaxHebb=0.33043, T=1.00, F=1.00, L=1.00, train_i=121300, total_steps=3032500
2025-12-17 18:47:41,570: it=121300, lxP=0.00, lxG=0.40, lxGt=23.26, lp=0.01, lg=2.28, aP=100.00, aGinf=92.75, aGt=67.00
2025-12-17 18:48:09,012: MaxHebb=0.33038, T=1.00, F=1.00, L=1.00, train_i=121400, total_steps=3035000
2025-12-17 18:48:09,013: it=121400, lxP=0.00, lxG=1.62, lxGt=25.33, lp=0.01, lg=2.34, aP=100.00, aGinf=92.50, aGt=67.50
2025-12-17 18:48:36,476: MaxHebb=0.33232, T=1.00, F=1.00, L=1.00, train_i=121500, total_steps=3037500
2025-12-17 18:48:36,476: it=121500, lxP=0.00, lxG=1.94, lxGt=21.47, lp=0.01, lg=2.31, aP=100.00, aGinf=88.25, aGt=64.75
2025-12-17 18:49:03,967: MaxHebb=0.33110, T=1.00, F=1.00, L=1.00, train_i=121600, total_steps=3040000
2025-12-17 18:49:03,967: it=121600, lxP=0.01, lxG=0.20, lxGt=19.68, lp=0.01, lg=2.32, aP=100.00, aGinf=94.00, aGt=69.75
2025-12-17 18:49:32,965: MaxHebb=0.33201, T=1.00, F=1.00, L=1.00, train_i=121700, total_steps=3042500
2025-12-17 18:49:32,965: it=121700, lxP=0.01, lxG=0.05, lxGt=20.51, lp=0.03, lg=2.33, aP=100.00, aGinf=83.25, aGt=61.25
2025-12-17 18:50:00,532: MaxHebb=0.33207, T=1.00, F=1.00, L=1.00, train_i=121800, total_steps=3045000
2025-12-17 18:50:00,532: it=121800, lxP=0.00, lxG=0.04, lxGt=21.55, lp=0.02, lg=2.35, aP=100.00, aGinf=92.00, aGt=66.25
2025-12-17 18:50:27,980: MaxHebb=0.30181, T=1.00, F=1.00, L=1.00, train_i=121900, total_steps=3047500
2025-12-17 18:50:27,980: it=121900, lxP=0.01, lxG=0.13, lxGt=21.60, lp=0.03, lg=2.35, aP=100.00, aGinf=89.00, aGt=66.25
2025-12-17 18:50:55,318: MaxHebb=0.33071, T=1.00, F=1.00, L=1.00, train_i=122000, total_steps=3050000
2025-12-17 18:50:55,318: it=122000, lxP=0.01, lxG=0.42, lxGt=23.13, lp=0.01, lg=2.32, aP=100.00, aGinf=92.25, aGt=67.50
2025-12-17 18:50:56,861: save data time 0.11, train_i=122000.00, total_steps=3050000.00
2025-12-17 18:51:24,291: MaxHebb=0.32807, T=1.00, F=1.00, L=1.00, train_i=122100, total_steps=3052500
2025-12-17 18:51:24,291: it=122100, lxP=0.01, lxG=0.07, lxGt=20.60, lp=0.02, lg=2.33, aP=100.00, aGinf=93.00, aGt=69.75
2025-12-17 18:51:51,766: MaxHebb=0.33250, T=1.00, F=1.00, L=1.00, train_i=122200, total_steps=3055000
2025-12-17 18:51:51,766: it=122200, lxP=0.00, lxG=0.02, lxGt=20.56, lp=0.02, lg=2.30, aP=100.00, aGinf=90.50, aGt=66.25
2025-12-17 18:52:19,169: MaxHebb=0.33236, T=1.00, F=1.00, L=1.00, train_i=122300, total_steps=3057500
2025-12-17 18:52:19,169: it=122300, lxP=0.01, lxG=0.13, lxGt=20.83, lp=0.01, lg=2.23, aP=100.00, aGinf=88.75, aGt=64.50
2025-12-17 18:52:46,588: MaxHebb=0.32972, T=1.00, F=1.00, L=1.00, train_i=122400, total_steps=3060000
2025-12-17 18:52:46,589: it=122400, lxP=0.00, lxG=0.43, lxGt=23.18, lp=0.01, lg=2.35, aP=100.00, aGinf=83.75, aGt=60.75
2025-12-17 18:53:15,437: MaxHebb=0.33324, T=1.00, F=1.00, L=1.00, train_i=122500, total_steps=3062500
2025-12-17 18:53:15,437: it=122500, lxP=0.00, lxG=0.05, lxGt=24.52, lp=0.01, lg=2.33, aP=100.00, aGinf=90.75, aGt=66.25
2025-12-17 18:53:42,798: MaxHebb=0.33042, T=1.00, F=1.00, L=1.00, train_i=122600, total_steps=3065000
2025-12-17 18:53:42,798: it=122600, lxP=0.04, lxG=0.57, lxGt=22.24, lp=0.01, lg=2.27, aP=100.00, aGinf=92.50, aGt=68.50
2025-12-17 18:54:10,282: MaxHebb=0.32839, T=1.00, F=1.00, L=1.00, train_i=122700, total_steps=3067500
2025-12-17 18:54:10,282: it=122700, lxP=0.03, lxG=0.07, lxGt=21.62, lp=0.02, lg=2.31, aP=100.00, aGinf=87.50, aGt=63.75
2025-12-17 18:54:37,598: MaxHebb=0.32597, T=1.00, F=1.00, L=1.00, train_i=122800, total_steps=3070000
2025-12-17 18:54:37,598: it=122800, lxP=0.02, lxG=0.57, lxGt=20.82, lp=0.03, lg=2.31, aP=100.00, aGinf=87.00, aGt=66.25
2025-12-17 18:55:06,458: MaxHebb=0.33137, T=1.00, F=1.00, L=1.00, train_i=122900, total_steps=3072500
2025-12-17 18:55:06,458: it=122900, lxP=0.01, lxG=0.32, lxGt=21.27, lp=0.02, lg=2.30, aP=100.00, aGinf=90.25, aGt=68.50
2025-12-17 18:55:33,959: MaxHebb=0.33001, T=1.00, F=1.00, L=1.00, train_i=123000, total_steps=3075000
2025-12-17 18:55:33,959: it=123000, lxP=0.03, lxG=0.13, lxGt=21.86, lp=0.01, lg=2.23, aP=100.00, aGinf=89.25, aGt=64.75
2025-12-17 18:56:01,388: MaxHebb=0.32910, T=1.00, F=1.00, L=1.00, train_i=123100, total_steps=3077500
2025-12-17 18:56:01,388: it=123100, lxP=0.00, lxG=0.54, lxGt=22.76, lp=0.02, lg=2.30, aP=100.00, aGinf=94.75, aGt=70.50
2025-12-17 18:56:28,870: MaxHebb=0.32825, T=1.00, F=1.00, L=1.00, train_i=123200, total_steps=3080000
2025-12-17 18:56:28,871: it=123200, lxP=0.04, lxG=0.37, lxGt=21.14, lp=0.02, lg=2.27, aP=100.00, aGinf=87.50, aGt=64.25
2025-12-17 18:56:57,838: MaxHebb=0.33166, T=1.00, F=1.00, L=1.00, train_i=123300, total_steps=3082500
2025-12-17 18:56:57,838: it=123300, lxP=0.00, lxG=0.27, lxGt=17.51, lp=0.02, lg=2.28, aP=100.00, aGinf=89.00, aGt=65.50
2025-12-17 18:57:25,344: MaxHebb=0.32602, T=1.00, F=1.00, L=1.00, train_i=123400, total_steps=3085000
2025-12-17 18:57:25,344: it=123400, lxP=0.00, lxG=0.57, lxGt=25.30, lp=0.01, lg=2.31, aP=100.00, aGinf=84.75, aGt=60.25
2025-12-17 18:57:52,935: MaxHebb=0.32832, T=1.00, F=1.00, L=1.00, train_i=123500, total_steps=3087500
2025-12-17 18:57:52,935: it=123500, lxP=0.00, lxG=1.07, lxGt=19.55, lp=0.02, lg=2.34, aP=100.00, aGinf=86.25, aGt=67.50
2025-12-17 18:58:20,461: MaxHebb=0.30506, T=1.00, F=1.00, L=1.00, train_i=123600, total_steps=3090000
2025-12-17 18:58:20,461: it=123600, lxP=0.00, lxG=0.01, lxGt=22.65, lp=0.03, lg=2.29, aP=100.00, aGinf=90.25, aGt=62.75
2025-12-17 18:58:49,392: MaxHebb=0.32563, T=1.00, F=1.00, L=1.00, train_i=123700, total_steps=3092500
2025-12-17 18:58:49,392: it=123700, lxP=0.00, lxG=0.07, lxGt=21.52, lp=0.01, lg=2.31, aP=100.00, aGinf=90.25, aGt=68.75
2025-12-17 18:59:16,906: MaxHebb=0.32839, T=1.00, F=1.00, L=1.00, train_i=123800, total_steps=3095000
2025-12-17 18:59:16,906: it=123800, lxP=0.00, lxG=0.05, lxGt=20.99, lp=0.03, lg=2.33, aP=100.00, aGinf=88.75, aGt=63.00
2025-12-17 18:59:44,496: MaxHebb=0.32682, T=1.00, F=1.00, L=1.00, train_i=123900, total_steps=3097500
2025-12-17 18:59:44,497: it=123900, lxP=0.00, lxG=0.49, lxGt=20.44, lp=0.01, lg=2.24, aP=100.00, aGinf=90.75, aGt=64.50
2025-12-17 19:00:12,055: MaxHebb=0.32773, T=1.00, F=1.00, L=1.00, train_i=124000, total_steps=3100000
2025-12-17 19:00:12,055: it=124000, lxP=0.02, lxG=0.15, lxGt=19.90, lp=0.02, lg=2.33, aP=100.00, aGinf=91.75, aGt=69.50
2025-12-17 19:00:13,608: save data time 0.12, train_i=124000.00, total_steps=3100000.00
2025-12-17 19:00:41,103: MaxHebb=0.33007, T=1.00, F=1.00, L=1.00, train_i=124100, total_steps=3102500
2025-12-17 19:00:41,103: it=124100, lxP=0.02, lxG=0.06, lxGt=21.94, lp=0.03, lg=2.29, aP=100.00, aGinf=89.75, aGt=63.75
2025-12-17 19:01:08,690: MaxHebb=0.30013, T=1.00, F=1.00, L=1.00, train_i=124200, total_steps=3105000
2025-12-17 19:01:08,690: it=124200, lxP=0.01, lxG=0.70, lxGt=25.09, lp=0.01, lg=2.30, aP=100.00, aGinf=93.25, aGt=68.00
2025-12-17 19:01:36,211: MaxHebb=0.32235, T=1.00, F=1.00, L=1.00, train_i=124300, total_steps=3107500
2025-12-17 19:01:36,211: it=124300, lxP=0.00, lxG=0.11, lxGt=23.17, lp=0.01, lg=2.28, aP=100.00, aGinf=93.50, aGt=63.00
2025-12-17 19:02:03,759: MaxHebb=0.32744, T=1.00, F=1.00, L=1.00, train_i=124400, total_steps=3110000
2025-12-17 19:02:03,759: it=124400, lxP=0.00, lxG=0.01, lxGt=19.79, lp=0.02, lg=2.39, aP=100.00, aGinf=87.50, aGt=64.25
2025-12-17 19:02:32,769: MaxHebb=0.32608, T=1.00, F=1.00, L=1.00, train_i=124500, total_steps=3112500
2025-12-17 19:02:32,769: it=124500, lxP=0.00, lxG=0.21, lxGt=20.99, lp=0.02, lg=2.33, aP=100.00, aGinf=91.00, aGt=66.50
2025-12-17 19:03:00,320: MaxHebb=0.32798, T=1.00, F=1.00, L=1.00, train_i=124600, total_steps=3115000
2025-12-17 19:03:00,320: it=124600, lxP=0.01, lxG=0.14, lxGt=17.90, lp=0.03, lg=2.35, aP=100.00, aGinf=87.00, aGt=67.00
2025-12-17 19:03:27,874: MaxHebb=0.32897, T=1.00, F=1.00, L=1.00, train_i=124700, total_steps=3117500
2025-12-17 19:03:27,874: it=124700, lxP=0.01, lxG=0.62, lxGt=22.27, lp=0.02, lg=2.25, aP=100.00, aGinf=90.25, aGt=68.00
2025-12-17 19:03:55,441: MaxHebb=0.32872, T=1.00, F=1.00, L=1.00, train_i=124800, total_steps=3120000
2025-12-17 19:03:55,441: it=124800, lxP=0.00, lxG=0.09, lxGt=24.53, lp=0.01, lg=2.32, aP=100.00, aGinf=91.75, aGt=63.25
2025-12-17 19:04:24,434: MaxHebb=0.29006, T=1.00, F=1.00, L=1.00, train_i=124900, total_steps=3122500
2025-12-17 19:04:24,435: it=124900, lxP=0.00, lxG=0.14, lxGt=23.04, lp=0.01, lg=2.32, aP=100.00, aGinf=91.00, aGt=64.25
2025-12-17 19:04:52,014: MaxHebb=0.32448, T=1.00, F=1.00, L=1.00, train_i=125000, total_steps=3125000
2025-12-17 19:04:52,014: it=125000, lxP=0.00, lxG=0.13, lxGt=23.02, lp=0.01, lg=2.27, aP=100.00, aGinf=93.25, aGt=68.25
2025-12-17 19:05:19,481: MaxHebb=0.32833, T=1.00, F=1.00, L=1.00, train_i=125100, total_steps=3127500
2025-12-17 19:05:19,481: it=125100, lxP=0.00, lxG=5.52, lxGt=27.13, lp=0.01, lg=2.41, aP=100.00, aGinf=85.00, aGt=63.75
2025-12-17 19:05:46,930: MaxHebb=0.28290, T=1.00, F=1.00, L=1.00, train_i=125200, total_steps=3130000
2025-12-17 19:05:46,930: it=125200, lxP=0.11, lxG=0.13, lxGt=23.25, lp=0.02, lg=2.26, aP=100.00, aGinf=89.00, aGt=67.25
2025-12-17 19:06:15,859: MaxHebb=0.32671, T=1.00, F=1.00, L=1.00, train_i=125300, total_steps=3132500
2025-12-17 19:06:15,859: it=125300, lxP=0.01, lxG=0.21, lxGt=24.63, lp=0.01, lg=2.24, aP=100.00, aGinf=94.50, aGt=67.25
2025-12-17 19:06:43,415: MaxHebb=0.31403, T=1.00, F=1.00, L=1.00, train_i=125400, total_steps=3135000
2025-12-17 19:06:43,415: it=125400, lxP=0.00, lxG=0.11, lxGt=22.43, lp=0.02, lg=2.33, aP=100.00, aGinf=91.25, aGt=68.50
2025-12-17 19:07:11,039: MaxHebb=0.27393, T=1.00, F=1.00, L=1.00, train_i=125500, total_steps=3137500
2025-12-17 19:07:11,039: it=125500, lxP=0.01, lxG=0.13, lxGt=19.58, lp=0.03, lg=2.31, aP=100.00, aGinf=89.50, aGt=70.50
2025-12-17 19:07:38,511: MaxHebb=0.31023, T=1.00, F=1.00, L=1.00, train_i=125600, total_steps=3140000
2025-12-17 19:07:38,511: it=125600, lxP=0.01, lxG=0.15, lxGt=19.26, lp=0.02, lg=2.31, aP=100.00, aGinf=89.25, aGt=68.75
2025-12-17 19:08:07,519: MaxHebb=0.32237, T=1.00, F=1.00, L=1.00, train_i=125700, total_steps=3142500
2025-12-17 19:08:07,519: it=125700, lxP=0.00, lxG=0.17, lxGt=22.16, lp=0.01, lg=2.28, aP=100.00, aGinf=91.75, aGt=66.50
2025-12-17 19:08:35,103: MaxHebb=0.31044, T=1.00, F=1.00, L=1.00, train_i=125800, total_steps=3145000
2025-12-17 19:08:35,104: it=125800, lxP=0.01, lxG=0.92, lxGt=28.14, lp=0.01, lg=2.30, aP=100.00, aGinf=91.25, aGt=63.50
2025-12-17 19:09:02,619: MaxHebb=0.23155, T=1.00, F=1.00, L=1.00, train_i=125900, total_steps=3147500
2025-12-17 19:09:02,619: it=125900, lxP=0.02, lxG=1.77, lxGt=20.85, lp=0.02, lg=2.29, aP=100.00, aGinf=91.00, aGt=69.00
2025-12-17 19:09:30,222: MaxHebb=0.32151, T=1.00, F=1.00, L=1.00, train_i=126000, total_steps=3150000
2025-12-17 19:09:30,222: it=126000, lxP=0.01, lxG=0.17, lxGt=23.75, lp=0.01, lg=2.31, aP=100.00, aGinf=95.50, aGt=69.25
2025-12-17 19:09:31,772: save data time 0.12, train_i=126000.00, total_steps=3150000.00
2025-12-17 19:09:59,305: MaxHebb=0.31821, T=1.00, F=1.00, L=1.00, train_i=126100, total_steps=3152500
2025-12-17 19:09:59,305: it=126100, lxP=0.00, lxG=2.53, lxGt=23.25, lp=0.01, lg=2.28, aP=100.00, aGinf=90.75, aGt=64.75
2025-12-17 19:10:26,837: MaxHebb=0.32259, T=1.00, F=1.00, L=1.00, train_i=126200, total_steps=3155000
2025-12-17 19:10:26,837: it=126200, lxP=0.01, lxG=0.04, lxGt=20.79, lp=0.02, lg=2.28, aP=100.00, aGinf=89.75, aGt=64.50
2025-12-17 19:10:54,365: MaxHebb=0.31448, T=1.00, F=1.00, L=1.00, train_i=126300, total_steps=3157500
2025-12-17 19:10:54,365: it=126300, lxP=0.01, lxG=0.10, lxGt=23.75, lp=0.02, lg=2.29, aP=100.00, aGinf=89.75, aGt=67.00
2025-12-17 19:11:21,935: MaxHebb=0.32708, T=1.00, F=1.00, L=1.00, train_i=126400, total_steps=3160000
2025-12-17 19:11:21,935: it=126400, lxP=0.00, lxG=0.01, lxGt=22.59, lp=0.01, lg=2.32, aP=100.00, aGinf=90.75, aGt=67.50
2025-12-17 19:11:50,823: MaxHebb=0.31079, T=1.00, F=1.00, L=1.00, train_i=126500, total_steps=3162500
2025-12-17 19:11:50,823: it=126500, lxP=0.00, lxG=0.21, lxGt=24.70, lp=0.01, lg=2.30, aP=100.00, aGinf=95.50, aGt=71.75
2025-12-17 19:12:18,283: MaxHebb=0.32153, T=1.00, F=1.00, L=1.00, train_i=126600, total_steps=3165000
2025-12-17 19:12:18,284: it=126600, lxP=0.01, lxG=0.18, lxGt=25.08, lp=0.02, lg=2.38, aP=100.00, aGinf=88.75, aGt=61.75
2025-12-17 19:12:45,649: MaxHebb=0.28288, T=1.00, F=1.00, L=1.00, train_i=126700, total_steps=3167500
2025-12-17 19:12:45,649: it=126700, lxP=0.01, lxG=11.83, lxGt=31.39, lp=0.04, lg=2.35, aP=100.00, aGinf=84.25, aGt=61.50
2025-12-17 19:13:13,134: MaxHebb=0.32377, T=1.00, F=1.00, L=1.00, train_i=126800, total_steps=3170000
2025-12-17 19:13:13,135: it=126800, lxP=0.01, lxG=0.03, lxGt=17.84, lp=0.02, lg=2.34, aP=100.00, aGinf=92.50, aGt=70.25
2025-12-17 19:13:42,064: MaxHebb=0.31635, T=1.00, F=1.00, L=1.00, train_i=126900, total_steps=3172500
2025-12-17 19:13:42,064: it=126900, lxP=0.00, lxG=0.34, lxGt=23.44, lp=0.01, lg=2.35, aP=100.00, aGinf=88.75, aGt=65.00
2025-12-17 19:14:09,510: MaxHebb=0.32162, T=1.00, F=1.00, L=1.00, train_i=127000, total_steps=3175000
2025-12-17 19:14:09,510: it=127000, lxP=0.01, lxG=0.02, lxGt=18.02, lp=0.01, lg=2.29, aP=100.00, aGinf=91.50, aGt=73.75
2025-12-17 19:14:36,976: MaxHebb=0.31853, T=1.00, F=1.00, L=1.00, train_i=127100, total_steps=3177500
2025-12-17 19:14:36,977: it=127100, lxP=0.01, lxG=0.12, lxGt=24.35, lp=0.01, lg=2.30, aP=100.00, aGinf=92.50, aGt=67.50
2025-12-17 19:15:04,443: MaxHebb=0.32057, T=1.00, F=1.00, L=1.00, train_i=127200, total_steps=3180000
2025-12-17 19:15:04,443: it=127200, lxP=0.00, lxG=0.14, lxGt=22.79, lp=0.02, lg=2.43, aP=100.00, aGinf=89.00, aGt=67.25
2025-12-17 19:15:33,328: MaxHebb=0.32855, T=1.00, F=1.00, L=1.00, train_i=127300, total_steps=3182500
2025-12-17 19:15:33,328: it=127300, lxP=0.01, lxG=0.12, lxGt=21.71, lp=0.02, lg=2.29, aP=100.00, aGinf=90.75, aGt=66.75
2025-12-17 19:16:00,820: MaxHebb=0.31811, T=1.00, F=1.00, L=1.00, train_i=127400, total_steps=3185000
2025-12-17 19:16:00,820: it=127400, lxP=0.00, lxG=0.97, lxGt=19.65, lp=0.03, lg=2.30, aP=100.00, aGinf=86.75, aGt=64.50
2025-12-17 19:16:28,230: MaxHebb=0.32271, T=1.00, F=1.00, L=1.00, train_i=127500, total_steps=3187500
2025-12-17 19:16:28,230: it=127500, lxP=0.01, lxG=0.10, lxGt=23.35, lp=0.01, lg=2.29, aP=100.00, aGinf=91.00, aGt=65.00
2025-12-17 19:16:55,626: MaxHebb=0.31547, T=1.00, F=1.00, L=1.00, train_i=127600, total_steps=3190000
2025-12-17 19:16:55,626: it=127600, lxP=0.01, lxG=0.10, lxGt=19.62, lp=0.01, lg=2.32, aP=100.00, aGinf=90.75, aGt=67.75
2025-12-17 19:17:24,458: MaxHebb=0.32809, T=1.00, F=1.00, L=1.00, train_i=127700, total_steps=3192500
2025-12-17 19:17:24,458: it=127700, lxP=0.00, lxG=0.36, lxGt=21.81, lp=0.01, lg=2.33, aP=100.00, aGinf=94.75, aGt=68.75
2025-12-17 19:17:51,963: MaxHebb=0.32427, T=1.00, F=1.00, L=1.00, train_i=127800, total_steps=3195000
2025-12-17 19:17:51,963: it=127800, lxP=0.00, lxG=0.89, lxGt=23.88, lp=0.02, lg=2.27, aP=100.00, aGinf=89.50, aGt=67.50
2025-12-17 19:18:19,361: MaxHebb=0.32365, T=1.00, F=1.00, L=1.00, train_i=127900, total_steps=3197500
2025-12-17 19:18:19,362: it=127900, lxP=0.00, lxG=0.12, lxGt=17.63, lp=0.02, lg=2.29, aP=100.00, aGinf=90.50, aGt=68.50
2025-12-17 19:18:46,766: MaxHebb=0.32069, T=1.00, F=1.00, L=1.00, train_i=128000, total_steps=3200000
2025-12-17 19:18:46,766: it=128000, lxP=0.00, lxG=0.08, lxGt=20.88, lp=0.02, lg=2.30, aP=100.00, aGinf=90.25, aGt=65.00
2025-12-17 19:18:48,322: save data time 0.12, train_i=128000.00, total_steps=3200000.00
2025-12-17 19:19:15,781: MaxHebb=0.29812, T=1.00, F=1.00, L=1.00, train_i=128100, total_steps=3202500
2025-12-17 19:19:15,781: it=128100, lxP=0.00, lxG=0.47, lxGt=22.43, lp=0.01, lg=2.30, aP=100.00, aGinf=95.75, aGt=66.75
2025-12-17 19:19:43,230: MaxHebb=0.31497, T=1.00, F=1.00, L=1.00, train_i=128200, total_steps=3205000
2025-12-17 19:19:43,230: it=128200, lxP=0.00, lxG=0.42, lxGt=20.75, lp=0.03, lg=2.37, aP=100.00, aGinf=87.50, aGt=64.00
2025-12-17 19:20:10,679: MaxHebb=0.31703, T=1.00, F=1.00, L=1.00, train_i=128300, total_steps=3207500
2025-12-17 19:20:10,679: it=128300, lxP=0.00, lxG=0.21, lxGt=21.44, lp=0.04, lg=2.36, aP=100.00, aGinf=86.00, aGt=61.50
2025-12-17 19:20:38,203: MaxHebb=0.30680, T=1.00, F=1.00, L=1.00, train_i=128400, total_steps=3210000
2025-12-17 19:20:38,203: it=128400, lxP=0.00, lxG=0.13, lxGt=22.03, lp=0.02, lg=2.33, aP=100.00, aGinf=87.75, aGt=62.25
2025-12-17 19:21:07,069: MaxHebb=0.30982, T=1.00, F=1.00, L=1.00, train_i=128500, total_steps=3212500
2025-12-17 19:21:07,070: it=128500, lxP=0.02, lxG=0.38, lxGt=25.90, lp=0.01, lg=2.27, aP=100.00, aGinf=91.25, aGt=65.25
2025-12-17 19:21:34,465: MaxHebb=0.32249, T=1.00, F=1.00, L=1.00, train_i=128600, total_steps=3215000
2025-12-17 19:21:34,465: it=128600, lxP=0.00, lxG=0.09, lxGt=18.85, lp=0.03, lg=2.34, aP=100.00, aGinf=90.00, aGt=67.00
2025-12-17 19:22:01,911: MaxHebb=0.31072, T=1.00, F=1.00, L=1.00, train_i=128700, total_steps=3217500
2025-12-17 19:22:01,911: it=128700, lxP=0.00, lxG=0.02, lxGt=21.88, lp=0.02, lg=2.37, aP=100.00, aGinf=88.50, aGt=64.00
2025-12-17 19:22:29,199: MaxHebb=0.32038, T=1.00, F=1.00, L=1.00, train_i=128800, total_steps=3220000
2025-12-17 19:22:29,199: it=128800, lxP=0.00, lxG=0.92, lxGt=24.58, lp=0.01, lg=2.32, aP=100.00, aGinf=93.25, aGt=66.50
2025-12-17 19:22:58,093: MaxHebb=0.32263, T=1.00, F=1.00, L=1.00, train_i=128900, total_steps=3222500
2025-12-17 19:22:58,093: it=128900, lxP=0.00, lxG=0.25, lxGt=22.80, lp=0.01, lg=2.33, aP=100.00, aGinf=94.25, aGt=67.00
2025-12-17 19:23:25,497: MaxHebb=0.29951, T=1.00, F=1.00, L=1.00, train_i=129000, total_steps=3225000
2025-12-17 19:23:25,497: it=129000, lxP=0.01, lxG=0.09, lxGt=22.76, lp=0.01, lg=2.24, aP=100.00, aGinf=91.00, aGt=64.00
2025-12-17 19:23:52,932: MaxHebb=0.32358, T=1.00, F=1.00, L=1.00, train_i=129100, total_steps=3227500
2025-12-17 19:23:52,932: it=129100, lxP=0.02, lxG=0.05, lxGt=22.72, lp=0.03, lg=2.29, aP=100.00, aGinf=86.75, aGt=60.50
2025-12-17 19:24:20,268: MaxHebb=0.32028, T=1.00, F=1.00, L=1.00, train_i=129200, total_steps=3230000
2025-12-17 19:24:20,268: it=129200, lxP=0.01, lxG=0.12, lxGt=21.05, lp=0.02, lg=2.27, aP=100.00, aGinf=93.75, aGt=66.75
2025-12-17 19:24:49,173: MaxHebb=0.29302, T=1.00, F=1.00, L=1.00, train_i=129300, total_steps=3232500
2025-12-17 19:24:49,173: it=129300, lxP=0.00, lxG=9.15, lxGt=34.34, lp=0.02, lg=2.34, aP=100.00, aGinf=86.75, aGt=61.50
2025-12-17 19:25:16,600: MaxHebb=0.30299, T=1.00, F=1.00, L=1.00, train_i=129400, total_steps=3235000
2025-12-17 19:25:16,600: it=129400, lxP=0.01, lxG=0.10, lxGt=24.15, lp=0.02, lg=2.21, aP=100.00, aGinf=94.25, aGt=70.00
2025-12-17 19:25:44,042: MaxHebb=0.31225, T=1.00, F=1.00, L=1.00, train_i=129500, total_steps=3237500
2025-12-17 19:25:44,042: it=129500, lxP=0.45, lxG=2.00, lxGt=24.96, lp=0.03, lg=2.34, aP=99.50, aGinf=76.75, aGt=58.75
2025-12-17 19:26:11,540: MaxHebb=0.25979, T=1.00, F=1.00, L=1.00, train_i=129600, total_steps=3240000
2025-12-17 19:26:11,540: it=129600, lxP=0.00, lxG=0.14, lxGt=22.44, lp=0.01, lg=2.36, aP=100.00, aGinf=91.25, aGt=64.00
2025-12-17 19:26:40,408: MaxHebb=0.29383, T=1.00, F=1.00, L=1.00, train_i=129700, total_steps=3242500
2025-12-17 19:26:40,408: it=129700, lxP=0.01, lxG=0.64, lxGt=19.96, lp=0.03, lg=2.30, aP=100.00, aGinf=87.75, aGt=64.75
2025-12-17 19:27:07,911: MaxHebb=0.31955, T=1.00, F=1.00, L=1.00, train_i=129800, total_steps=3245000
2025-12-17 19:27:07,911: it=129800, lxP=0.00, lxG=0.09, lxGt=21.54, lp=0.02, lg=2.34, aP=100.00, aGinf=91.00, aGt=66.25
2025-12-17 19:27:35,340: MaxHebb=0.27392, T=1.00, F=1.00, L=1.00, train_i=129900, total_steps=3247500
2025-12-17 19:27:35,340: it=129900, lxP=0.00, lxG=0.22, lxGt=24.49, lp=0.01, lg=2.32, aP=100.00, aGinf=94.00, aGt=67.50
2025-12-17 19:28:02,771: MaxHebb=0.31623, T=1.00, F=1.00, L=1.00, train_i=130000, total_steps=3250000
2025-12-17 19:28:02,771: it=130000, lxP=0.00, lxG=0.04, lxGt=24.01, lp=0.01, lg=2.31, aP=100.00, aGinf=93.50, aGt=67.50
2025-12-17 19:28:04,265: save data time 0.11, train_i=130000.00, total_steps=3250000.00
2025-12-17 19:28:31,749: MaxHebb=0.31621, T=1.00, F=1.00, L=1.00, train_i=130100, total_steps=3252500
2025-12-17 19:28:31,749: it=130100, lxP=0.01, lxG=0.11, lxGt=24.39, lp=0.02, lg=2.27, aP=100.00, aGinf=89.75, aGt=66.50
2025-12-17 19:28:59,232: MaxHebb=0.29809, T=1.00, F=1.00, L=1.00, train_i=130200, total_steps=3255000
2025-12-17 19:28:59,233: it=130200, lxP=0.00, lxG=0.04, lxGt=23.34, lp=0.02, lg=2.32, aP=100.00, aGinf=89.25, aGt=63.75
2025-12-17 19:29:26,676: MaxHebb=0.31026, T=1.00, F=1.00, L=1.00, train_i=130300, total_steps=3257500
2025-12-17 19:29:26,676: it=130300, lxP=0.00, lxG=0.08, lxGt=21.75, lp=0.02, lg=2.35, aP=100.00, aGinf=91.00, aGt=64.25
2025-12-17 19:29:54,062: MaxHebb=0.32077, T=1.00, F=1.00, L=1.00, train_i=130400, total_steps=3260000
2025-12-17 19:29:54,062: it=130400, lxP=0.02, lxG=0.16, lxGt=21.41, lp=0.02, lg=2.32, aP=100.00, aGinf=93.50, aGt=66.00
2025-12-17 19:30:22,915: MaxHebb=0.30782, T=1.00, F=1.00, L=1.00, train_i=130500, total_steps=3262500
2025-12-17 19:30:22,915: it=130500, lxP=0.03, lxG=0.30, lxGt=22.78, lp=0.01, lg=2.23, aP=100.00, aGinf=91.00, aGt=69.00
2025-12-17 19:30:50,365: MaxHebb=0.31902, T=1.00, F=1.00, L=1.00, train_i=130600, total_steps=3265000
2025-12-17 19:30:50,365: it=130600, lxP=0.02, lxG=0.10, lxGt=19.55, lp=0.01, lg=2.25, aP=100.00, aGinf=94.25, aGt=69.25
2025-12-17 19:31:17,854: MaxHebb=0.29106, T=1.00, F=1.00, L=1.00, train_i=130700, total_steps=3267500
2025-12-17 19:31:17,854: it=130700, lxP=0.01, lxG=0.09, lxGt=20.71, lp=0.02, lg=2.29, aP=100.00, aGinf=90.50, aGt=66.25
2025-12-17 19:31:45,255: MaxHebb=0.30901, T=1.00, F=1.00, L=1.00, train_i=130800, total_steps=3270000
2025-12-17 19:31:45,255: it=130800, lxP=0.00, lxG=0.25, lxGt=23.17, lp=0.02, lg=2.30, aP=100.00, aGinf=89.00, aGt=63.75
2025-12-17 19:32:14,079: MaxHebb=0.32048, T=1.00, F=1.00, L=1.00, train_i=130900, total_steps=3272500
2025-12-17 19:32:14,079: it=130900, lxP=0.00, lxG=2.08, lxGt=24.40, lp=0.02, lg=2.41, aP=100.00, aGinf=83.75, aGt=61.25
2025-12-17 19:32:41,475: MaxHebb=0.29626, T=1.00, F=1.00, L=1.00, train_i=131000, total_steps=3275000
2025-12-17 19:32:41,475: it=131000, lxP=0.00, lxG=0.28, lxGt=24.88, lp=0.01, lg=2.26, aP=100.00, aGinf=91.00, aGt=63.50
2025-12-17 19:33:08,898: MaxHebb=0.32198, T=1.00, F=1.00, L=1.00, train_i=131100, total_steps=3277500
2025-12-17 19:33:08,898: it=131100, lxP=0.00, lxG=0.40, lxGt=21.94, lp=0.01, lg=2.21, aP=100.00, aGinf=94.75, aGt=70.50
2025-12-17 19:33:36,271: MaxHebb=0.31512, T=1.00, F=1.00, L=1.00, train_i=131200, total_steps=3280000
2025-12-17 19:33:36,271: it=131200, lxP=0.00, lxG=0.13, lxGt=23.33, lp=0.01, lg=2.24, aP=100.00, aGinf=94.25, aGt=69.25
2025-12-17 19:34:05,221: MaxHebb=0.29027, T=1.00, F=1.00, L=1.00, train_i=131300, total_steps=3282500
2025-12-17 19:34:05,221: it=131300, lxP=0.00, lxG=0.09, lxGt=18.22, lp=0.02, lg=2.31, aP=100.00, aGinf=87.75, aGt=62.75
2025-12-17 19:34:32,810: MaxHebb=0.29700, T=1.00, F=1.00, L=1.00, train_i=131400, total_steps=3285000
2025-12-17 19:34:32,810: it=131400, lxP=0.00, lxG=0.16, lxGt=24.91, lp=0.02, lg=2.32, aP=100.00, aGinf=92.25, aGt=66.50
2025-12-17 19:35:00,332: MaxHebb=0.31114, T=1.00, F=1.00, L=1.00, train_i=131500, total_steps=3287500
2025-12-17 19:35:00,332: it=131500, lxP=0.01, lxG=0.12, lxGt=18.86, lp=0.02, lg=2.34, aP=100.00, aGinf=85.25, aGt=64.25
2025-12-17 19:35:27,817: MaxHebb=0.29567, T=1.00, F=1.00, L=1.00, train_i=131600, total_steps=3290000
2025-12-17 19:35:27,817: it=131600, lxP=0.00, lxG=0.27, lxGt=25.88, lp=0.01, lg=2.26, aP=100.00, aGinf=92.00, aGt=66.25
2025-12-17 19:35:56,754: MaxHebb=0.28818, T=1.00, F=1.00, L=1.00, train_i=131700, total_steps=3292500
2025-12-17 19:35:56,754: it=131700, lxP=0.00, lxG=0.13, lxGt=25.33, lp=0.01, lg=2.25, aP=100.00, aGinf=95.25, aGt=69.25
2025-12-17 19:36:24,317: MaxHebb=0.31252, T=1.00, F=1.00, L=1.00, train_i=131800, total_steps=3295000
2025-12-17 19:36:24,317: it=131800, lxP=0.00, lxG=0.41, lxGt=20.12, lp=0.01, lg=2.31, aP=100.00, aGinf=90.00, aGt=68.25
2025-12-17 19:36:51,815: MaxHebb=0.27841, T=1.00, F=1.00, L=1.00, train_i=131900, total_steps=3297500
2025-12-17 19:36:51,815: it=131900, lxP=0.00, lxG=0.32, lxGt=22.48, lp=0.02, lg=2.33, aP=100.00, aGinf=92.75, aGt=65.00
2025-12-17 19:37:19,367: MaxHebb=0.31671, T=1.00, F=1.00, L=1.00, train_i=132000, total_steps=3300000
2025-12-17 19:37:19,367: it=132000, lxP=0.00, lxG=0.07, lxGt=22.87, lp=0.02, lg=2.29, aP=100.00, aGinf=91.50, aGt=67.00
2025-12-17 19:37:20,939: save data time 0.12, train_i=132000.00, total_steps=3300000.00
2025-12-17 19:37:48,348: MaxHebb=0.31056, T=1.00, F=1.00, L=1.00, train_i=132100, total_steps=3302500
2025-12-17 19:37:48,348: it=132100, lxP=0.02, lxG=0.49, lxGt=17.32, lp=0.05, lg=2.32, aP=100.00, aGinf=84.50, aGt=60.75
2025-12-17 19:38:15,738: MaxHebb=0.27529, T=1.00, F=1.00, L=1.00, train_i=132200, total_steps=3305000
2025-12-17 19:38:15,738: it=132200, lxP=0.00, lxG=0.16, lxGt=21.43, lp=0.02, lg=2.30, aP=100.00, aGinf=91.25, aGt=64.50
2025-12-17 19:38:43,165: MaxHebb=0.31119, T=1.00, F=1.00, L=1.00, train_i=132300, total_steps=3307500
2025-12-17 19:38:43,165: it=132300, lxP=0.01, lxG=0.39, lxGt=21.65, lp=0.01, lg=2.28, aP=100.00, aGinf=89.00, aGt=64.25
2025-12-17 19:39:10,589: MaxHebb=0.27261, T=1.00, F=1.00, L=1.00, train_i=132400, total_steps=3310000
2025-12-17 19:39:10,589: it=132400, lxP=0.01, lxG=0.12, lxGt=23.16, lp=0.01, lg=2.28, aP=100.00, aGinf=91.25, aGt=64.50
2025-12-17 19:39:39,558: MaxHebb=0.30895, T=1.00, F=1.00, L=1.00, train_i=132500, total_steps=3312500
2025-12-17 19:39:39,558: it=132500, lxP=0.00, lxG=0.08, lxGt=20.07, lp=0.01, lg=2.32, aP=100.00, aGinf=88.25, aGt=67.75
2025-12-17 19:40:07,112: MaxHebb=0.31402, T=1.00, F=1.00, L=1.00, train_i=132600, total_steps=3315000
2025-12-17 19:40:07,112: it=132600, lxP=0.00, lxG=0.22, lxGt=20.71, lp=0.02, lg=2.32, aP=100.00, aGinf=89.00, aGt=64.75
2025-12-17 19:40:34,583: MaxHebb=0.28475, T=1.00, F=1.00, L=1.00, train_i=132700, total_steps=3317500
2025-12-17 19:40:34,583: it=132700, lxP=0.00, lxG=0.09, lxGt=18.51, lp=0.02, lg=2.36, aP=100.00, aGinf=88.00, aGt=67.25
2025-12-17 19:41:01,987: MaxHebb=0.28647, T=1.00, F=1.00, L=1.00, train_i=132800, total_steps=3320000
2025-12-17 19:41:01,987: it=132800, lxP=0.00, lxG=0.18, lxGt=21.08, lp=0.01, lg=2.27, aP=100.00, aGinf=91.50, aGt=70.00
2025-12-17 19:41:30,894: MaxHebb=0.25018, T=1.00, F=1.00, L=1.00, train_i=132900, total_steps=3322500
2025-12-17 19:41:30,894: it=132900, lxP=0.00, lxG=0.01, lxGt=26.27, lp=0.01, lg=2.28, aP=100.00, aGinf=93.00, aGt=66.25
2025-12-17 19:41:58,382: MaxHebb=0.30191, T=1.00, F=1.00, L=1.00, train_i=133000, total_steps=3325000
2025-12-17 19:41:58,382: it=133000, lxP=0.00, lxG=0.33, lxGt=25.24, lp=0.02, lg=2.39, aP=100.00, aGinf=90.25, aGt=62.75
2025-12-17 19:42:25,822: MaxHebb=0.31010, T=1.00, F=1.00, L=1.00, train_i=133100, total_steps=3327500
2025-12-17 19:42:25,823: it=133100, lxP=0.00, lxG=0.41, lxGt=19.75, lp=0.01, lg=2.26, aP=100.00, aGinf=96.25, aGt=76.00
2025-12-17 19:42:53,258: MaxHebb=0.28063, T=1.00, F=1.00, L=1.00, train_i=133200, total_steps=3330000
2025-12-17 19:42:53,258: it=133200, lxP=0.00, lxG=0.41, lxGt=24.00, lp=0.02, lg=2.26, aP=100.00, aGinf=91.75, aGt=65.50
2025-12-17 19:43:22,123: MaxHebb=0.28224, T=1.00, F=1.00, L=1.00, train_i=133300, total_steps=3332500
2025-12-17 19:43:22,123: it=133300, lxP=0.00, lxG=0.01, lxGt=20.84, lp=0.01, lg=2.24, aP=100.00, aGinf=90.50, aGt=69.00
2025-12-17 19:43:49,548: MaxHebb=0.30648, T=1.00, F=1.00, L=1.00, train_i=133400, total_steps=3335000
2025-12-17 19:43:49,548: it=133400, lxP=0.00, lxG=0.14, lxGt=21.39, lp=0.02, lg=2.29, aP=100.00, aGinf=90.25, aGt=65.75
2025-12-17 19:44:16,959: MaxHebb=0.31116, T=1.00, F=1.00, L=1.00, train_i=133500, total_steps=3337500
2025-12-17 19:44:16,959: it=133500, lxP=0.01, lxG=0.05, lxGt=21.60, lp=0.02, lg=2.31, aP=100.00, aGinf=91.75, aGt=67.00
2025-12-17 19:44:44,390: MaxHebb=0.27578, T=1.00, F=1.00, L=1.00, train_i=133600, total_steps=3340000
2025-12-17 19:44:44,391: it=133600, lxP=0.04, lxG=0.44, lxGt=23.53, lp=0.01, lg=2.23, aP=99.75, aGinf=90.75, aGt=67.75
2025-12-17 19:45:13,112: MaxHebb=0.31038, T=1.00, F=1.00, L=1.00, train_i=133700, total_steps=3342500
2025-12-17 19:45:13,112: it=133700, lxP=0.00, lxG=0.35, lxGt=22.70, lp=0.02, lg=2.31, aP=100.00, aGinf=90.75, aGt=63.75
2025-12-17 19:45:40,487: MaxHebb=0.25204, T=1.00, F=1.00, L=1.00, train_i=133800, total_steps=3345000
2025-12-17 19:45:40,487: it=133800, lxP=0.00, lxG=0.06, lxGt=16.84, lp=0.03, lg=2.30, aP=100.00, aGinf=90.75, aGt=69.50
2025-12-17 19:46:07,909: MaxHebb=0.29861, T=1.00, F=1.00, L=1.00, train_i=133900, total_steps=3347500
2025-12-17 19:46:07,909: it=133900, lxP=0.01, lxG=0.25, lxGt=23.14, lp=0.02, lg=2.27, aP=100.00, aGinf=89.50, aGt=65.25
2025-12-17 19:46:35,292: MaxHebb=0.28088, T=1.00, F=1.00, L=1.00, train_i=134000, total_steps=3350000
2025-12-17 19:46:35,293: it=134000, lxP=0.00, lxG=0.05, lxGt=16.05, lp=0.04, lg=2.37, aP=100.00, aGinf=86.00, aGt=65.50
2025-12-17 19:46:36,867: save data time 0.14, train_i=134000.00, total_steps=3350000.00
2025-12-17 19:47:04,349: MaxHebb=0.31088, T=1.00, F=1.00, L=1.00, train_i=134100, total_steps=3352500
2025-12-17 19:47:04,349: it=134100, lxP=0.00, lxG=0.20, lxGt=22.18, lp=0.02, lg=2.35, aP=100.00, aGinf=92.25, aGt=67.25
2025-12-17 19:47:31,756: MaxHebb=0.30459, T=1.00, F=1.00, L=1.00, train_i=134200, total_steps=3355000
2025-12-17 19:47:31,756: it=134200, lxP=0.00, lxG=0.47, lxGt=24.50, lp=0.01, lg=2.34, aP=100.00, aGinf=93.75, aGt=67.25
2025-12-17 19:47:59,203: MaxHebb=0.28108, T=1.00, F=1.00, L=1.00, train_i=134300, total_steps=3357500
2025-12-17 19:47:59,203: it=134300, lxP=0.00, lxG=0.63, lxGt=27.22, lp=0.01, lg=2.36, aP=100.00, aGinf=95.00, aGt=67.50
2025-12-17 19:48:26,695: MaxHebb=0.29753, T=1.00, F=1.00, L=1.00, train_i=134400, total_steps=3360000
2025-12-17 19:48:26,695: it=134400, lxP=0.00, lxG=0.13, lxGt=24.67, lp=0.01, lg=2.28, aP=100.00, aGinf=94.25, aGt=70.25
2025-12-17 19:48:55,560: MaxHebb=0.27455, T=1.00, F=1.00, L=1.00, train_i=134500, total_steps=3362500
2025-12-17 19:48:55,560: it=134500, lxP=0.00, lxG=0.33, lxGt=19.44, lp=0.02, lg=2.28, aP=100.00, aGinf=90.25, aGt=65.50
2025-12-17 19:49:22,987: MaxHebb=0.30922, T=1.00, F=1.00, L=1.00, train_i=134600, total_steps=3365000
2025-12-17 19:49:22,987: it=134600, lxP=0.00, lxG=0.05, lxGt=20.20, lp=0.01, lg=2.33, aP=100.00, aGinf=92.50, aGt=69.25
2025-12-17 19:49:50,483: MaxHebb=0.26862, T=1.00, F=1.00, L=1.00, train_i=134700, total_steps=3367500
2025-12-17 19:49:50,483: it=134700, lxP=0.00, lxG=0.47, lxGt=21.68, lp=0.01, lg=2.32, aP=100.00, aGinf=88.00, aGt=63.50
2025-12-17 19:50:17,919: MaxHebb=0.28079, T=1.00, F=1.00, L=1.00, train_i=134800, total_steps=3370000
2025-12-17 19:50:17,919: it=134800, lxP=0.00, lxG=0.09, lxGt=21.62, lp=0.03, lg=2.31, aP=100.00, aGinf=90.50, aGt=61.75
2025-12-17 19:50:46,824: MaxHebb=0.30416, T=1.00, F=1.00, L=1.00, train_i=134900, total_steps=3372500
2025-12-17 19:50:46,824: it=134900, lxP=0.00, lxG=0.04, lxGt=20.13, lp=0.03, lg=2.32, aP=100.00, aGinf=85.25, aGt=62.00
2025-12-17 19:51:14,281: MaxHebb=0.28012, T=1.00, F=1.00, L=1.00, train_i=135000, total_steps=3375000
2025-12-17 19:51:14,281: it=135000, lxP=0.01, lxG=0.20, lxGt=23.56, lp=0.02, lg=2.33, aP=100.00, aGinf=89.50, aGt=63.50
2025-12-17 19:51:41,678: MaxHebb=0.25485, T=1.00, F=1.00, L=1.00, train_i=135100, total_steps=3377500
2025-12-17 19:51:41,678: it=135100, lxP=0.00, lxG=1.41, lxGt=22.70, lp=0.04, lg=2.41, aP=100.00, aGinf=85.75, aGt=60.25
2025-12-17 19:52:09,071: MaxHebb=0.31339, T=1.00, F=1.00, L=1.00, train_i=135200, total_steps=3380000
2025-12-17 19:52:09,071: it=135200, lxP=0.00, lxG=0.18, lxGt=20.96, lp=0.04, lg=2.32, aP=100.00, aGinf=88.00, aGt=64.25
2025-12-17 19:52:37,994: MaxHebb=0.29936, T=1.00, F=1.00, L=1.00, train_i=135300, total_steps=3382500
2025-12-17 19:52:37,994: it=135300, lxP=0.01, lxG=0.30, lxGt=19.13, lp=0.02, lg=2.39, aP=100.00, aGinf=89.25, aGt=65.75
2025-12-17 19:53:05,489: MaxHebb=0.29682, T=1.00, F=1.00, L=1.00, train_i=135400, total_steps=3385000
2025-12-17 19:53:05,489: it=135400, lxP=0.01, lxG=0.34, lxGt=16.34, lp=0.04, lg=2.27, aP=100.00, aGinf=89.75, aGt=67.00
2025-12-17 19:53:32,904: MaxHebb=0.29649, T=1.00, F=1.00, L=1.00, train_i=135500, total_steps=3387500
2025-12-17 19:53:32,904: it=135500, lxP=0.01, lxG=0.34, lxGt=18.64, lp=0.03, lg=2.32, aP=100.00, aGinf=87.25, aGt=64.75
2025-12-17 19:54:00,351: MaxHebb=0.31094, T=1.00, F=1.00, L=1.00, train_i=135600, total_steps=3390000
2025-12-17 19:54:00,351: it=135600, lxP=0.03, lxG=0.39, lxGt=23.33, lp=0.02, lg=2.35, aP=100.00, aGinf=89.00, aGt=68.00
2025-12-17 19:54:29,273: MaxHebb=0.30609, T=1.00, F=1.00, L=1.00, train_i=135700, total_steps=3392500
2025-12-17 19:54:29,273: it=135700, lxP=0.00, lxG=0.25, lxGt=20.34, lp=0.01, lg=2.37, aP=100.00, aGinf=91.50, aGt=67.25
2025-12-17 19:54:56,696: MaxHebb=0.28658, T=1.00, F=1.00, L=1.00, train_i=135800, total_steps=3395000
2025-12-17 19:54:56,696: it=135800, lxP=0.00, lxG=0.31, lxGt=21.82, lp=0.02, lg=2.30, aP=100.00, aGinf=89.00, aGt=66.00
2025-12-17 19:55:24,156: MaxHebb=0.28218, T=1.00, F=1.00, L=1.00, train_i=135900, total_steps=3397500
2025-12-17 19:55:24,156: it=135900, lxP=0.00, lxG=0.89, lxGt=22.92, lp=0.03, lg=2.28, aP=100.00, aGinf=88.75, aGt=63.50
2025-12-17 19:55:51,636: MaxHebb=0.31146, T=1.00, F=1.00, L=1.00, train_i=136000, total_steps=3400000
2025-12-17 19:55:51,636: it=136000, lxP=0.00, lxG=0.06, lxGt=21.10, lp=0.02, lg=2.33, aP=100.00, aGinf=92.50, aGt=67.50
2025-12-17 19:55:53,191: save data time 0.13, train_i=136000.00, total_steps=3400000.00
2025-12-17 19:56:20,848: MaxHebb=0.30629, T=1.00, F=1.00, L=1.00, train_i=136100, total_steps=3402500
2025-12-17 19:56:20,848: it=136100, lxP=0.00, lxG=0.40, lxGt=20.58, lp=0.02, lg=2.33, aP=100.00, aGinf=88.50, aGt=66.75
2025-12-17 19:56:48,339: MaxHebb=0.31473, T=1.00, F=1.00, L=1.00, train_i=136200, total_steps=3405000
2025-12-17 19:56:48,339: it=136200, lxP=0.00, lxG=0.10, lxGt=22.52, lp=0.01, lg=2.23, aP=100.00, aGinf=93.00, aGt=64.25
2025-12-17 19:57:15,839: MaxHebb=0.28295, T=1.00, F=1.00, L=1.00, train_i=136300, total_steps=3407500
2025-12-17 19:57:15,839: it=136300, lxP=0.00, lxG=1.08, lxGt=23.47, lp=0.01, lg=2.27, aP=100.00, aGinf=90.00, aGt=64.25
2025-12-17 19:57:43,294: MaxHebb=0.30565, T=1.00, F=1.00, L=1.00, train_i=136400, total_steps=3410000
2025-12-17 19:57:43,294: it=136400, lxP=0.00, lxG=0.88, lxGt=24.26, lp=0.02, lg=2.31, aP=100.00, aGinf=87.75, aGt=63.00
2025-12-17 19:58:12,095: MaxHebb=0.29901, T=1.00, F=1.00, L=1.00, train_i=136500, total_steps=3412500
2025-12-17 19:58:12,095: it=136500, lxP=0.02, lxG=6.87, lxGt=40.83, lp=0.01, lg=2.36, aP=99.75, aGinf=81.00, aGt=48.75
2025-12-17 19:58:39,520: MaxHebb=0.20497, T=1.00, F=1.00, L=1.00, train_i=136600, total_steps=3415000
2025-12-17 19:58:39,521: it=136600, lxP=0.02, lxG=2.19, lxGt=24.73, lp=0.01, lg=2.40, aP=100.00, aGinf=79.50, aGt=57.00
2025-12-17 19:59:06,844: MaxHebb=0.27297, T=1.00, F=1.00, L=1.00, train_i=136700, total_steps=3417500
2025-12-17 19:59:06,844: it=136700, lxP=0.00, lxG=7.35, lxGt=24.05, lp=0.01, lg=2.35, aP=100.00, aGinf=87.50, aGt=63.25
2025-12-17 19:59:34,241: MaxHebb=0.30201, T=1.00, F=1.00, L=1.00, train_i=136800, total_steps=3420000
2025-12-17 19:59:34,241: it=136800, lxP=0.00, lxG=0.28, lxGt=20.45, lp=0.02, lg=2.29, aP=99.50, aGinf=91.50, aGt=69.00
2025-12-17 20:00:03,080: MaxHebb=0.30048, T=1.00, F=1.00, L=1.00, train_i=136900, total_steps=3422500
2025-12-17 20:00:03,081: it=136900, lxP=0.01, lxG=0.91, lxGt=19.80, lp=0.04, lg=2.30, aP=99.75, aGinf=87.50, aGt=65.00
2025-12-17 20:00:30,443: MaxHebb=0.31262, T=1.00, F=1.00, L=1.00, train_i=137000, total_steps=3425000
2025-12-17 20:00:30,443: it=137000, lxP=0.00, lxG=0.20, lxGt=19.82, lp=0.03, lg=2.23, aP=100.00, aGinf=89.75, aGt=65.00
2025-12-17 20:00:57,766: MaxHebb=0.31124, T=1.00, F=1.00, L=1.00, train_i=137100, total_steps=3427500
2025-12-17 20:00:57,766: it=137100, lxP=0.00, lxG=1.99, lxGt=26.53, lp=0.02, lg=2.28, aP=100.00, aGinf=89.00, aGt=63.25
2025-12-17 20:01:25,147: MaxHebb=0.27752, T=1.00, F=1.00, L=1.00, train_i=137200, total_steps=3430000
2025-12-17 20:01:25,147: it=137200, lxP=0.00, lxG=0.22, lxGt=23.72, lp=0.01, lg=2.17, aP=100.00, aGinf=93.25, aGt=70.75
2025-12-17 20:01:53,932: MaxHebb=0.23084, T=1.00, F=1.00, L=1.00, train_i=137300, total_steps=3432500
2025-12-17 20:01:53,932: it=137300, lxP=0.02, lxG=0.39, lxGt=22.14, lp=0.02, lg=2.24, aP=100.00, aGinf=94.75, aGt=71.25
2025-12-17 20:02:21,318: MaxHebb=0.29578, T=1.00, F=1.00, L=1.00, train_i=137400, total_steps=3435000
2025-12-17 20:02:21,318: it=137400, lxP=0.01, lxG=0.39, lxGt=21.62, lp=0.02, lg=2.26, aP=99.75, aGinf=89.00, aGt=65.50
2025-12-17 20:02:48,724: MaxHebb=0.31406, T=1.00, F=1.00, L=1.00, train_i=137500, total_steps=3437500
2025-12-17 20:02:48,725: it=137500, lxP=0.00, lxG=0.34, lxGt=23.91, lp=0.02, lg=2.27, aP=100.00, aGinf=91.50, aGt=65.75
2025-12-17 20:03:16,036: MaxHebb=0.29533, T=1.00, F=1.00, L=1.00, train_i=137600, total_steps=3440000
2025-12-17 20:03:16,036: it=137600, lxP=0.02, lxG=0.35, lxGt=19.85, lp=0.01, lg=2.21, aP=100.00, aGinf=95.25, aGt=70.75
2025-12-17 20:03:44,698: MaxHebb=0.27060, T=1.00, F=1.00, L=1.00, train_i=137700, total_steps=3442500
2025-12-17 20:03:44,698: it=137700, lxP=0.05, lxG=0.15, lxGt=21.62, lp=0.01, lg=2.24, aP=99.75, aGinf=89.25, aGt=65.25
2025-12-17 20:04:12,085: MaxHebb=0.29873, T=1.00, F=1.00, L=1.00, train_i=137800, total_steps=3445000
2025-12-17 20:04:12,085: it=137800, lxP=0.00, lxG=0.17, lxGt=28.01, lp=0.01, lg=2.27, aP=100.00, aGinf=94.75, aGt=66.25
2025-12-17 20:04:39,421: MaxHebb=0.30459, T=1.00, F=1.00, L=1.00, train_i=137900, total_steps=3447500
2025-12-17 20:04:39,421: it=137900, lxP=0.00, lxG=0.06, lxGt=22.43, lp=0.02, lg=2.31, aP=100.00, aGinf=89.50, aGt=66.75
2025-12-17 20:05:06,769: MaxHebb=0.31639, T=1.00, F=1.00, L=1.00, train_i=138000, total_steps=3450000
2025-12-17 20:05:06,769: it=138000, lxP=0.00, lxG=0.14, lxGt=27.83, lp=0.01, lg=2.27, aP=100.00, aGinf=89.50, aGt=61.75
2025-12-17 20:05:08,311: save data time 0.12, train_i=138000.00, total_steps=3450000.00
2025-12-17 20:05:35,731: MaxHebb=0.30333, T=1.00, F=1.00, L=1.00, train_i=138100, total_steps=3452500
2025-12-17 20:05:35,731: it=138100, lxP=0.00, lxG=0.25, lxGt=23.81, lp=0.01, lg=2.26, aP=100.00, aGinf=91.50, aGt=66.00
2025-12-17 20:06:03,100: MaxHebb=0.29760, T=1.00, F=1.00, L=1.00, train_i=138200, total_steps=3455000
2025-12-17 20:06:03,101: it=138200, lxP=0.01, lxG=0.24, lxGt=24.41, lp=0.03, lg=2.24, aP=100.00, aGinf=91.75, aGt=64.75
2025-12-17 20:06:30,544: MaxHebb=0.31676, T=1.00, F=1.00, L=1.00, train_i=138300, total_steps=3457500
2025-12-17 20:06:30,544: it=138300, lxP=0.00, lxG=0.13, lxGt=23.22, lp=0.01, lg=2.31, aP=100.00, aGinf=93.00, aGt=68.25
2025-12-17 20:06:57,901: MaxHebb=0.30098, T=1.00, F=1.00, L=1.00, train_i=138400, total_steps=3460000
2025-12-17 20:06:57,901: it=138400, lxP=0.00, lxG=0.38, lxGt=21.00, lp=0.04, lg=2.27, aP=99.50, aGinf=85.50, aGt=64.00
2025-12-17 20:07:26,760: MaxHebb=0.29375, T=1.00, F=1.00, L=1.00, train_i=138500, total_steps=3462500
2025-12-17 20:07:26,760: it=138500, lxP=0.00, lxG=0.13, lxGt=25.43, lp=0.01, lg=2.34, aP=100.00, aGinf=93.00, aGt=67.50
2025-12-17 20:07:54,296: MaxHebb=0.31095, T=1.00, F=1.00, L=1.00, train_i=138600, total_steps=3465000
2025-12-17 20:07:54,296: it=138600, lxP=0.00, lxG=0.33, lxGt=22.92, lp=0.01, lg=2.37, aP=100.00, aGinf=86.75, aGt=59.25
2025-12-17 20:08:21,706: MaxHebb=0.30229, T=1.00, F=1.00, L=1.00, train_i=138700, total_steps=3467500
2025-12-17 20:08:21,706: it=138700, lxP=0.00, lxG=0.01, lxGt=23.95, lp=0.01, lg=2.30, aP=100.00, aGinf=87.75, aGt=60.25
2025-12-17 20:08:49,035: MaxHebb=0.31113, T=1.00, F=1.00, L=1.00, train_i=138800, total_steps=3470000
2025-12-17 20:08:49,035: it=138800, lxP=0.01, lxG=1.78, lxGt=20.55, lp=0.03, lg=2.32, aP=100.00, aGinf=88.25, aGt=63.25
2025-12-17 20:09:17,839: MaxHebb=0.29902, T=1.00, F=1.00, L=1.00, train_i=138900, total_steps=3472500
2025-12-17 20:09:17,839: it=138900, lxP=0.00, lxG=0.06, lxGt=16.35, lp=0.02, lg=2.27, aP=100.00, aGinf=86.75, aGt=64.75
2025-12-17 20:09:45,122: MaxHebb=0.30785, T=1.00, F=1.00, L=1.00, train_i=139000, total_steps=3475000
2025-12-17 20:09:45,122: it=139000, lxP=0.00, lxG=0.17, lxGt=19.20, lp=0.04, lg=2.31, aP=100.00, aGinf=88.75, aGt=64.50
2025-12-17 20:10:12,523: MaxHebb=0.30270, T=1.00, F=1.00, L=1.00, train_i=139100, total_steps=3477500
2025-12-17 20:10:12,523: it=139100, lxP=0.00, lxG=0.52, lxGt=22.39, lp=0.03, lg=2.27, aP=100.00, aGinf=91.25, aGt=66.00
2025-12-17 20:10:39,899: MaxHebb=0.27621, T=1.00, F=1.00, L=1.00, train_i=139200, total_steps=3480000
2025-12-17 20:10:39,900: it=139200, lxP=0.03, lxG=1.23, lxGt=23.74, lp=0.02, lg=2.26, aP=99.75, aGinf=84.00, aGt=61.50
2025-12-17 20:11:08,736: MaxHebb=0.30506, T=1.00, F=1.00, L=1.00, train_i=139300, total_steps=3482500
2025-12-17 20:11:08,736: it=139300, lxP=0.00, lxG=0.32, lxGt=20.87, lp=0.02, lg=2.24, aP=100.00, aGinf=84.00, aGt=57.75
2025-12-17 20:11:36,126: MaxHebb=0.28283, T=1.00, F=1.00, L=1.00, train_i=139400, total_steps=3485000
2025-12-17 20:11:36,126: it=139400, lxP=0.03, lxG=0.31, lxGt=22.40, lp=0.01, lg=2.22, aP=99.75, aGinf=92.00, aGt=66.00
2025-12-17 20:12:03,545: MaxHebb=0.30871, T=1.00, F=1.00, L=1.00, train_i=139500, total_steps=3487500
2025-12-17 20:12:03,545: it=139500, lxP=0.00, lxG=0.13, lxGt=18.90, lp=0.04, lg=2.32, aP=100.00, aGinf=83.00, aGt=60.50
2025-12-17 20:12:30,966: MaxHebb=0.30361, T=1.00, F=1.00, L=1.00, train_i=139600, total_steps=3490000
2025-12-17 20:12:30,966: it=139600, lxP=0.00, lxG=0.22, lxGt=23.35, lp=0.01, lg=2.28, aP=100.00, aGinf=96.50, aGt=70.50
2025-12-17 20:12:59,712: MaxHebb=0.26875, T=1.00, F=1.00, L=1.00, train_i=139700, total_steps=3492500
2025-12-17 20:12:59,712: it=139700, lxP=0.00, lxG=0.05, lxGt=22.01, lp=0.02, lg=2.23, aP=100.00, aGinf=91.25, aGt=69.75
2025-12-17 20:13:27,019: MaxHebb=0.30432, T=1.00, F=1.00, L=1.00, train_i=139800, total_steps=3495000
2025-12-17 20:13:27,020: it=139800, lxP=0.00, lxG=0.37, lxGt=21.01, lp=0.01, lg=2.27, aP=100.00, aGinf=88.25, aGt=62.00
2025-12-17 20:13:54,262: MaxHebb=0.29514, T=1.00, F=1.00, L=1.00, train_i=139900, total_steps=3497500
2025-12-17 20:13:54,262: it=139900, lxP=0.00, lxG=0.02, lxGt=20.95, lp=0.02, lg=2.32, aP=100.00, aGinf=88.50, aGt=64.75
2025-12-17 20:14:21,629: MaxHebb=0.24801, T=1.00, F=1.00, L=1.00, train_i=140000, total_steps=3500000
2025-12-17 20:14:21,629: it=140000, lxP=0.00, lxG=0.25, lxGt=26.29, lp=0.01, lg=2.30, aP=100.00, aGinf=91.25, aGt=64.50
2025-12-17 20:14:23,173: save data time 0.14, train_i=140000.00, total_steps=3500000.00
2025-12-17 20:14:50,503: MaxHebb=0.29111, T=1.00, F=1.00, L=1.00, train_i=140100, total_steps=3502500
2025-12-17 20:14:50,503: it=140100, lxP=0.00, lxG=0.10, lxGt=22.12, lp=0.04, lg=2.27, aP=100.00, aGinf=89.75, aGt=64.25
2025-12-17 20:15:17,879: MaxHebb=0.31294, T=1.00, F=1.00, L=1.00, train_i=140200, total_steps=3505000
2025-12-17 20:15:17,879: it=140200, lxP=0.00, lxG=0.17, lxGt=19.82, lp=0.02, lg=2.24, aP=100.00, aGinf=91.00, aGt=68.00
2025-12-17 20:15:45,287: MaxHebb=0.26751, T=1.00, F=1.00, L=1.00, train_i=140300, total_steps=3507500
2025-12-17 20:15:45,287: it=140300, lxP=0.00, lxG=0.02, lxGt=24.74, lp=0.03, lg=2.28, aP=100.00, aGinf=90.50, aGt=64.75
2025-12-17 20:16:12,648: MaxHebb=0.30119, T=1.00, F=1.00, L=1.00, train_i=140400, total_steps=3510000
2025-12-17 20:16:12,648: it=140400, lxP=0.00, lxG=0.40, lxGt=16.50, lp=0.04, lg=2.29, aP=100.00, aGinf=87.75, aGt=65.50
2025-12-17 20:16:41,449: MaxHebb=0.30335, T=1.00, F=1.00, L=1.00, train_i=140500, total_steps=3512500
2025-12-17 20:16:41,449: it=140500, lxP=0.00, lxG=0.10, lxGt=23.43, lp=0.01, lg=2.31, aP=100.00, aGinf=91.75, aGt=64.25
2025-12-17 20:17:08,878: MaxHebb=0.29426, T=1.00, F=1.00, L=1.00, train_i=140600, total_steps=3515000
2025-12-17 20:17:08,878: it=140600, lxP=0.00, lxG=0.06, lxGt=24.56, lp=0.01, lg=2.24, aP=100.00, aGinf=93.00, aGt=67.00
2025-12-17 20:17:36,279: MaxHebb=0.25061, T=1.00, F=1.00, L=1.00, train_i=140700, total_steps=3517500
2025-12-17 20:17:36,279: it=140700, lxP=0.00, lxG=0.35, lxGt=19.25, lp=0.01, lg=2.31, aP=100.00, aGinf=90.00, aGt=70.50
2025-12-17 20:18:03,628: MaxHebb=0.30678, T=1.00, F=1.00, L=1.00, train_i=140800, total_steps=3520000
2025-12-17 20:18:03,628: it=140800, lxP=0.00, lxG=0.31, lxGt=19.21, lp=0.02, lg=2.28, aP=100.00, aGinf=95.00, aGt=74.00
2025-12-17 20:18:32,523: MaxHebb=0.27295, T=1.00, F=1.00, L=1.00, train_i=140900, total_steps=3522500
2025-12-17 20:18:32,523: it=140900, lxP=0.00, lxG=0.78, lxGt=24.82, lp=0.03, lg=2.25, aP=100.00, aGinf=89.25, aGt=64.50
2025-12-17 20:18:59,921: MaxHebb=0.29926, T=1.00, F=1.00, L=1.00, train_i=141000, total_steps=3525000
2025-12-17 20:18:59,921: it=141000, lxP=0.00, lxG=0.49, lxGt=20.24, lp=0.02, lg=2.27, aP=100.00, aGinf=93.50, aGt=69.00
2025-12-17 20:19:27,339: MaxHebb=0.30556, T=1.00, F=1.00, L=1.00, train_i=141100, total_steps=3527500
2025-12-17 20:19:27,339: it=141100, lxP=0.00, lxG=0.30, lxGt=21.61, lp=0.02, lg=2.26, aP=100.00, aGinf=89.25, aGt=67.25
2025-12-17 20:19:54,775: MaxHebb=0.29862, T=1.00, F=1.00, L=1.00, train_i=141200, total_steps=3530000
2025-12-17 20:19:54,775: it=141200, lxP=0.00, lxG=1.75, lxGt=26.83, lp=0.01, lg=2.33, aP=100.00, aGinf=88.50, aGt=64.25
2025-12-17 20:20:23,589: MaxHebb=0.29147, T=1.00, F=1.00, L=1.00, train_i=141300, total_steps=3532500
2025-12-17 20:20:23,589: it=141300, lxP=0.01, lxG=0.29, lxGt=22.86, lp=0.01, lg=2.26, aP=100.00, aGinf=94.25, aGt=67.25
2025-12-17 20:20:50,952: MaxHebb=0.24142, T=1.00, F=1.00, L=1.00, train_i=141400, total_steps=3535000
2025-12-17 20:20:50,952: it=141400, lxP=0.00, lxG=0.12, lxGt=20.73, lp=0.01, lg=2.31, aP=100.00, aGinf=86.75, aGt=61.25
2025-12-17 20:21:18,309: MaxHebb=0.30582, T=1.00, F=1.00, L=1.00, train_i=141500, total_steps=3537500
2025-12-17 20:21:18,309: it=141500, lxP=0.01, lxG=0.14, lxGt=24.64, lp=0.02, lg=2.25, aP=100.00, aGinf=97.75, aGt=67.50
2025-12-17 20:21:45,719: MaxHebb=0.29167, T=1.00, F=1.00, L=1.00, train_i=141600, total_steps=3540000
2025-12-17 20:21:45,719: it=141600, lxP=0.00, lxG=0.93, lxGt=18.27, lp=0.02, lg=2.30, aP=100.00, aGinf=86.00, aGt=64.00
2025-12-17 20:22:14,518: MaxHebb=0.30825, T=1.00, F=1.00, L=1.00, train_i=141700, total_steps=3542500
2025-12-17 20:22:14,518: it=141700, lxP=0.00, lxG=0.07, lxGt=23.02, lp=0.01, lg=2.28, aP=100.00, aGinf=91.75, aGt=65.75
2025-12-17 20:22:41,943: MaxHebb=0.29604, T=1.00, F=1.00, L=1.00, train_i=141800, total_steps=3545000
2025-12-17 20:22:41,943: it=141800, lxP=0.00, lxG=0.12, lxGt=22.99, lp=0.02, lg=2.24, aP=100.00, aGinf=92.25, aGt=67.25
2025-12-17 20:23:09,291: MaxHebb=0.28038, T=1.00, F=1.00, L=1.00, train_i=141900, total_steps=3547500
2025-12-17 20:23:09,291: it=141900, lxP=0.00, lxG=0.07, lxGt=25.21, lp=0.02, lg=2.27, aP=100.00, aGinf=94.75, aGt=69.25
2025-12-17 20:23:36,628: MaxHebb=0.30582, T=1.00, F=1.00, L=1.00, train_i=142000, total_steps=3550000
2025-12-17 20:23:36,628: it=142000, lxP=0.01, lxG=0.33, lxGt=23.06, lp=0.01, lg=2.28, aP=100.00, aGinf=92.50, aGt=67.00
2025-12-17 20:23:38,174: save data time 0.12, train_i=142000.00, total_steps=3550000.00
2025-12-17 20:24:05,542: MaxHebb=0.28451, T=1.00, F=1.00, L=1.00, train_i=142100, total_steps=3552500
2025-12-17 20:24:05,542: it=142100, lxP=0.00, lxG=0.18, lxGt=22.20, lp=0.01, lg=2.27, aP=100.00, aGinf=93.00, aGt=67.00
2025-12-17 20:24:32,845: MaxHebb=0.28523, T=1.00, F=1.00, L=1.00, train_i=142200, total_steps=3555000
2025-12-17 20:24:32,845: it=142200, lxP=0.00, lxG=0.04, lxGt=23.91, lp=0.03, lg=2.29, aP=100.00, aGinf=91.00, aGt=65.75
2025-12-17 20:25:00,160: MaxHebb=0.30047, T=1.00, F=1.00, L=1.00, train_i=142300, total_steps=3557500
2025-12-17 20:25:00,160: it=142300, lxP=0.00, lxG=0.24, lxGt=21.27, lp=0.02, lg=2.27, aP=100.00, aGinf=87.50, aGt=64.00
2025-12-17 20:25:27,542: MaxHebb=0.30390, T=1.00, F=1.00, L=1.00, train_i=142400, total_steps=3560000
2025-12-17 20:25:27,542: it=142400, lxP=0.02, lxG=0.12, lxGt=23.34, lp=0.02, lg=2.23, aP=99.75, aGinf=87.00, aGt=59.50
2025-12-17 20:25:56,344: MaxHebb=0.29397, T=1.00, F=1.00, L=1.00, train_i=142500, total_steps=3562500
2025-12-17 20:25:56,344: it=142500, lxP=0.00, lxG=0.64, lxGt=25.40, lp=0.01, lg=2.26, aP=100.00, aGinf=90.50, aGt=61.25
2025-12-17 20:26:23,785: MaxHebb=0.21829, T=1.00, F=1.00, L=1.00, train_i=142600, total_steps=3565000
2025-12-17 20:26:23,785: it=142600, lxP=0.00, lxG=0.02, lxGt=20.18, lp=0.02, lg=2.29, aP=100.00, aGinf=90.25, aGt=65.00
2025-12-17 20:26:51,220: MaxHebb=0.30229, T=1.00, F=1.00, L=1.00, train_i=142700, total_steps=3567500
2025-12-17 20:26:51,220: it=142700, lxP=0.01, lxG=0.72, lxGt=22.06, lp=0.02, lg=2.32, aP=99.75, aGinf=91.25, aGt=67.25
2025-12-17 20:27:18,694: MaxHebb=0.28234, T=1.00, F=1.00, L=1.00, train_i=142800, total_steps=3570000
2025-12-17 20:27:18,694: it=142800, lxP=0.00, lxG=0.07, lxGt=23.03, lp=0.03, lg=2.28, aP=100.00, aGinf=89.00, aGt=65.00
2025-12-17 20:27:47,564: MaxHebb=0.24069, T=1.00, F=1.00, L=1.00, train_i=142900, total_steps=3572500
2025-12-17 20:27:47,564: it=142900, lxP=0.01, lxG=0.14, lxGt=24.64, lp=0.01, lg=2.22, aP=100.00, aGinf=98.75, aGt=70.75
2025-12-17 20:28:14,913: MaxHebb=0.29947, T=1.00, F=1.00, L=1.00, train_i=143000, total_steps=3575000
2025-12-17 20:28:14,913: it=143000, lxP=0.00, lxG=0.14, lxGt=24.89, lp=0.02, lg=2.31, aP=100.00, aGinf=90.00, aGt=67.25
2025-12-17 20:28:42,371: MaxHebb=0.28679, T=1.00, F=1.00, L=1.00, train_i=143100, total_steps=3577500
2025-12-17 20:28:42,371: it=143100, lxP=0.00, lxG=0.03, lxGt=22.73, lp=0.02, lg=2.24, aP=100.00, aGinf=89.50, aGt=63.00
2025-12-17 20:29:09,733: MaxHebb=0.29811, T=1.00, F=1.00, L=1.00, train_i=143200, total_steps=3580000
2025-12-17 20:29:09,733: it=143200, lxP=0.00, lxG=0.07, lxGt=23.51, lp=0.01, lg=2.32, aP=100.00, aGinf=91.00, aGt=63.00
2025-12-17 20:29:38,532: MaxHebb=0.26939, T=1.00, F=1.00, L=1.00, train_i=143300, total_steps=3582500
2025-12-17 20:29:38,532: it=143300, lxP=0.00, lxG=0.79, lxGt=22.40, lp=0.04, lg=2.28, aP=100.00, aGinf=84.00, aGt=60.75
2025-12-17 20:30:05,896: MaxHebb=0.30010, T=1.00, F=1.00, L=1.00, train_i=143400, total_steps=3585000
2025-12-17 20:30:05,896: it=143400, lxP=0.00, lxG=0.13, lxGt=21.71, lp=0.01, lg=2.25, aP=100.00, aGinf=89.50, aGt=64.00
2025-12-17 20:30:33,312: MaxHebb=0.27542, T=1.00, F=1.00, L=1.00, train_i=143500, total_steps=3587500
2025-12-17 20:30:33,312: it=143500, lxP=0.00, lxG=0.14, lxGt=18.51, lp=0.04, lg=2.29, aP=100.00, aGinf=87.00, aGt=65.00
2025-12-17 20:31:00,706: MaxHebb=0.29714, T=1.00, F=1.00, L=1.00, train_i=143600, total_steps=3590000
2025-12-17 20:31:00,706: it=143600, lxP=0.00, lxG=0.11, lxGt=20.58, lp=0.01, lg=2.32, aP=100.00, aGinf=95.25, aGt=70.00
2025-12-17 20:31:29,457: MaxHebb=0.29452, T=1.00, F=1.00, L=1.00, train_i=143700, total_steps=3592500
2025-12-17 20:31:29,457: it=143700, lxP=0.00, lxG=0.12, lxGt=19.22, lp=0.03, lg=2.25, aP=100.00, aGinf=87.00, aGt=64.00
2025-12-17 20:31:56,801: MaxHebb=0.24671, T=1.00, F=1.00, L=1.00, train_i=143800, total_steps=3595000
2025-12-17 20:31:56,801: it=143800, lxP=0.00, lxG=0.01, lxGt=24.06, lp=0.01, lg=2.25, aP=100.00, aGinf=89.75, aGt=63.50
2025-12-17 20:32:24,341: MaxHebb=0.29137, T=1.00, F=1.00, L=1.00, train_i=143900, total_steps=3597500
2025-12-17 20:32:24,341: it=143900, lxP=0.00, lxG=0.30, lxGt=21.66, lp=0.02, lg=2.24, aP=100.00, aGinf=94.50, aGt=68.75
2025-12-17 20:32:51,719: MaxHebb=0.23442, T=1.00, F=1.00, L=1.00, train_i=144000, total_steps=3600000
2025-12-17 20:32:51,719: it=144000, lxP=0.00, lxG=0.04, lxGt=23.12, lp=0.02, lg=2.21, aP=100.00, aGinf=90.25, aGt=66.25
2025-12-17 20:32:53,222: save data time 0.10, train_i=144000.00, total_steps=3600000.00
2025-12-17 20:33:20,577: MaxHebb=0.25830, T=1.00, F=1.00, L=1.00, train_i=144100, total_steps=3602500
2025-12-17 20:33:20,577: it=144100, lxP=0.00, lxG=0.06, lxGt=21.21, lp=0.02, lg=2.30, aP=100.00, aGinf=88.00, aGt=64.25
2025-12-17 20:33:48,001: MaxHebb=0.29313, T=1.00, F=1.00, L=1.00, train_i=144200, total_steps=3605000
2025-12-17 20:33:48,001: it=144200, lxP=0.00, lxG=0.07, lxGt=17.18, lp=0.03, lg=2.22, aP=100.00, aGinf=93.25, aGt=73.25
2025-12-17 20:34:15,467: MaxHebb=0.29396, T=1.00, F=1.00, L=1.00, train_i=144300, total_steps=3607500
2025-12-17 20:34:15,467: it=144300, lxP=0.01, lxG=0.57, lxGt=23.90, lp=0.01, lg=2.25, aP=100.00, aGinf=93.75, aGt=67.50
2025-12-17 20:34:42,861: MaxHebb=0.29204, T=1.00, F=1.00, L=1.00, train_i=144400, total_steps=3610000
2025-12-17 20:34:42,861: it=144400, lxP=0.00, lxG=0.23, lxGt=22.16, lp=0.01, lg=2.28, aP=100.00, aGinf=89.25, aGt=63.00
2025-12-17 20:35:11,659: MaxHebb=0.30764, T=1.00, F=1.00, L=1.00, train_i=144500, total_steps=3612500
2025-12-17 20:35:11,659: it=144500, lxP=0.00, lxG=0.13, lxGt=20.71, lp=0.02, lg=2.23, aP=100.00, aGinf=93.50, aGt=69.75
2025-12-17 20:35:39,049: MaxHebb=0.28684, T=1.00, F=1.00, L=1.00, train_i=144600, total_steps=3615000
2025-12-17 20:35:39,049: it=144600, lxP=0.01, lxG=0.42, lxGt=20.33, lp=0.01, lg=2.27, aP=99.75, aGinf=85.75, aGt=61.50
2025-12-17 20:36:06,430: MaxHebb=0.22692, T=1.00, F=1.00, L=1.00, train_i=144700, total_steps=3617500
2025-12-17 20:36:06,431: it=144700, lxP=0.01, lxG=0.36, lxGt=18.60, lp=0.02, lg=2.26, aP=100.00, aGinf=90.50, aGt=67.00
2025-12-17 20:36:33,851: MaxHebb=0.27502, T=1.00, F=1.00, L=1.00, train_i=144800, total_steps=3620000
2025-12-17 20:36:33,851: it=144800, lxP=0.00, lxG=0.72, lxGt=19.56, lp=0.05, lg=2.26, aP=100.00, aGinf=85.75, aGt=63.75
2025-12-17 20:37:02,568: MaxHebb=0.29130, T=1.00, F=1.00, L=1.00, train_i=144900, total_steps=3622500
2025-12-17 20:37:02,569: it=144900, lxP=0.00, lxG=0.63, lxGt=23.11, lp=0.02, lg=2.27, aP=100.00, aGinf=91.00, aGt=66.00
2025-12-17 20:37:29,903: MaxHebb=0.29287, T=1.00, F=1.00, L=1.00, train_i=145000, total_steps=3625000
2025-12-17 20:37:29,903: it=145000, lxP=0.01, lxG=0.36, lxGt=18.25, lp=0.05, lg=2.30, aP=100.00, aGinf=88.25, aGt=65.50
2025-12-17 20:37:57,279: MaxHebb=0.25635, T=1.00, F=1.00, L=1.00, train_i=145100, total_steps=3627500
2025-12-17 20:37:57,279: it=145100, lxP=0.00, lxG=0.27, lxGt=21.36, lp=0.03, lg=2.24, aP=100.00, aGinf=88.00, aGt=65.00
2025-12-17 20:38:24,640: MaxHebb=0.26831, T=1.00, F=1.00, L=1.00, train_i=145200, total_steps=3630000
2025-12-17 20:38:24,640: it=145200, lxP=0.00, lxG=0.03, lxGt=21.52, lp=0.02, lg=2.29, aP=100.00, aGinf=92.25, aGt=67.50
2025-12-17 20:38:53,454: MaxHebb=0.23714, T=1.00, F=1.00, L=1.00, train_i=145300, total_steps=3632500
2025-12-17 20:38:53,454: it=145300, lxP=0.00, lxG=0.56, lxGt=23.16, lp=0.02, lg=2.24, aP=100.00, aGinf=89.50, aGt=65.25
2025-12-17 20:39:20,922: MaxHebb=0.23700, T=1.00, F=1.00, L=1.00, train_i=145400, total_steps=3635000
2025-12-17 20:39:20,922: it=145400, lxP=0.00, lxG=0.07, lxGt=21.22, lp=0.02, lg=2.22, aP=100.00, aGinf=90.25, aGt=65.25
2025-12-17 20:39:48,295: MaxHebb=0.27884, T=1.00, F=1.00, L=1.00, train_i=145500, total_steps=3637500
2025-12-17 20:39:48,295: it=145500, lxP=0.00, lxG=0.13, lxGt=19.38, lp=0.01, lg=2.23, aP=100.00, aGinf=89.50, aGt=68.75
2025-12-17 20:40:15,711: MaxHebb=0.20999, T=1.00, F=1.00, L=1.00, train_i=145600, total_steps=3640000
2025-12-17 20:40:15,711: it=145600, lxP=0.00, lxG=0.04, lxGt=21.17, lp=0.01, lg=2.22, aP=100.00, aGinf=90.50, aGt=67.50
2025-12-17 20:40:44,572: MaxHebb=0.26598, T=1.00, F=1.00, L=1.00, train_i=145700, total_steps=3642500
2025-12-17 20:40:44,572: it=145700, lxP=0.00, lxG=0.12, lxGt=23.92, lp=0.01, lg=2.24, aP=100.00, aGinf=95.75, aGt=71.75
2025-12-17 20:41:12,052: MaxHebb=0.26422, T=1.00, F=1.00, L=1.00, train_i=145800, total_steps=3645000
2025-12-17 20:41:12,052: it=145800, lxP=0.00, lxG=0.17, lxGt=18.66, lp=0.03, lg=2.28, aP=100.00, aGinf=89.00, aGt=67.25
2025-12-17 20:41:39,392: MaxHebb=0.26751, T=1.00, F=1.00, L=1.00, train_i=145900, total_steps=3647500
2025-12-17 20:41:39,392: it=145900, lxP=0.00, lxG=0.16, lxGt=19.18, lp=0.03, lg=2.27, aP=100.00, aGinf=89.75, aGt=67.25
2025-12-17 20:42:06,787: MaxHebb=0.28384, T=1.00, F=1.00, L=1.00, train_i=146000, total_steps=3650000
2025-12-17 20:42:06,787: it=146000, lxP=0.00, lxG=4.89, lxGt=29.46, lp=0.03, lg=2.38, aP=99.75, aGinf=78.50, aGt=54.25
2025-12-17 20:42:08,319: save data time 0.10, train_i=146000.00, total_steps=3650000.00
2025-12-17 20:42:35,581: MaxHebb=0.27733, T=1.00, F=1.00, L=1.00, train_i=146100, total_steps=3652500
2025-12-17 20:42:35,581: it=146100, lxP=0.00, lxG=0.08, lxGt=25.51, lp=0.02, lg=2.23, aP=100.00, aGinf=92.75, aGt=66.50
2025-12-17 20:43:02,882: MaxHebb=0.23488, T=1.00, F=1.00, L=1.00, train_i=146200, total_steps=3655000
2025-12-17 20:43:02,882: it=146200, lxP=0.00, lxG=0.02, lxGt=18.99, lp=0.01, lg=2.21, aP=100.00, aGinf=95.50, aGt=71.25
2025-12-17 20:43:30,249: MaxHebb=0.20819, T=1.00, F=1.00, L=1.00, train_i=146300, total_steps=3657500
2025-12-17 20:43:30,249: it=146300, lxP=0.01, lxG=0.22, lxGt=21.52, lp=0.03, lg=2.37, aP=100.00, aGinf=87.25, aGt=62.75
2025-12-17 20:43:57,487: MaxHebb=0.22898, T=1.00, F=1.00, L=1.00, train_i=146400, total_steps=3660000
2025-12-17 20:43:57,487: it=146400, lxP=0.00, lxG=1.84, lxGt=30.84, lp=0.01, lg=2.59, aP=100.00, aGinf=74.50, aGt=50.00
2025-12-17 20:44:26,254: MaxHebb=0.28794, T=1.00, F=1.00, L=1.00, train_i=146500, total_steps=3662500
2025-12-17 20:44:26,254: it=146500, lxP=0.00, lxG=0.08, lxGt=21.61, lp=0.01, lg=2.28, aP=100.00, aGinf=88.50, aGt=62.75
2025-12-17 20:44:53,591: MaxHebb=0.29673, T=1.00, F=1.00, L=1.00, train_i=146600, total_steps=3665000
2025-12-17 20:44:53,591: it=146600, lxP=0.00, lxG=0.52, lxGt=19.92, lp=0.02, lg=2.29, aP=100.00, aGinf=93.00, aGt=66.75
2025-12-17 20:45:21,042: MaxHebb=0.28575, T=1.00, F=1.00, L=1.00, train_i=146700, total_steps=3667500
2025-12-17 20:45:21,042: it=146700, lxP=0.00, lxG=0.06, lxGt=23.34, lp=0.01, lg=2.23, aP=100.00, aGinf=94.25, aGt=68.50
2025-12-17 20:45:48,430: MaxHebb=0.26942, T=1.00, F=1.00, L=1.00, train_i=146800, total_steps=3670000
2025-12-17 20:45:48,430: it=146800, lxP=0.00, lxG=0.25, lxGt=23.68, lp=0.03, lg=2.31, aP=100.00, aGinf=91.50, aGt=67.00
2025-12-17 20:46:17,118: MaxHebb=0.27713, T=1.00, F=1.00, L=1.00, train_i=146900, total_steps=3672500
2025-12-17 20:46:17,118: it=146900, lxP=0.00, lxG=0.23, lxGt=21.93, lp=0.03, lg=2.25, aP=100.00, aGinf=86.75, aGt=65.00
2025-12-17 20:46:44,398: MaxHebb=0.28644, T=1.00, F=1.00, L=1.00, train_i=147000, total_steps=3675000
2025-12-17 20:46:44,398: it=147000, lxP=0.00, lxG=0.14, lxGt=21.11, lp=0.02, lg=2.24, aP=100.00, aGinf=93.75, aGt=67.00
2025-12-17 20:47:11,717: MaxHebb=0.24826, T=1.00, F=1.00, L=1.00, train_i=147100, total_steps=3677500
2025-12-17 20:47:11,717: it=147100, lxP=0.00, lxG=0.05, lxGt=24.18, lp=0.01, lg=2.27, aP=100.00, aGinf=91.50, aGt=65.25
2025-12-17 20:47:39,119: MaxHebb=0.28863, T=1.00, F=1.00, L=1.00, train_i=147200, total_steps=3680000
2025-12-17 20:47:39,120: it=147200, lxP=0.00, lxG=1.21, lxGt=22.44, lp=0.04, lg=2.35, aP=100.00, aGinf=82.25, aGt=59.50
2025-12-17 20:48:07,950: MaxHebb=0.26151, T=1.00, F=1.00, L=1.00, train_i=147300, total_steps=3682500
2025-12-17 20:48:07,950: it=147300, lxP=0.00, lxG=0.53, lxGt=20.38, lp=0.01, lg=2.25, aP=100.00, aGinf=92.00, aGt=67.75
2025-12-17 20:48:35,336: MaxHebb=0.26480, T=1.00, F=1.00, L=1.00, train_i=147400, total_steps=3685000
2025-12-17 20:48:35,336: it=147400, lxP=0.00, lxG=0.38, lxGt=25.03, lp=0.01, lg=2.27, aP=100.00, aGinf=91.75, aGt=65.25
2025-12-17 20:49:02,678: MaxHebb=0.27490, T=1.00, F=1.00, L=1.00, train_i=147500, total_steps=3687500
2025-12-17 20:49:02,678: it=147500, lxP=0.00, lxG=0.10, lxGt=17.57, lp=0.03, lg=2.29, aP=100.00, aGinf=87.50, aGt=63.50
2025-12-17 20:49:30,066: MaxHebb=0.27810, T=1.00, F=1.00, L=1.00, train_i=147600, total_steps=3690000
2025-12-17 20:49:30,066: it=147600, lxP=0.00, lxG=0.16, lxGt=18.35, lp=0.01, lg=2.24, aP=100.00, aGinf=93.25, aGt=71.75
2025-12-17 20:49:58,834: MaxHebb=0.27785, T=1.00, F=1.00, L=1.00, train_i=147700, total_steps=3692500
2025-12-17 20:49:58,834: it=147700, lxP=0.02, lxG=0.05, lxGt=20.22, lp=0.03, lg=2.26, aP=100.00, aGinf=89.50, aGt=65.00
2025-12-17 20:50:26,166: MaxHebb=0.26753, T=1.00, F=1.00, L=1.00, train_i=147800, total_steps=3695000
2025-12-17 20:50:26,166: it=147800, lxP=0.00, lxG=0.10, lxGt=20.08, lp=0.03, lg=2.28, aP=100.00, aGinf=89.50, aGt=68.00
2025-12-17 20:50:53,592: MaxHebb=0.26844, T=1.00, F=1.00, L=1.00, train_i=147900, total_steps=3697500
2025-12-17 20:50:53,592: it=147900, lxP=0.00, lxG=0.30, lxGt=20.79, lp=0.03, lg=2.23, aP=100.00, aGinf=92.00, aGt=65.75
2025-12-17 20:51:20,995: MaxHebb=0.25898, T=1.00, F=1.00, L=1.00, train_i=148000, total_steps=3700000
2025-12-17 20:51:20,995: it=148000, lxP=0.00, lxG=0.04, lxGt=20.16, lp=0.03, lg=2.19, aP=100.00, aGinf=90.25, aGt=65.50
2025-12-17 20:51:22,542: save data time 0.12, train_i=148000.00, total_steps=3700000.00
2025-12-17 20:51:49,968: MaxHebb=0.28826, T=1.00, F=1.00, L=1.00, train_i=148100, total_steps=3702500
2025-12-17 20:51:49,968: it=148100, lxP=0.00, lxG=0.06, lxGt=22.11, lp=0.02, lg=2.24, aP=100.00, aGinf=93.50, aGt=68.25
2025-12-17 20:52:17,355: MaxHebb=0.27157, T=1.00, F=1.00, L=1.00, train_i=148200, total_steps=3705000
2025-12-17 20:52:17,356: it=148200, lxP=0.00, lxG=0.09, lxGt=21.14, lp=0.03, lg=2.25, aP=100.00, aGinf=91.00, aGt=66.25
2025-12-17 20:52:44,766: MaxHebb=0.28546, T=1.00, F=1.00, L=1.00, train_i=148300, total_steps=3707500
2025-12-17 20:52:44,766: it=148300, lxP=0.03, lxG=0.22, lxGt=21.70, lp=0.03, lg=2.20, aP=100.00, aGinf=92.75, aGt=65.00
2025-12-17 20:53:12,117: MaxHebb=0.26867, T=1.00, F=1.00, L=1.00, train_i=148400, total_steps=3710000
2025-12-17 20:53:12,117: it=148400, lxP=0.00, lxG=0.07, lxGt=21.90, lp=0.02, lg=2.22, aP=100.00, aGinf=92.50, aGt=68.50
2025-12-17 20:53:40,850: MaxHebb=0.27897, T=1.00, F=1.00, L=1.00, train_i=148500, total_steps=3712500
2025-12-17 20:53:40,850: it=148500, lxP=0.00, lxG=0.25, lxGt=22.83, lp=0.01, lg=2.26, aP=100.00, aGinf=91.75, aGt=63.50
2025-12-17 20:54:08,183: MaxHebb=0.21344, T=1.00, F=1.00, L=1.00, train_i=148600, total_steps=3715000
2025-12-17 20:54:08,183: it=148600, lxP=0.00, lxG=0.10, lxGt=27.41, lp=0.01, lg=2.20, aP=100.00, aGinf=93.50, aGt=65.75
2025-12-17 20:54:35,447: MaxHebb=0.26664, T=1.00, F=1.00, L=1.00, train_i=148700, total_steps=3717500
2025-12-17 20:54:35,447: it=148700, lxP=0.00, lxG=0.60, lxGt=21.73, lp=0.01, lg=2.27, aP=100.00, aGinf=88.50, aGt=60.50
2025-12-17 20:55:02,892: MaxHebb=0.21973, T=1.00, F=1.00, L=1.00, train_i=148800, total_steps=3720000
2025-12-17 20:55:02,893: it=148800, lxP=0.00, lxG=0.52, lxGt=21.49, lp=0.02, lg=2.19, aP=100.00, aGinf=92.75, aGt=68.00
2025-12-17 20:55:31,737: MaxHebb=0.28083, T=1.00, F=1.00, L=1.00, train_i=148900, total_steps=3722500
2025-12-17 20:55:31,737: it=148900, lxP=0.00, lxG=0.41, lxGt=19.71, lp=0.03, lg=2.22, aP=100.00, aGinf=86.00, aGt=61.00
2025-12-17 20:55:59,046: MaxHebb=0.23562, T=1.00, F=1.00, L=1.00, train_i=149000, total_steps=3725000
2025-12-17 20:55:59,046: it=149000, lxP=0.00, lxG=0.27, lxGt=23.54, lp=0.01, lg=2.20, aP=100.00, aGinf=93.00, aGt=69.00
2025-12-17 20:56:26,386: MaxHebb=0.21912, T=1.00, F=1.00, L=1.00, train_i=149100, total_steps=3727500
2025-12-17 20:56:26,386: it=149100, lxP=0.00, lxG=0.58, lxGt=22.49, lp=0.02, lg=2.23, aP=100.00, aGinf=89.00, aGt=63.00
2025-12-17 20:56:53,799: MaxHebb=0.27363, T=1.00, F=1.00, L=1.00, train_i=149200, total_steps=3730000
2025-12-17 20:56:53,800: it=149200, lxP=0.00, lxG=0.21, lxGt=21.48, lp=0.04, lg=2.26, aP=100.00, aGinf=85.50, aGt=60.00
2025-12-17 20:57:22,623: MaxHebb=0.24860, T=1.00, F=1.00, L=1.00, train_i=149300, total_steps=3732500
2025-12-17 20:57:22,623: it=149300, lxP=0.00, lxG=0.18, lxGt=21.63, lp=0.02, lg=2.27, aP=100.00, aGinf=88.25, aGt=62.00
2025-12-17 20:57:49,947: MaxHebb=0.26771, T=1.00, F=1.00, L=1.00, train_i=149400, total_steps=3735000
2025-12-17 20:57:49,947: it=149400, lxP=0.00, lxG=0.08, lxGt=17.04, lp=0.04, lg=2.23, aP=100.00, aGinf=88.25, aGt=63.25
2025-12-17 20:58:17,388: MaxHebb=0.21262, T=1.00, F=1.00, L=1.00, train_i=149500, total_steps=3737500
2025-12-17 20:58:17,388: it=149500, lxP=0.00, lxG=0.30, lxGt=21.26, lp=0.03, lg=2.22, aP=100.00, aGinf=86.25, aGt=63.00
2025-12-17 20:58:44,806: MaxHebb=0.27250, T=1.00, F=1.00, L=1.00, train_i=149600, total_steps=3740000
2025-12-17 20:58:44,806: it=149600, lxP=0.00, lxG=0.09, lxGt=18.71, lp=0.02, lg=2.20, aP=100.00, aGinf=94.75, aGt=70.50
2025-12-17 20:59:13,636: MaxHebb=0.20517, T=1.00, F=1.00, L=1.00, train_i=149700, total_steps=3742500
2025-12-17 20:59:13,636: it=149700, lxP=0.00, lxG=0.12, lxGt=23.76, lp=0.01, lg=2.25, aP=100.00, aGinf=93.00, aGt=69.00
2025-12-17 20:59:41,027: MaxHebb=0.27642, T=1.00, F=1.00, L=1.00, train_i=149800, total_steps=3745000
2025-12-17 20:59:41,027: it=149800, lxP=0.00, lxG=0.18, lxGt=22.15, lp=0.02, lg=2.25, aP=100.00, aGinf=89.75, aGt=63.50
2025-12-17 21:00:08,464: MaxHebb=0.27749, T=1.00, F=1.00, L=1.00, train_i=149900, total_steps=3747500
2025-12-17 21:00:08,464: it=149900, lxP=0.00, lxG=0.06, lxGt=25.35, lp=0.01, lg=2.23, aP=100.00, aGinf=96.00, aGt=68.50
2025-12-17 21:00:35,865: MaxHebb=0.28196, T=1.00, F=1.00, L=1.00, train_i=150000, total_steps=3750000
2025-12-17 21:00:35,866: it=150000, lxP=0.00, lxG=0.02, lxGt=25.40, lp=0.01, lg=2.25, aP=100.00, aGinf=95.75, aGt=69.00
2025-12-17 21:00:37,417: save data time 0.10, train_i=150000.00, total_steps=3750000.00
2025-12-17 21:01:04,792: MaxHebb=0.26396, T=1.00, F=1.00, L=1.00, train_i=150100, total_steps=3752500
2025-12-17 21:01:04,792: it=150100, lxP=0.00, lxG=0.08, lxGt=20.16, lp=0.01, lg=2.24, aP=100.00, aGinf=96.75, aGt=71.25
2025-12-17 21:01:32,126: MaxHebb=0.24001, T=1.00, F=1.00, L=1.00, train_i=150200, total_steps=3755000
2025-12-17 21:01:32,126: it=150200, lxP=0.00, lxG=0.18, lxGt=19.52, lp=0.02, lg=2.22, aP=100.00, aGinf=88.75, aGt=66.75
2025-12-17 21:01:59,374: MaxHebb=0.25283, T=1.00, F=1.00, L=1.00, train_i=150300, total_steps=3757500
2025-12-17 21:01:59,374: it=150300, lxP=0.03, lxG=0.36, lxGt=23.25, lp=0.03, lg=2.21, aP=99.75, aGinf=91.25, aGt=64.00
2025-12-17 21:02:26,842: MaxHebb=0.27020, T=1.00, F=1.00, L=1.00, train_i=150400, total_steps=3760000
2025-12-17 21:02:26,842: it=150400, lxP=0.00, lxG=0.06, lxGt=21.69, lp=0.03, lg=2.27, aP=100.00, aGinf=87.75, aGt=62.75
2025-12-17 21:02:55,748: MaxHebb=0.28108, T=1.00, F=1.00, L=1.00, train_i=150500, total_steps=3762500
2025-12-17 21:02:55,748: it=150500, lxP=0.00, lxG=0.08, lxGt=20.20, lp=0.02, lg=2.25, aP=100.00, aGinf=94.75, aGt=70.75
2025-12-17 21:03:23,260: MaxHebb=0.25697, T=1.00, F=1.00, L=1.00, train_i=150600, total_steps=3765000
2025-12-17 21:03:23,260: it=150600, lxP=0.00, lxG=0.24, lxGt=23.18, lp=0.01, lg=2.24, aP=100.00, aGinf=93.50, aGt=66.75
2025-12-17 21:03:50,863: MaxHebb=0.24834, T=1.00, F=1.00, L=1.00, train_i=150700, total_steps=3767500
2025-12-17 21:03:50,863: it=150700, lxP=0.00, lxG=0.12, lxGt=23.71, lp=0.03, lg=2.22, aP=100.00, aGinf=93.00, aGt=66.00
2025-12-17 21:04:18,321: MaxHebb=0.27413, T=1.00, F=1.00, L=1.00, train_i=150800, total_steps=3770000
2025-12-17 21:04:18,322: it=150800, lxP=0.00, lxG=0.08, lxGt=21.37, lp=0.03, lg=2.27, aP=100.00, aGinf=88.50, aGt=64.50
2025-12-17 21:04:47,215: MaxHebb=0.25515, T=1.00, F=1.00, L=1.00, train_i=150900, total_steps=3772500
2025-12-17 21:04:47,215: it=150900, lxP=0.00, lxG=0.02, lxGt=23.01, lp=0.01, lg=2.22, aP=100.00, aGinf=90.25, aGt=63.25
2025-12-17 21:05:14,525: MaxHebb=0.27261, T=1.00, F=1.00, L=1.00, train_i=151000, total_steps=3775000
2025-12-17 21:05:14,525: it=151000, lxP=0.00, lxG=0.04, lxGt=18.82, lp=0.02, lg=2.19, aP=100.00, aGinf=88.00, aGt=65.50
2025-12-17 21:05:41,891: MaxHebb=0.27606, T=1.00, F=1.00, L=1.00, train_i=151100, total_steps=3777500
2025-12-17 21:05:41,891: it=151100, lxP=0.00, lxG=0.55, lxGt=22.00, lp=0.01, lg=2.19, aP=100.00, aGinf=92.50, aGt=63.75
2025-12-17 21:06:09,274: MaxHebb=0.28388, T=1.00, F=1.00, L=1.00, train_i=151200, total_steps=3780000
2025-12-17 21:06:09,274: it=151200, lxP=0.00, lxG=0.05, lxGt=24.79, lp=0.02, lg=2.22, aP=100.00, aGinf=95.00, aGt=68.50
2025-12-17 21:06:37,961: MaxHebb=0.26890, T=1.00, F=1.00, L=1.00, train_i=151300, total_steps=3782500
2025-12-17 21:06:37,961: it=151300, lxP=0.00, lxG=1.33, lxGt=20.29, lp=0.02, lg=2.19, aP=100.00, aGinf=91.25, aGt=70.00
2025-12-17 21:07:05,339: MaxHebb=0.25256, T=1.00, F=1.00, L=1.00, train_i=151400, total_steps=3785000
2025-12-17 21:07:05,339: it=151400, lxP=0.00, lxG=0.24, lxGt=25.41, lp=0.02, lg=2.20, aP=100.00, aGinf=89.50, aGt=61.75
2025-12-17 21:07:32,731: MaxHebb=0.25495, T=1.00, F=1.00, L=1.00, train_i=151500, total_steps=3787500
2025-12-17 21:07:32,731: it=151500, lxP=0.00, lxG=0.02, lxGt=24.97, lp=0.01, lg=2.24, aP=100.00, aGinf=95.00, aGt=69.50
2025-12-17 21:08:00,097: MaxHebb=0.26202, T=1.00, F=1.00, L=1.00, train_i=151600, total_steps=3790000
2025-12-17 21:08:00,097: it=151600, lxP=0.00, lxG=0.22, lxGt=21.18, lp=0.02, lg=2.20, aP=100.00, aGinf=92.00, aGt=68.00
2025-12-17 21:08:28,934: MaxHebb=0.24363, T=1.00, F=1.00, L=1.00, train_i=151700, total_steps=3792500
2025-12-17 21:08:28,934: it=151700, lxP=0.00, lxG=0.05, lxGt=21.06, lp=0.01, lg=2.23, aP=100.00, aGinf=90.75, aGt=67.50
2025-12-17 21:08:56,357: MaxHebb=0.26234, T=1.00, F=1.00, L=1.00, train_i=151800, total_steps=3795000
2025-12-17 21:08:56,357: it=151800, lxP=0.01, lxG=0.08, lxGt=17.60, lp=0.05, lg=2.20, aP=100.00, aGinf=86.25, aGt=64.75
2025-12-17 21:09:23,823: MaxHebb=0.25385, T=1.00, F=1.00, L=1.00, train_i=151900, total_steps=3797500
2025-12-17 21:09:23,823: it=151900, lxP=0.00, lxG=0.93, lxGt=17.35, lp=0.03, lg=2.26, aP=100.00, aGinf=88.25, aGt=65.75
2025-12-17 21:09:51,212: MaxHebb=0.28006, T=1.00, F=1.00, L=1.00, train_i=152000, total_steps=3800000
2025-12-17 21:09:51,212: it=152000, lxP=0.00, lxG=0.27, lxGt=25.72, lp=0.02, lg=2.25, aP=100.00, aGinf=89.00, aGt=60.00
2025-12-17 21:09:52,737: save data time 0.10, train_i=152000.00, total_steps=3800000.00
2025-12-17 21:10:20,116: MaxHebb=0.25647, T=1.00, F=1.00, L=1.00, train_i=152100, total_steps=3802500
2025-12-17 21:10:20,116: it=152100, lxP=0.00, lxG=0.07, lxGt=21.35, lp=0.02, lg=2.18, aP=100.00, aGinf=97.50, aGt=72.75
2025-12-17 21:10:47,558: MaxHebb=0.23301, T=1.00, F=1.00, L=1.00, train_i=152200, total_steps=3805000
2025-12-17 21:10:47,558: it=152200, lxP=0.00, lxG=0.28, lxGt=20.80, lp=0.02, lg=2.23, aP=100.00, aGinf=87.50, aGt=66.00
2025-12-17 21:11:14,911: MaxHebb=0.26842, T=1.00, F=1.00, L=1.00, train_i=152300, total_steps=3807500
2025-12-17 21:11:14,912: it=152300, lxP=0.00, lxG=0.30, lxGt=22.35, lp=0.04, lg=2.21, aP=100.00, aGinf=92.50, aGt=68.75
2025-12-17 21:11:42,265: MaxHebb=0.27803, T=1.00, F=1.00, L=1.00, train_i=152400, total_steps=3810000
2025-12-17 21:11:42,265: it=152400, lxP=0.00, lxG=0.11, lxGt=21.06, lp=0.01, lg=2.20, aP=100.00, aGinf=94.50, aGt=69.75
2025-12-17 21:12:11,175: MaxHebb=0.28091, T=1.00, F=1.00, L=1.00, train_i=152500, total_steps=3812500
2025-12-17 21:12:11,175: it=152500, lxP=0.00, lxG=0.04, lxGt=22.15, lp=0.03, lg=2.28, aP=100.00, aGinf=88.50, aGt=64.00
2025-12-17 21:12:38,544: MaxHebb=0.22136, T=1.00, F=1.00, L=1.00, train_i=152600, total_steps=3815000
2025-12-17 21:12:38,544: it=152600, lxP=0.00, lxG=0.18, lxGt=22.54, lp=0.01, lg=2.19, aP=100.00, aGinf=95.25, aGt=71.25
2025-12-17 21:13:05,891: MaxHebb=0.25806, T=1.00, F=1.00, L=1.00, train_i=152700, total_steps=3817500
2025-12-17 21:13:05,891: it=152700, lxP=0.00, lxG=0.32, lxGt=21.80, lp=0.03, lg=2.21, aP=100.00, aGinf=86.50, aGt=62.50
2025-12-17 21:13:33,212: MaxHebb=0.25351, T=1.00, F=1.00, L=1.00, train_i=152800, total_steps=3820000
2025-12-17 21:13:33,212: it=152800, lxP=0.00, lxG=0.17, lxGt=22.08, lp=0.02, lg=2.24, aP=100.00, aGinf=91.75, aGt=68.25
2025-12-17 21:14:01,998: MaxHebb=0.26729, T=1.00, F=1.00, L=1.00, train_i=152900, total_steps=3822500
2025-12-17 21:14:01,998: it=152900, lxP=0.00, lxG=0.05, lxGt=20.50, lp=0.02, lg=2.23, aP=100.00, aGinf=94.75, aGt=70.00
2025-12-17 21:14:29,320: MaxHebb=0.27543, T=1.00, F=1.00, L=1.00, train_i=153000, total_steps=3825000
2025-12-17 21:14:29,320: it=153000, lxP=0.00, lxG=0.03, lxGt=17.76, lp=0.02, lg=2.20, aP=100.00, aGinf=88.25, aGt=68.00
2025-12-17 21:14:56,565: MaxHebb=0.23009, T=1.00, F=1.00, L=1.00, train_i=153100, total_steps=3827500
2025-12-17 21:14:56,565: it=153100, lxP=0.00, lxG=0.91, lxGt=19.20, lp=0.01, lg=2.19, aP=100.00, aGinf=89.50, aGt=66.00
2025-12-17 21:15:23,910: MaxHebb=0.22036, T=1.00, F=1.00, L=1.00, train_i=153200, total_steps=3830000
2025-12-17 21:15:23,910: it=153200, lxP=0.00, lxG=0.05, lxGt=23.27, lp=0.03, lg=2.24, aP=100.00, aGinf=90.50, aGt=66.50
2025-12-17 21:15:52,752: MaxHebb=0.26990, T=1.00, F=1.00, L=1.00, train_i=153300, total_steps=3832500
2025-12-17 21:15:52,752: it=153300, lxP=0.01, lxG=0.15, lxGt=20.60, lp=0.01, lg=2.19, aP=100.00, aGinf=95.75, aGt=69.00
2025-12-17 21:16:20,258: MaxHebb=0.24255, T=1.00, F=1.00, L=1.00, train_i=153400, total_steps=3835000
2025-12-17 21:16:20,258: it=153400, lxP=0.00, lxG=0.10, lxGt=23.41, lp=0.02, lg=2.18, aP=100.00, aGinf=92.25, aGt=64.75
2025-12-17 21:16:47,715: MaxHebb=0.25955, T=1.00, F=1.00, L=1.00, train_i=153500, total_steps=3837500
2025-12-17 21:16:47,715: it=153500, lxP=0.00, lxG=0.04, lxGt=24.32, lp=0.01, lg=2.20, aP=100.00, aGinf=95.75, aGt=70.00
2025-12-17 21:17:15,108: MaxHebb=0.23747, T=1.00, F=1.00, L=1.00, train_i=153600, total_steps=3840000
2025-12-17 21:17:15,108: it=153600, lxP=0.00, lxG=0.21, lxGt=20.97, lp=0.02, lg=2.23, aP=100.00, aGinf=93.25, aGt=66.00
2025-12-17 21:17:43,937: MaxHebb=0.24545, T=1.00, F=1.00, L=1.00, train_i=153700, total_steps=3842500
2025-12-17 21:17:43,937: it=153700, lxP=0.00, lxG=0.04, lxGt=23.97, lp=0.02, lg=2.24, aP=100.00, aGinf=92.00, aGt=67.00
2025-12-17 21:18:11,310: MaxHebb=0.26874, T=1.00, F=1.00, L=1.00, train_i=153800, total_steps=3845000
2025-12-17 21:18:11,311: it=153800, lxP=0.00, lxG=0.06, lxGt=22.72, lp=0.03, lg=2.22, aP=100.00, aGinf=85.75, aGt=63.25
2025-12-17 21:18:38,765: MaxHebb=0.25770, T=1.00, F=1.00, L=1.00, train_i=153900, total_steps=3847500
2025-12-17 21:18:38,765: it=153900, lxP=0.00, lxG=0.20, lxGt=19.63, lp=0.04, lg=2.24, aP=100.00, aGinf=90.00, aGt=68.25
2025-12-17 21:19:06,215: MaxHebb=0.24141, T=1.00, F=1.00, L=1.00, train_i=154000, total_steps=3850000
2025-12-17 21:19:06,215: it=154000, lxP=0.00, lxG=0.37, lxGt=22.56, lp=0.01, lg=2.19, aP=100.00, aGinf=95.00, aGt=72.00
2025-12-17 21:19:07,767: save data time 0.12, train_i=154000.00, total_steps=3850000.00
2025-12-17 21:19:35,147: MaxHebb=0.27667, T=1.00, F=1.00, L=1.00, train_i=154100, total_steps=3852500
2025-12-17 21:19:35,147: it=154100, lxP=0.00, lxG=0.09, lxGt=21.13, lp=0.01, lg=2.20, aP=100.00, aGinf=89.50, aGt=64.25
2025-12-17 21:20:02,440: MaxHebb=0.27151, T=1.00, F=1.00, L=1.00, train_i=154200, total_steps=3855000
2025-12-17 21:20:02,440: it=154200, lxP=0.00, lxG=0.11, lxGt=20.10, lp=0.03, lg=2.30, aP=100.00, aGinf=89.50, aGt=66.00
2025-12-17 21:20:29,780: MaxHebb=0.25464, T=1.00, F=1.00, L=1.00, train_i=154300, total_steps=3857500
2025-12-17 21:20:29,780: it=154300, lxP=0.00, lxG=0.14, lxGt=21.14, lp=0.01, lg=2.22, aP=100.00, aGinf=90.75, aGt=65.50
2025-12-17 21:20:57,191: MaxHebb=0.23912, T=1.00, F=1.00, L=1.00, train_i=154400, total_steps=3860000
2025-12-17 21:20:57,191: it=154400, lxP=0.00, lxG=0.10, lxGt=23.48, lp=0.01, lg=2.20, aP=100.00, aGinf=92.25, aGt=66.25
2025-12-17 21:21:25,975: MaxHebb=0.21802, T=1.00, F=1.00, L=1.00, train_i=154500, total_steps=3862500
2025-12-17 21:21:25,975: it=154500, lxP=0.00, lxG=0.06, lxGt=21.58, lp=0.03, lg=2.22, aP=100.00, aGinf=92.50, aGt=67.00
2025-12-17 21:21:53,318: MaxHebb=0.25367, T=1.00, F=1.00, L=1.00, train_i=154600, total_steps=3865000
2025-12-17 21:21:53,318: it=154600, lxP=0.01, lxG=0.55, lxGt=20.37, lp=0.01, lg=2.19, aP=100.00, aGinf=92.25, aGt=67.50
2025-12-17 21:22:20,730: MaxHebb=0.23222, T=1.00, F=1.00, L=1.00, train_i=154700, total_steps=3867500
2025-12-17 21:22:20,730: it=154700, lxP=0.01, lxG=0.64, lxGt=22.09, lp=0.03, lg=2.16, aP=100.00, aGinf=90.25, aGt=66.25
2025-12-17 21:22:48,173: MaxHebb=0.22422, T=1.00, F=1.00, L=1.00, train_i=154800, total_steps=3870000
2025-12-17 21:22:48,173: it=154800, lxP=0.00, lxG=0.06, lxGt=22.67, lp=0.02, lg=2.27, aP=100.00, aGinf=91.00, aGt=67.00
2025-12-17 21:23:16,950: MaxHebb=0.23196, T=1.00, F=1.00, L=1.00, train_i=154900, total_steps=3872500
2025-12-17 21:23:16,950: it=154900, lxP=0.00, lxG=0.42, lxGt=19.81, lp=0.02, lg=2.20, aP=100.00, aGinf=93.50, aGt=68.25
2025-12-17 21:23:44,291: MaxHebb=0.27385, T=1.00, F=1.00, L=1.00, train_i=155000, total_steps=3875000
2025-12-17 21:23:44,291: it=155000, lxP=0.00, lxG=0.14, lxGt=20.66, lp=0.04, lg=2.26, aP=100.00, aGinf=88.00, aGt=61.75
2025-12-17 21:24:11,747: MaxHebb=0.25260, T=1.00, F=1.00, L=1.00, train_i=155100, total_steps=3877500
2025-12-17 21:24:11,747: it=155100, lxP=0.00, lxG=0.92, lxGt=20.38, lp=0.04, lg=2.22, aP=100.00, aGinf=87.75, aGt=62.50
2025-12-17 21:24:39,002: MaxHebb=0.25306, T=1.00, F=1.00, L=1.00, train_i=155200, total_steps=3880000
2025-12-17 21:24:39,002: it=155200, lxP=0.00, lxG=0.28, lxGt=22.27, lp=0.01, lg=2.19, aP=100.00, aGinf=88.75, aGt=66.00
2025-12-17 21:25:07,900: MaxHebb=0.26293, T=1.00, F=1.00, L=1.00, train_i=155300, total_steps=3882500
2025-12-17 21:25:07,900: it=155300, lxP=0.00, lxG=0.35, lxGt=17.65, lp=0.01, lg=2.19, aP=100.00, aGinf=88.50, aGt=67.00
2025-12-17 21:25:35,418: MaxHebb=0.26246, T=1.00, F=1.00, L=1.00, train_i=155400, total_steps=3885000
2025-12-17 21:25:35,418: it=155400, lxP=0.00, lxG=0.16, lxGt=21.50, lp=0.02, lg=2.24, aP=100.00, aGinf=91.25, aGt=67.00
2025-12-17 21:26:02,900: MaxHebb=0.24408, T=1.00, F=1.00, L=1.00, train_i=155500, total_steps=3887500
2025-12-17 21:26:02,901: it=155500, lxP=0.00, lxG=0.05, lxGt=19.01, lp=0.01, lg=2.26, aP=100.00, aGinf=88.25, aGt=65.00
2025-12-17 21:26:30,322: MaxHebb=0.26137, T=1.00, F=1.00, L=1.00, train_i=155600, total_steps=3890000
2025-12-17 21:26:30,323: it=155600, lxP=0.00, lxG=0.02, lxGt=16.67, lp=0.04, lg=2.21, aP=100.00, aGinf=89.75, aGt=67.00
2025-12-17 21:26:59,100: MaxHebb=0.27149, T=1.00, F=1.00, L=1.00, train_i=155700, total_steps=3892500
2025-12-17 21:26:59,100: it=155700, lxP=0.00, lxG=0.03, lxGt=22.42, lp=0.04, lg=2.26, aP=100.00, aGinf=89.25, aGt=63.50
2025-12-17 21:27:26,406: MaxHebb=0.26090, T=1.00, F=1.00, L=1.00, train_i=155800, total_steps=3895000
2025-12-17 21:27:26,406: it=155800, lxP=0.00, lxG=1.70, lxGt=23.78, lp=0.01, lg=2.23, aP=100.00, aGinf=89.50, aGt=65.00
2025-12-17 21:27:53,759: MaxHebb=0.27311, T=1.00, F=1.00, L=1.00, train_i=155900, total_steps=3897500
2025-12-17 21:27:53,759: it=155900, lxP=0.00, lxG=0.13, lxGt=19.72, lp=0.02, lg=2.21, aP=100.00, aGinf=92.75, aGt=71.00
2025-12-17 21:28:21,056: MaxHebb=0.20461, T=1.00, F=1.00, L=1.00, train_i=156000, total_steps=3900000
2025-12-17 21:28:21,056: it=156000, lxP=0.00, lxG=0.12, lxGt=21.93, lp=0.01, lg=2.20, aP=100.00, aGinf=91.00, aGt=66.50
2025-12-17 21:28:22,555: save data time 0.12, train_i=156000.00, total_steps=3900000.00
2025-12-17 21:28:49,877: MaxHebb=0.22827, T=1.00, F=1.00, L=1.00, train_i=156100, total_steps=3902500
2025-12-17 21:28:49,877: it=156100, lxP=0.00, lxG=0.03, lxGt=24.22, lp=0.02, lg=2.22, aP=100.00, aGinf=91.75, aGt=66.75
2025-12-17 21:29:17,238: MaxHebb=0.22009, T=1.00, F=1.00, L=1.00, train_i=156200, total_steps=3905000
2025-12-17 21:29:17,238: it=156200, lxP=0.00, lxG=0.50, lxGt=23.16, lp=0.02, lg=2.20, aP=100.00, aGinf=94.75, aGt=63.50
2025-12-17 21:29:44,653: MaxHebb=0.25537, T=1.00, F=1.00, L=1.00, train_i=156300, total_steps=3907500
2025-12-17 21:29:44,653: it=156300, lxP=0.00, lxG=0.62, lxGt=19.14, lp=0.01, lg=2.24, aP=100.00, aGinf=89.50, aGt=65.50
2025-12-17 21:30:11,994: MaxHebb=0.25706, T=1.00, F=1.00, L=1.00, train_i=156400, total_steps=3910000
2025-12-17 21:30:11,995: it=156400, lxP=0.00, lxG=0.33, lxGt=18.21, lp=0.02, lg=2.21, aP=100.00, aGinf=91.00, aGt=65.25
2025-12-17 21:30:40,784: MaxHebb=0.28401, T=1.00, F=1.00, L=1.00, train_i=156500, total_steps=3912500
2025-12-17 21:30:40,785: it=156500, lxP=0.00, lxG=0.57, lxGt=17.71, lp=0.01, lg=2.18, aP=100.00, aGinf=88.75, aGt=64.50
2025-12-17 21:31:08,189: MaxHebb=0.23489, T=1.00, F=1.00, L=1.00, train_i=156600, total_steps=3915000
2025-12-17 21:31:08,189: it=156600, lxP=0.00, lxG=1.13, lxGt=22.39, lp=0.02, lg=2.24, aP=100.00, aGinf=92.25, aGt=67.75
2025-12-17 21:31:35,506: MaxHebb=0.25284, T=1.00, F=1.00, L=1.00, train_i=156700, total_steps=3917500
2025-12-17 21:31:35,506: it=156700, lxP=0.01, lxG=0.14, lxGt=21.16, lp=0.01, lg=2.20, aP=100.00, aGinf=96.75, aGt=71.75
2025-12-17 21:32:02,929: MaxHebb=0.24649, T=1.00, F=1.00, L=1.00, train_i=156800, total_steps=3920000
2025-12-17 21:32:02,929: it=156800, lxP=0.00, lxG=0.10, lxGt=17.97, lp=0.04, lg=2.24, aP=100.00, aGinf=84.50, aGt=61.50
2025-12-17 21:32:31,701: MaxHebb=0.23686, T=1.00, F=1.00, L=1.00, train_i=156900, total_steps=3922500
2025-12-17 21:32:31,701: it=156900, lxP=0.00, lxG=0.34, lxGt=20.86, lp=0.04, lg=2.21, aP=100.00, aGinf=91.75, aGt=67.50
2025-12-17 21:32:59,002: MaxHebb=0.23799, T=1.00, F=1.00, L=1.00, train_i=157000, total_steps=3925000
2025-12-17 21:32:59,002: it=157000, lxP=0.01, lxG=0.07, lxGt=23.42, lp=0.01, lg=2.22, aP=100.00, aGinf=92.25, aGt=66.75
2025-12-17 21:33:26,376: MaxHebb=0.24382, T=1.00, F=1.00, L=1.00, train_i=157100, total_steps=3927500
2025-12-17 21:33:26,376: it=157100, lxP=0.00, lxG=0.20, lxGt=21.74, lp=0.03, lg=2.19, aP=100.00, aGinf=88.75, aGt=65.25
2025-12-17 21:33:53,772: MaxHebb=0.24039, T=1.00, F=1.00, L=1.00, train_i=157200, total_steps=3930000
2025-12-17 21:33:53,772: it=157200, lxP=0.00, lxG=0.66, lxGt=21.28, lp=0.01, lg=2.21, aP=100.00, aGinf=92.25, aGt=68.75
2025-12-17 21:34:22,607: MaxHebb=0.24972, T=1.00, F=1.00, L=1.00, train_i=157300, total_steps=3932500
2025-12-17 21:34:22,607: it=157300, lxP=0.00, lxG=0.30, lxGt=21.94, lp=0.03, lg=2.23, aP=100.00, aGinf=89.50, aGt=64.50
2025-12-17 21:34:49,920: MaxHebb=0.27364, T=1.00, F=1.00, L=1.00, train_i=157400, total_steps=3935000
2025-12-17 21:34:49,920: it=157400, lxP=0.00, lxG=0.04, lxGt=21.68, lp=0.03, lg=2.24, aP=100.00, aGinf=95.00, aGt=69.50
2025-12-17 21:35:17,292: MaxHebb=0.22013, T=1.00, F=1.00, L=1.00, train_i=157500, total_steps=3937500
2025-12-17 21:35:17,292: it=157500, lxP=0.01, lxG=0.07, lxGt=19.64, lp=0.02, lg=2.15, aP=100.00, aGinf=90.00, aGt=68.25
2025-12-17 21:35:44,664: MaxHebb=0.26200, T=1.00, F=1.00, L=1.00, train_i=157600, total_steps=3940000
2025-12-17 21:35:44,664: it=157600, lxP=0.00, lxG=0.16, lxGt=18.75, lp=0.03, lg=2.20, aP=100.00, aGinf=87.75, aGt=64.25
2025-12-17 21:36:13,378: MaxHebb=0.22327, T=1.00, F=1.00, L=1.00, train_i=157700, total_steps=3942500
2025-12-17 21:36:13,378: it=157700, lxP=0.00, lxG=0.01, lxGt=22.35, lp=0.02, lg=2.22, aP=100.00, aGinf=92.50, aGt=68.00
2025-12-17 21:36:40,785: MaxHebb=0.25749, T=1.00, F=1.00, L=1.00, train_i=157800, total_steps=3945000
2025-12-17 21:36:40,785: it=157800, lxP=0.00, lxG=5.10, lxGt=25.65, lp=0.01, lg=2.30, aP=100.00, aGinf=85.25, aGt=62.00
2025-12-17 21:37:08,041: MaxHebb=0.21232, T=1.00, F=1.00, L=1.00, train_i=157900, total_steps=3947500
2025-12-17 21:37:08,041: it=157900, lxP=0.00, lxG=0.05, lxGt=22.25, lp=0.02, lg=2.19, aP=100.00, aGinf=94.75, aGt=69.25
2025-12-17 21:37:35,435: MaxHebb=0.25222, T=1.00, F=1.00, L=1.00, train_i=158000, total_steps=3950000
2025-12-17 21:37:35,435: it=158000, lxP=0.00, lxG=0.02, lxGt=19.69, lp=0.02, lg=2.27, aP=100.00, aGinf=92.75, aGt=69.50
2025-12-17 21:37:36,955: save data time 0.10, train_i=158000.00, total_steps=3950000.00
2025-12-17 21:38:04,249: MaxHebb=0.23926, T=1.00, F=1.00, L=1.00, train_i=158100, total_steps=3952500
2025-12-17 21:38:04,249: it=158100, lxP=0.00, lxG=0.07, lxGt=21.41, lp=0.01, lg=2.16, aP=100.00, aGinf=91.25, aGt=67.25
2025-12-17 21:38:31,588: MaxHebb=0.25616, T=1.00, F=1.00, L=1.00, train_i=158200, total_steps=3955000
2025-12-17 21:38:31,588: it=158200, lxP=0.00, lxG=0.74, lxGt=19.45, lp=0.03, lg=2.25, aP=100.00, aGinf=91.25, aGt=67.50
2025-12-17 21:38:59,010: MaxHebb=0.24086, T=1.00, F=1.00, L=1.00, train_i=158300, total_steps=3957500
2025-12-17 21:38:59,010: it=158300, lxP=0.00, lxG=0.07, lxGt=19.57, lp=0.03, lg=2.22, aP=100.00, aGinf=87.75, aGt=64.25
2025-12-17 21:39:26,466: MaxHebb=0.25822, T=1.00, F=1.00, L=1.00, train_i=158400, total_steps=3960000
2025-12-17 21:39:26,466: it=158400, lxP=0.00, lxG=0.05, lxGt=21.40, lp=0.02, lg=2.16, aP=100.00, aGinf=92.50, aGt=66.75
2025-12-17 21:39:55,299: MaxHebb=0.26390, T=1.00, F=1.00, L=1.00, train_i=158500, total_steps=3962500
2025-12-17 21:39:55,299: it=158500, lxP=0.00, lxG=0.03, lxGt=20.89, lp=0.03, lg=2.17, aP=100.00, aGinf=87.75, aGt=63.25
2025-12-17 21:40:22,816: MaxHebb=0.25529, T=1.00, F=1.00, L=1.00, train_i=158600, total_steps=3965000
2025-12-17 21:40:22,816: it=158600, lxP=0.00, lxG=0.04, lxGt=21.04, lp=0.02, lg=2.22, aP=100.00, aGinf=92.00, aGt=66.00
2025-12-17 21:40:50,210: MaxHebb=0.26135, T=1.00, F=1.00, L=1.00, train_i=158700, total_steps=3967500
2025-12-17 21:40:50,210: it=158700, lxP=0.00, lxG=0.28, lxGt=21.22, lp=0.01, lg=2.15, aP=100.00, aGinf=87.50, aGt=64.25
2025-12-17 21:41:17,696: MaxHebb=0.24685, T=1.00, F=1.00, L=1.00, train_i=158800, total_steps=3970000
2025-12-17 21:41:17,696: it=158800, lxP=0.00, lxG=0.10, lxGt=22.49, lp=0.02, lg=2.20, aP=100.00, aGinf=94.25, aGt=66.25
2025-12-17 21:41:46,262: MaxHebb=0.20519, T=1.00, F=1.00, L=1.00, train_i=158900, total_steps=3972500
2025-12-17 21:41:46,262: it=158900, lxP=0.00, lxG=0.04, lxGt=22.71, lp=0.01, lg=2.17, aP=100.00, aGinf=93.50, aGt=72.75
2025-12-17 21:42:13,576: MaxHebb=0.26923, T=1.00, F=1.00, L=1.00, train_i=159000, total_steps=3975000
2025-12-17 21:42:13,576: it=159000, lxP=0.00, lxG=0.13, lxGt=21.73, lp=0.02, lg=2.21, aP=100.00, aGinf=96.00, aGt=70.00
2025-12-17 21:42:40,887: MaxHebb=0.26762, T=1.00, F=1.00, L=1.00, train_i=159100, total_steps=3977500
2025-12-17 21:42:40,887: it=159100, lxP=0.00, lxG=1.10, lxGt=21.04, lp=0.03, lg=2.23, aP=100.00, aGinf=92.00, aGt=66.75
2025-12-17 21:43:08,201: MaxHebb=0.21079, T=1.00, F=1.00, L=1.00, train_i=159200, total_steps=3980000
2025-12-17 21:43:08,201: it=159200, lxP=0.00, lxG=0.08, lxGt=23.08, lp=0.01, lg=2.19, aP=100.00, aGinf=87.75, aGt=65.75
2025-12-17 21:43:37,093: MaxHebb=0.25960, T=1.00, F=1.00, L=1.00, train_i=159300, total_steps=3982500
2025-12-17 21:43:37,093: it=159300, lxP=0.00, lxG=0.28, lxGt=21.93, lp=0.02, lg=2.17, aP=100.00, aGinf=91.00, aGt=64.75
2025-12-17 21:44:04,502: MaxHebb=0.25557, T=1.00, F=1.00, L=1.00, train_i=159400, total_steps=3985000
2025-12-17 21:44:04,502: it=159400, lxP=0.00, lxG=1.61, lxGt=22.73, lp=0.03, lg=2.21, aP=100.00, aGinf=87.50, aGt=65.00
2025-12-17 21:44:31,929: MaxHebb=0.26791, T=1.00, F=1.00, L=1.00, train_i=159500, total_steps=3987500
2025-12-17 21:44:31,929: it=159500, lxP=0.00, lxG=0.04, lxGt=18.83, lp=0.04, lg=2.22, aP=100.00, aGinf=81.50, aGt=58.75
2025-12-17 21:44:59,409: MaxHebb=0.24209, T=1.00, F=1.00, L=1.00, train_i=159600, total_steps=3990000
2025-12-17 21:44:59,409: it=159600, lxP=0.00, lxG=1.31, lxGt=19.88, lp=0.03, lg=2.18, aP=100.00, aGinf=87.00, aGt=62.25
2025-12-17 21:45:28,178: MaxHebb=0.26006, T=1.00, F=1.00, L=1.00, train_i=159700, total_steps=3992500
2025-12-17 21:45:28,178: it=159700, lxP=0.00, lxG=0.19, lxGt=25.43, lp=0.03, lg=2.17, aP=100.00, aGinf=91.25, aGt=66.25
2025-12-17 21:45:55,563: MaxHebb=0.24150, T=1.00, F=1.00, L=1.00, train_i=159800, total_steps=3995000
2025-12-17 21:45:55,563: it=159800, lxP=0.00, lxG=0.13, lxGt=22.80, lp=0.01, lg=2.22, aP=100.00, aGinf=93.50, aGt=69.00
2025-12-17 21:46:22,986: MaxHebb=0.25366, T=1.00, F=1.00, L=1.00, train_i=159900, total_steps=3997500
2025-12-17 21:46:22,986: it=159900, lxP=0.00, lxG=0.24, lxGt=17.88, lp=0.03, lg=2.20, aP=100.00, aGinf=92.00, aGt=70.75
2025-12-17 21:46:50,360: MaxHebb=0.26263, T=1.00, F=1.00, L=1.00, train_i=160000, total_steps=4000000
2025-12-17 21:46:50,360: it=160000, lxP=0.00, lxG=0.29, lxGt=19.45, lp=0.01, lg=2.24, aP=100.00, aGinf=97.00, aGt=72.00
2025-12-17 21:46:51,862: save data time 0.12, train_i=160000.00, total_steps=4000000.00
2025-12-17 21:47:19,276: MaxHebb=0.26558, T=1.00, F=1.00, L=1.00, train_i=160100, total_steps=4002500
2025-12-17 21:47:19,276: it=160100, lxP=0.00, lxG=0.17, lxGt=17.91, lp=0.02, lg=2.18, aP=100.00, aGinf=94.25, aGt=71.75
2025-12-17 21:47:46,792: MaxHebb=0.26535, T=1.00, F=1.00, L=1.00, train_i=160200, total_steps=4005000
2025-12-17 21:47:46,792: it=160200, lxP=0.00, lxG=0.15, lxGt=20.10, lp=0.01, lg=2.27, aP=100.00, aGinf=96.25, aGt=71.25
2025-12-17 21:48:14,304: MaxHebb=0.25162, T=1.00, F=1.00, L=1.00, train_i=160300, total_steps=4007500
2025-12-17 21:48:14,304: it=160300, lxP=0.00, lxG=0.30, lxGt=19.69, lp=0.02, lg=2.20, aP=100.00, aGinf=89.75, aGt=64.25
2025-12-17 21:48:41,788: MaxHebb=0.26204, T=1.00, F=1.00, L=1.00, train_i=160400, total_steps=4010000
2025-12-17 21:48:41,788: it=160400, lxP=0.00, lxG=0.40, lxGt=18.29, lp=0.02, lg=2.19, aP=100.00, aGinf=92.50, aGt=68.00
2025-12-17 21:49:10,612: MaxHebb=0.25415, T=1.00, F=1.00, L=1.00, train_i=160500, total_steps=4012500
2025-12-17 21:49:10,612: it=160500, lxP=0.00, lxG=0.06, lxGt=24.33, lp=0.01, lg=2.16, aP=100.00, aGinf=91.00, aGt=64.25
2025-12-17 21:49:37,997: MaxHebb=0.26393, T=1.00, F=1.00, L=1.00, train_i=160600, total_steps=4015000
2025-12-17 21:49:37,997: it=160600, lxP=0.00, lxG=0.53, lxGt=25.52, lp=0.01, lg=2.15, aP=100.00, aGinf=94.75, aGt=63.25
2025-12-17 21:50:05,357: MaxHebb=0.25636, T=1.00, F=1.00, L=1.00, train_i=160700, total_steps=4017500
2025-12-17 21:50:05,357: it=160700, lxP=0.00, lxG=0.07, lxGt=21.93, lp=0.02, lg=2.18, aP=100.00, aGinf=93.25, aGt=67.75
2025-12-17 21:50:32,707: MaxHebb=0.28135, T=1.00, F=1.00, L=1.00, train_i=160800, total_steps=4020000
2025-12-17 21:50:32,707: it=160800, lxP=0.00, lxG=1.88, lxGt=23.64, lp=0.02, lg=2.22, aP=100.00, aGinf=91.00, aGt=66.25
2025-12-17 21:51:01,587: MaxHebb=0.28094, T=1.00, F=1.00, L=1.00, train_i=160900, total_steps=4022500
2025-12-17 21:51:01,587: it=160900, lxP=0.00, lxG=0.04, lxGt=20.99, lp=0.03, lg=2.22, aP=100.00, aGinf=91.00, aGt=66.50
2025-12-17 21:51:28,981: MaxHebb=0.27754, T=1.00, F=1.00, L=1.00, train_i=161000, total_steps=4025000
2025-12-17 21:51:28,981: it=161000, lxP=0.00, lxG=0.06, lxGt=18.74, lp=0.02, lg=2.23, aP=100.00, aGinf=89.50, aGt=66.50
2025-12-17 21:51:56,319: MaxHebb=0.28193, T=1.00, F=1.00, L=1.00, train_i=161100, total_steps=4027500
2025-12-17 21:51:56,319: it=161100, lxP=0.00, lxG=0.22, lxGt=20.85, lp=0.01, lg=2.24, aP=100.00, aGinf=92.25, aGt=68.75
2025-12-17 21:52:23,770: MaxHebb=0.22445, T=1.00, F=1.00, L=1.00, train_i=161200, total_steps=4030000
2025-12-17 21:52:23,770: it=161200, lxP=0.00, lxG=0.76, lxGt=21.56, lp=0.01, lg=2.22, aP=100.00, aGinf=87.25, aGt=64.75
2025-12-17 21:52:52,570: MaxHebb=0.27159, T=1.00, F=1.00, L=1.00, train_i=161300, total_steps=4032500
2025-12-17 21:52:52,570: it=161300, lxP=0.00, lxG=0.22, lxGt=20.03, lp=0.01, lg=2.18, aP=100.00, aGinf=89.00, aGt=64.25
2025-12-17 21:53:19,895: MaxHebb=0.26774, T=1.00, F=1.00, L=1.00, train_i=161400, total_steps=4035000
2025-12-17 21:53:19,895: it=161400, lxP=0.00, lxG=0.71, lxGt=21.18, lp=0.01, lg=2.19, aP=100.00, aGinf=95.50, aGt=73.25
2025-12-17 21:53:47,188: MaxHebb=0.24938, T=1.00, F=1.00, L=1.00, train_i=161500, total_steps=4037500
2025-12-17 21:53:47,188: it=161500, lxP=0.00, lxG=0.29, lxGt=22.53, lp=0.02, lg=2.21, aP=100.00, aGinf=94.00, aGt=70.25
2025-12-17 21:54:14,553: MaxHebb=0.22573, T=1.00, F=1.00, L=1.00, train_i=161600, total_steps=4040000
2025-12-17 21:54:14,554: it=161600, lxP=0.00, lxG=0.08, lxGt=21.86, lp=0.04, lg=2.20, aP=100.00, aGinf=91.50, aGt=64.75
2025-12-17 21:54:43,298: MaxHebb=0.26317, T=1.00, F=1.00, L=1.00, train_i=161700, total_steps=4042500
2025-12-17 21:54:43,299: it=161700, lxP=0.00, lxG=0.13, lxGt=21.49, lp=0.01, lg=2.20, aP=100.00, aGinf=93.50, aGt=72.25
2025-12-17 21:55:10,662: MaxHebb=0.23553, T=1.00, F=1.00, L=1.00, train_i=161800, total_steps=4045000
2025-12-17 21:55:10,662: it=161800, lxP=0.00, lxG=0.13, lxGt=22.47, lp=0.02, lg=2.15, aP=100.00, aGinf=87.75, aGt=63.25
2025-12-17 21:55:38,063: MaxHebb=0.22491, T=1.00, F=1.00, L=1.00, train_i=161900, total_steps=4047500
2025-12-17 21:55:38,063: it=161900, lxP=0.00, lxG=0.22, lxGt=19.13, lp=0.04, lg=2.19, aP=100.00, aGinf=90.75, aGt=69.50
2025-12-17 21:56:05,351: MaxHebb=0.22499, T=1.00, F=1.00, L=1.00, train_i=162000, total_steps=4050000
2025-12-17 21:56:05,351: it=162000, lxP=0.00, lxG=0.04, lxGt=22.57, lp=0.01, lg=2.23, aP=100.00, aGinf=88.50, aGt=65.00
2025-12-17 21:56:06,919: save data time 0.16, train_i=162000.00, total_steps=4050000.00
2025-12-17 21:56:34,368: MaxHebb=0.23251, T=1.00, F=1.00, L=1.00, train_i=162100, total_steps=4052500
2025-12-17 21:56:34,368: it=162100, lxP=0.00, lxG=0.04, lxGt=21.47, lp=0.03, lg=2.21, aP=100.00, aGinf=91.00, aGt=66.50
2025-12-17 21:57:01,744: MaxHebb=0.23228, T=1.00, F=1.00, L=1.00, train_i=162200, total_steps=4055000
2025-12-17 21:57:01,744: it=162200, lxP=0.00, lxG=0.35, lxGt=21.21, lp=0.01, lg=2.19, aP=100.00, aGinf=91.25, aGt=67.50
2025-12-17 21:57:29,188: MaxHebb=0.27372, T=1.00, F=1.00, L=1.00, train_i=162300, total_steps=4057500
2025-12-17 21:57:29,189: it=162300, lxP=0.00, lxG=0.08, lxGt=20.72, lp=0.03, lg=2.20, aP=100.00, aGinf=88.25, aGt=61.50
2025-12-17 21:57:56,617: MaxHebb=0.28306, T=1.00, F=1.00, L=1.00, train_i=162400, total_steps=4060000
2025-12-17 21:57:56,617: it=162400, lxP=0.00, lxG=0.15, lxGt=23.08, lp=0.02, lg=2.23, aP=100.00, aGinf=89.50, aGt=63.50
2025-12-17 21:58:25,394: MaxHebb=0.26463, T=1.00, F=1.00, L=1.00, train_i=162500, total_steps=4062500
2025-12-17 21:58:25,394: it=162500, lxP=0.00, lxG=0.10, lxGt=19.01, lp=0.01, lg=2.16, aP=100.00, aGinf=91.50, aGt=67.00
2025-12-17 21:58:52,785: MaxHebb=0.25312, T=1.00, F=1.00, L=1.00, train_i=162600, total_steps=4065000
2025-12-17 21:58:52,786: it=162600, lxP=0.00, lxG=0.41, lxGt=18.96, lp=0.04, lg=2.20, aP=100.00, aGinf=91.25, aGt=69.50
2025-12-17 21:59:20,159: MaxHebb=0.27025, T=1.00, F=1.00, L=1.00, train_i=162700, total_steps=4067500
2025-12-17 21:59:20,159: it=162700, lxP=0.00, lxG=1.42, lxGt=17.82, lp=0.03, lg=2.20, aP=100.00, aGinf=86.00, aGt=64.25
2025-12-17 21:59:47,547: MaxHebb=0.25978, T=1.00, F=1.00, L=1.00, train_i=162800, total_steps=4070000
2025-12-17 21:59:47,547: it=162800, lxP=0.00, lxG=0.16, lxGt=21.71, lp=0.03, lg=2.21, aP=100.00, aGinf=90.50, aGt=67.00
2025-12-17 22:00:16,380: MaxHebb=0.22262, T=1.00, F=1.00, L=1.00, train_i=162900, total_steps=4072500
2025-12-17 22:00:16,380: it=162900, lxP=0.00, lxG=1.18, lxGt=22.87, lp=0.02, lg=2.24, aP=100.00, aGinf=92.00, aGt=67.00
2025-12-17 22:00:43,711: MaxHebb=0.22571, T=1.00, F=1.00, L=1.00, train_i=163000, total_steps=4075000
2025-12-17 22:00:43,711: it=163000, lxP=0.00, lxG=0.07, lxGt=24.52, lp=0.01, lg=2.19, aP=100.00, aGinf=92.00, aGt=62.25
2025-12-17 22:01:11,085: MaxHebb=0.27479, T=1.00, F=1.00, L=1.00, train_i=163100, total_steps=4077500
2025-12-17 22:01:11,086: it=163100, lxP=0.00, lxG=1.13, lxGt=19.51, lp=0.03, lg=2.16, aP=100.00, aGinf=88.75, aGt=65.75
2025-12-17 22:01:38,509: MaxHebb=0.27943, T=1.00, F=1.00, L=1.00, train_i=163200, total_steps=4080000
2025-12-17 22:01:38,510: it=163200, lxP=0.00, lxG=0.18, lxGt=18.56, lp=0.02, lg=2.20, aP=100.00, aGinf=96.25, aGt=76.25
2025-12-17 22:02:07,273: MaxHebb=0.27704, T=1.00, F=1.00, L=1.00, train_i=163300, total_steps=4082500
2025-12-17 22:02:07,273: it=163300, lxP=0.00, lxG=0.45, lxGt=21.37, lp=0.03, lg=2.24, aP=100.00, aGinf=89.00, aGt=65.50
2025-12-17 22:02:34,675: MaxHebb=0.22592, T=1.00, F=1.00, L=1.00, train_i=163400, total_steps=4085000
2025-12-17 22:02:34,675: it=163400, lxP=0.00, lxG=0.06, lxGt=21.65, lp=0.02, lg=2.14, aP=100.00, aGinf=95.75, aGt=70.00
2025-12-17 22:03:02,186: MaxHebb=0.22657, T=1.00, F=1.00, L=1.00, train_i=163500, total_steps=4087500
2025-12-17 22:03:02,187: it=163500, lxP=0.00, lxG=0.09, lxGt=20.37, lp=0.02, lg=2.20, aP=100.00, aGinf=88.75, aGt=64.50
2025-12-17 22:03:29,528: MaxHebb=0.26962, T=1.00, F=1.00, L=1.00, train_i=163600, total_steps=4090000
2025-12-17 22:03:29,528: it=163600, lxP=0.00, lxG=0.09, lxGt=22.47, lp=0.01, lg=2.19, aP=100.00, aGinf=94.00, aGt=69.50
2025-12-17 22:03:58,192: MaxHebb=0.28935, T=1.00, F=1.00, L=1.00, train_i=163700, total_steps=4092500
2025-12-17 22:03:58,192: it=163700, lxP=0.00, lxG=0.21, lxGt=21.93, lp=0.02, lg=2.16, aP=100.00, aGinf=92.50, aGt=69.25
2025-12-17 22:04:25,651: MaxHebb=0.27240, T=1.00, F=1.00, L=1.00, train_i=163800, total_steps=4095000
2025-12-17 22:04:25,651: it=163800, lxP=0.00, lxG=0.08, lxGt=21.87, lp=0.03, lg=2.17, aP=100.00, aGinf=87.75, aGt=64.25
2025-12-17 22:04:53,001: MaxHebb=0.27446, T=1.00, F=1.00, L=1.00, train_i=163900, total_steps=4097500
2025-12-17 22:04:53,001: it=163900, lxP=0.00, lxG=0.03, lxGt=20.00, lp=0.02, lg=2.15, aP=100.00, aGinf=88.00, aGt=66.00
2025-12-17 22:05:20,331: MaxHebb=0.22481, T=1.00, F=1.00, L=1.00, train_i=164000, total_steps=4100000
2025-12-17 22:05:20,332: it=164000, lxP=0.00, lxG=1.19, lxGt=20.45, lp=0.02, lg=2.14, aP=100.00, aGinf=90.50, aGt=69.50
2025-12-17 22:05:21,836: save data time 0.10, train_i=164000.00, total_steps=4100000.00
2025-12-17 22:05:49,220: MaxHebb=0.25646, T=1.00, F=1.00, L=1.00, train_i=164100, total_steps=4102500
2025-12-17 22:05:49,220: it=164100, lxP=0.00, lxG=0.03, lxGt=23.74, lp=0.01, lg=2.13, aP=100.00, aGinf=95.00, aGt=72.50
2025-12-17 22:06:16,520: MaxHebb=0.27446, T=1.00, F=1.00, L=1.00, train_i=164200, total_steps=4105000
2025-12-17 22:06:16,520: it=164200, lxP=0.01, lxG=0.08, lxGt=24.61, lp=0.03, lg=2.13, aP=100.00, aGinf=90.25, aGt=68.50
2025-12-17 22:06:43,871: MaxHebb=0.27676, T=1.00, F=1.00, L=1.00, train_i=164300, total_steps=4107500
2025-12-17 22:06:43,871: it=164300, lxP=0.00, lxG=0.05, lxGt=20.09, lp=0.03, lg=2.16, aP=100.00, aGinf=95.25, aGt=69.00
2025-12-17 22:07:11,221: MaxHebb=0.25059, T=1.00, F=1.00, L=1.00, train_i=164400, total_steps=4110000
2025-12-17 22:07:11,221: it=164400, lxP=0.01, lxG=0.26, lxGt=21.34, lp=0.03, lg=2.12, aP=100.00, aGinf=88.25, aGt=63.50
2025-12-17 22:07:40,027: MaxHebb=0.26527, T=1.00, F=1.00, L=1.00, train_i=164500, total_steps=4112500
2025-12-17 22:07:40,027: it=164500, lxP=0.00, lxG=1.01, lxGt=20.14, lp=0.03, lg=2.19, aP=100.00, aGinf=91.25, aGt=66.50
2025-12-17 22:08:07,334: MaxHebb=0.27772, T=1.00, F=1.00, L=1.00, train_i=164600, total_steps=4115000
2025-12-17 22:08:07,334: it=164600, lxP=0.00, lxG=0.87, lxGt=21.43, lp=0.02, lg=2.11, aP=100.00, aGinf=93.50, aGt=68.25
2025-12-17 22:08:34,709: MaxHebb=0.28086, T=1.00, F=1.00, L=1.00, train_i=164700, total_steps=4117500
2025-12-17 22:08:34,709: it=164700, lxP=0.00, lxG=0.50, lxGt=21.72, lp=0.01, lg=2.13, aP=100.00, aGinf=94.00, aGt=71.25
2025-12-17 22:09:02,082: MaxHebb=0.29496, T=1.00, F=1.00, L=1.00, train_i=164800, total_steps=4120000
2025-12-17 22:09:02,082: it=164800, lxP=0.00, lxG=0.05, lxGt=21.71, lp=0.03, lg=2.16, aP=100.00, aGinf=89.25, aGt=65.00
2025-12-17 22:09:30,915: MaxHebb=0.28603, T=1.00, F=1.00, L=1.00, train_i=164900, total_steps=4122500
2025-12-17 22:09:30,915: it=164900, lxP=0.00, lxG=0.09, lxGt=22.84, lp=0.01, lg=2.16, aP=100.00, aGinf=95.00, aGt=69.25
2025-12-17 22:09:58,196: MaxHebb=0.29446, T=1.00, F=1.00, L=1.00, train_i=165000, total_steps=4125000
2025-12-17 22:09:58,197: it=165000, lxP=0.01, lxG=0.28, lxGt=27.26, lp=0.01, lg=2.16, aP=100.00, aGinf=91.25, aGt=64.25
2025-12-17 22:10:25,571: MaxHebb=0.29510, T=1.00, F=1.00, L=1.00, train_i=165100, total_steps=4127500
2025-12-17 22:10:25,571: it=165100, lxP=0.00, lxG=0.10, lxGt=21.06, lp=0.02, lg=2.09, aP=100.00, aGinf=90.50, aGt=65.25
2025-12-17 22:10:52,967: MaxHebb=0.29433, T=1.00, F=1.00, L=1.00, train_i=165200, total_steps=4130000
2025-12-17 22:10:52,967: it=165200, lxP=0.01, lxG=0.15, lxGt=18.92, lp=0.01, lg=2.09, aP=100.00, aGinf=89.50, aGt=64.75
2025-12-17 22:11:21,852: MaxHebb=0.29150, T=1.00, F=1.00, L=1.00, train_i=165300, total_steps=4132500
2025-12-17 22:11:21,852: it=165300, lxP=0.00, lxG=0.10, lxGt=18.41, lp=0.02, lg=2.14, aP=100.00, aGinf=88.75, aGt=64.50
2025-12-17 22:11:49,331: MaxHebb=0.26954, T=1.00, F=1.00, L=1.00, train_i=165400, total_steps=4135000
2025-12-17 22:11:49,331: it=165400, lxP=0.00, lxG=1.46, lxGt=21.87, lp=0.04, lg=2.14, aP=100.00, aGinf=84.50, aGt=61.25
2025-12-17 22:12:16,715: MaxHebb=0.28544, T=1.00, F=1.00, L=1.00, train_i=165500, total_steps=4137500
2025-12-17 22:12:16,715: it=165500, lxP=0.00, lxG=0.90, lxGt=24.03, lp=0.02, lg=2.16, aP=100.00, aGinf=91.00, aGt=67.25
2025-12-17 22:12:44,096: MaxHebb=0.28871, T=1.00, F=1.00, L=1.00, train_i=165600, total_steps=4140000
2025-12-17 22:12:44,096: it=165600, lxP=0.00, lxG=0.12, lxGt=23.12, lp=0.02, lg=2.17, aP=100.00, aGinf=86.75, aGt=61.25
2025-12-17 22:13:12,881: MaxHebb=0.28937, T=1.00, F=1.00, L=1.00, train_i=165700, total_steps=4142500
2025-12-17 22:13:12,881: it=165700, lxP=0.00, lxG=0.07, lxGt=24.00, lp=0.03, lg=2.18, aP=100.00, aGinf=94.25, aGt=68.75
2025-12-17 22:13:40,197: MaxHebb=0.27568, T=1.00, F=1.00, L=1.00, train_i=165800, total_steps=4145000
2025-12-17 22:13:40,197: it=165800, lxP=0.00, lxG=0.06, lxGt=21.33, lp=0.02, lg=2.20, aP=100.00, aGinf=90.00, aGt=66.25
2025-12-17 22:14:07,585: MaxHebb=0.26906, T=1.00, F=1.00, L=1.00, train_i=165900, total_steps=4147500
2025-12-17 22:14:07,585: it=165900, lxP=0.00, lxG=0.61, lxGt=18.56, lp=0.01, lg=1.75, aP=100.00, aGinf=88.00, aGt=63.75
2025-12-17 22:14:34,962: MaxHebb=0.27015, T=1.00, F=1.00, L=1.00, train_i=166000, total_steps=4150000
2025-12-17 22:14:34,962: it=166000, lxP=0.01, lxG=0.04, lxGt=23.06, lp=0.01, lg=2.17, aP=100.00, aGinf=92.25, aGt=69.00
2025-12-17 22:14:36,481: save data time 0.12, train_i=166000.00, total_steps=4150000.00
2025-12-17 22:15:03,868: MaxHebb=0.27412, T=1.00, F=1.00, L=1.00, train_i=166100, total_steps=4152500
2025-12-17 22:15:03,868: it=166100, lxP=0.00, lxG=0.17, lxGt=17.90, lp=0.02, lg=2.11, aP=100.00, aGinf=89.25, aGt=65.75
2025-12-17 22:15:31,085: MaxHebb=0.29334, T=1.00, F=1.00, L=1.00, train_i=166200, total_steps=4155000
2025-12-17 22:15:31,085: it=166200, lxP=0.00, lxG=0.44, lxGt=21.16, lp=0.02, lg=2.16, aP=100.00, aGinf=91.25, aGt=64.00
2025-12-17 22:15:58,504: MaxHebb=0.28660, T=1.00, F=1.00, L=1.00, train_i=166300, total_steps=4157500
2025-12-17 22:15:58,504: it=166300, lxP=0.00, lxG=0.45, lxGt=22.22, lp=0.03, lg=2.13, aP=100.00, aGinf=88.25, aGt=65.25
2025-12-17 22:16:25,896: MaxHebb=0.29202, T=1.00, F=1.00, L=1.00, train_i=166400, total_steps=4160000
2025-12-17 22:16:25,896: it=166400, lxP=0.00, lxG=0.07, lxGt=21.41, lp=0.01, lg=2.22, aP=100.00, aGinf=88.50, aGt=65.25
2025-12-17 22:16:54,780: MaxHebb=0.29880, T=1.00, F=1.00, L=1.00, train_i=166500, total_steps=4162500
2025-12-17 22:16:54,780: it=166500, lxP=0.02, lxG=0.45, lxGt=25.96, lp=0.03, lg=2.15, aP=100.00, aGinf=91.50, aGt=66.00
2025-12-17 22:17:22,181: MaxHebb=0.27681, T=1.00, F=1.00, L=1.00, train_i=166600, total_steps=4165000
2025-12-17 22:17:22,181: it=166600, lxP=0.00, lxG=0.05, lxGt=21.10, lp=0.02, lg=2.18, aP=100.00, aGinf=89.25, aGt=63.00
2025-12-17 22:17:49,731: MaxHebb=0.28909, T=1.00, F=1.00, L=1.00, train_i=166700, total_steps=4167500
2025-12-17 22:17:49,731: it=166700, lxP=0.00, lxG=0.74, lxGt=21.49, lp=0.03, lg=2.21, aP=100.00, aGinf=90.50, aGt=64.75
2025-12-17 22:18:17,201: MaxHebb=0.29716, T=1.00, F=1.00, L=1.00, train_i=166800, total_steps=4170000
2025-12-17 22:18:17,201: it=166800, lxP=0.00, lxG=0.58, lxGt=20.33, lp=0.03, lg=2.15, aP=100.00, aGinf=89.00, aGt=68.75
2025-12-17 22:18:46,025: MaxHebb=0.25416, T=1.00, F=1.00, L=1.00, train_i=166900, total_steps=4172500
2025-12-17 22:18:46,025: it=166900, lxP=0.01, lxG=0.10, lxGt=20.89, lp=0.01, lg=2.16, aP=100.00, aGinf=91.50, aGt=66.25
2025-12-17 22:19:13,531: MaxHebb=0.26691, T=1.00, F=1.00, L=1.00, train_i=167000, total_steps=4175000
2025-12-17 22:19:13,531: it=167000, lxP=0.00, lxG=0.04, lxGt=21.47, lp=0.01, lg=2.17, aP=100.00, aGinf=88.75, aGt=63.75
2025-12-17 22:19:40,890: MaxHebb=0.28856, T=1.00, F=1.00, L=1.00, train_i=167100, total_steps=4177500
2025-12-17 22:19:40,890: it=167100, lxP=0.00, lxG=0.04, lxGt=20.86, lp=0.01, lg=2.15, aP=100.00, aGinf=94.75, aGt=69.75
2025-12-17 22:20:08,267: MaxHebb=0.30033, T=1.00, F=1.00, L=1.00, train_i=167200, total_steps=4180000
2025-12-17 22:20:08,267: it=167200, lxP=0.00, lxG=0.03, lxGt=16.44, lp=0.03, lg=2.18, aP=100.00, aGinf=88.75, aGt=64.75
2025-12-17 22:20:37,137: MaxHebb=0.30217, T=1.00, F=1.00, L=1.00, train_i=167300, total_steps=4182500
2025-12-17 22:20:37,137: it=167300, lxP=0.00, lxG=0.11, lxGt=21.50, lp=0.03, lg=2.23, aP=100.00, aGinf=88.75, aGt=63.25
2025-12-17 22:21:04,437: MaxHebb=0.25977, T=1.00, F=1.00, L=1.00, train_i=167400, total_steps=4185000
2025-12-17 22:21:04,437: it=167400, lxP=0.00, lxG=0.05, lxGt=22.11, lp=0.01, lg=2.18, aP=100.00, aGinf=86.75, aGt=60.25
2025-12-17 22:21:31,782: MaxHebb=0.25601, T=1.00, F=1.00, L=1.00, train_i=167500, total_steps=4187500
2025-12-17 22:21:31,783: it=167500, lxP=0.00, lxG=0.18, lxGt=22.27, lp=0.01, lg=2.14, aP=100.00, aGinf=93.50, aGt=67.25
2025-12-17 22:21:59,101: MaxHebb=0.29449, T=1.00, F=1.00, L=1.00, train_i=167600, total_steps=4190000
2025-12-17 22:21:59,101: it=167600, lxP=0.00, lxG=0.02, lxGt=21.48, lp=0.02, lg=2.22, aP=100.00, aGinf=90.00, aGt=66.50
2025-12-17 22:22:27,832: MaxHebb=0.26837, T=1.00, F=1.00, L=1.00, train_i=167700, total_steps=4192500
2025-12-17 22:22:27,832: it=167700, lxP=0.00, lxG=0.05, lxGt=19.16, lp=0.02, lg=2.14, aP=100.00, aGinf=94.50, aGt=70.00
2025-12-17 22:22:55,127: MaxHebb=0.29028, T=1.00, F=1.00, L=1.00, train_i=167800, total_steps=4195000
2025-12-17 22:22:55,127: it=167800, lxP=0.00, lxG=0.19, lxGt=20.35, lp=0.02, lg=2.18, aP=100.00, aGinf=92.50, aGt=68.75
2025-12-17 22:23:22,455: MaxHebb=0.30130, T=1.00, F=1.00, L=1.00, train_i=167900, total_steps=4197500
2025-12-17 22:23:22,455: it=167900, lxP=0.00, lxG=0.12, lxGt=24.19, lp=0.01, lg=2.14, aP=100.00, aGinf=94.00, aGt=67.75
2025-12-17 22:23:49,831: MaxHebb=0.29680, T=1.00, F=1.00, L=1.00, train_i=168000, total_steps=4200000
2025-12-17 22:23:49,832: it=168000, lxP=0.00, lxG=0.21, lxGt=23.65, lp=0.01, lg=2.15, aP=100.00, aGinf=92.75, aGt=67.50
2025-12-17 22:23:51,348: save data time 0.12, train_i=168000.00, total_steps=4200000.00
2025-12-17 22:24:18,752: MaxHebb=0.29844, T=1.00, F=1.00, L=1.00, train_i=168100, total_steps=4202500
2025-12-17 22:24:18,752: it=168100, lxP=0.00, lxG=0.31, lxGt=17.06, lp=0.05, lg=2.16, aP=100.00, aGinf=86.00, aGt=61.50
2025-12-17 22:24:46,204: MaxHebb=0.28261, T=1.00, F=1.00, L=1.00, train_i=168200, total_steps=4205000
2025-12-17 22:24:46,204: it=168200, lxP=0.00, lxG=9.53, lxGt=22.56, lp=0.03, lg=2.16, aP=100.00, aGinf=91.50, aGt=66.50
2025-12-17 22:25:13,577: MaxHebb=0.29211, T=1.00, F=1.00, L=1.00, train_i=168300, total_steps=4207500
2025-12-17 22:25:13,578: it=168300, lxP=0.00, lxG=0.04, lxGt=21.93, lp=0.01, lg=2.22, aP=100.00, aGinf=90.25, aGt=66.75
2025-12-17 22:25:40,927: MaxHebb=0.25108, T=1.00, F=1.00, L=1.00, train_i=168400, total_steps=4210000
2025-12-17 22:25:40,927: it=168400, lxP=0.00, lxG=0.01, lxGt=21.84, lp=0.01, lg=2.21, aP=100.00, aGinf=91.00, aGt=63.75
2025-12-17 22:26:09,615: MaxHebb=0.28559, T=1.00, F=1.00, L=1.00, train_i=168500, total_steps=4212500
2025-12-17 22:26:09,615: it=168500, lxP=0.00, lxG=0.14, lxGt=21.95, lp=0.02, lg=2.17, aP=100.00, aGinf=91.50, aGt=69.00
2025-12-17 22:26:37,054: MaxHebb=0.29425, T=1.00, F=1.00, L=1.00, train_i=168600, total_steps=4215000
2025-12-17 22:26:37,054: it=168600, lxP=0.01, lxG=0.06, lxGt=22.06, lp=0.02, lg=2.16, aP=100.00, aGinf=91.50, aGt=65.25
2025-12-17 22:27:04,379: MaxHebb=0.22447, T=1.00, F=1.00, L=1.00, train_i=168700, total_steps=4217500
2025-12-17 22:27:04,379: it=168700, lxP=0.00, lxG=0.11, lxGt=22.83, lp=0.01, lg=2.17, aP=100.00, aGinf=92.75, aGt=64.75
2025-12-17 22:27:31,721: MaxHebb=0.28238, T=1.00, F=1.00, L=1.00, train_i=168800, total_steps=4220000
2025-12-17 22:27:31,721: it=168800, lxP=0.00, lxG=0.04, lxGt=23.37, lp=0.02, lg=2.20, aP=100.00, aGinf=94.00, aGt=70.25
2025-12-17 22:28:00,529: MaxHebb=0.22301, T=1.00, F=1.00, L=1.00, train_i=168900, total_steps=4222500
2025-12-17 22:28:00,529: it=168900, lxP=0.00, lxG=0.01, lxGt=24.03, lp=0.01, lg=2.20, aP=100.00, aGinf=91.50, aGt=66.50
2025-12-17 22:28:27,905: MaxHebb=0.29166, T=1.00, F=1.00, L=1.00, train_i=169000, total_steps=4225000
2025-12-17 22:28:27,905: it=169000, lxP=0.00, lxG=0.03, lxGt=18.62, lp=0.01, lg=2.17, aP=100.00, aGinf=92.50, aGt=67.75
2025-12-17 22:28:55,294: MaxHebb=0.28460, T=1.00, F=1.00, L=1.00, train_i=169100, total_steps=4227500
2025-12-17 22:28:55,294: it=169100, lxP=0.00, lxG=0.13, lxGt=19.58, lp=0.01, lg=2.18, aP=100.00, aGinf=90.50, aGt=67.25
2025-12-17 22:29:22,611: MaxHebb=0.27895, T=1.00, F=1.00, L=1.00, train_i=169200, total_steps=4230000
2025-12-17 22:29:22,611: it=169200, lxP=0.00, lxG=0.08, lxGt=19.11, lp=0.03, lg=2.16, aP=100.00, aGinf=91.25, aGt=69.25
2025-12-17 22:29:51,454: MaxHebb=0.29096, T=1.00, F=1.00, L=1.00, train_i=169300, total_steps=4232500
2025-12-17 22:29:51,454: it=169300, lxP=0.00, lxG=0.02, lxGt=19.83, lp=0.02, lg=2.15, aP=100.00, aGinf=94.75, aGt=71.25
2025-12-17 22:30:18,728: MaxHebb=0.29682, T=1.00, F=1.00, L=1.00, train_i=169400, total_steps=4235000
2025-12-17 22:30:18,728: it=169400, lxP=0.00, lxG=0.04, lxGt=17.36, lp=0.03, lg=2.18, aP=100.00, aGinf=88.75, aGt=66.25
2025-12-17 22:30:46,141: MaxHebb=0.29845, T=1.00, F=1.00, L=1.00, train_i=169500, total_steps=4237500
2025-12-17 22:30:46,141: it=169500, lxP=0.00, lxG=0.04, lxGt=17.68, lp=0.03, lg=2.18, aP=100.00, aGinf=86.25, aGt=66.25
2025-12-17 22:31:13,480: MaxHebb=0.22530, T=1.00, F=1.00, L=1.00, train_i=169600, total_steps=4240000
2025-12-17 22:31:13,480: it=169600, lxP=0.00, lxG=0.02, lxGt=22.21, lp=0.02, lg=2.19, aP=100.00, aGinf=90.25, aGt=66.25
2025-12-17 22:31:42,229: MaxHebb=0.28739, T=1.00, F=1.00, L=1.00, train_i=169700, total_steps=4242500
2025-12-17 22:31:42,229: it=169700, lxP=0.00, lxG=0.09, lxGt=18.89, lp=0.02, lg=2.21, aP=100.00, aGinf=90.50, aGt=66.75
2025-12-17 22:32:09,593: MaxHebb=0.23535, T=1.00, F=1.00, L=1.00, train_i=169800, total_steps=4245000
2025-12-17 22:32:09,593: it=169800, lxP=0.00, lxG=0.01, lxGt=20.54, lp=0.01, lg=2.19, aP=100.00, aGinf=92.50, aGt=66.50
2025-12-17 22:32:37,064: MaxHebb=0.22720, T=1.00, F=1.00, L=1.00, train_i=169900, total_steps=4247500
2025-12-17 22:32:37,064: it=169900, lxP=0.00, lxG=0.01, lxGt=22.68, lp=0.02, lg=2.16, aP=100.00, aGinf=92.75, aGt=69.25
2025-12-17 22:33:04,436: MaxHebb=0.29539, T=1.00, F=1.00, L=1.00, train_i=170000, total_steps=4250000
2025-12-17 22:33:04,437: it=170000, lxP=0.00, lxG=0.38, lxGt=16.79, lp=0.04, lg=2.20, aP=100.00, aGinf=87.75, aGt=63.50
2025-12-17 22:33:05,943: save data time 0.10, train_i=170000.00, total_steps=4250000.00
2025-12-17 22:33:33,457: MaxHebb=0.30076, T=1.00, F=1.00, L=1.00, train_i=170100, total_steps=4252500
2025-12-17 22:33:33,457: it=170100, lxP=0.00, lxG=0.20, lxGt=22.41, lp=0.01, lg=2.16, aP=100.00, aGinf=93.75, aGt=67.00
2025-12-17 22:34:01,000: MaxHebb=0.29066, T=1.00, F=1.00, L=1.00, train_i=170200, total_steps=4255000
2025-12-17 22:34:01,001: it=170200, lxP=0.00, lxG=0.20, lxGt=18.54, lp=0.03, lg=2.13, aP=100.00, aGinf=87.25, aGt=61.50
2025-12-17 22:34:28,537: MaxHebb=0.28678, T=1.00, F=1.00, L=1.00, train_i=170300, total_steps=4257500
2025-12-17 22:34:28,537: it=170300, lxP=0.00, lxG=0.05, lxGt=20.23, lp=0.01, lg=2.21, aP=100.00, aGinf=90.25, aGt=63.00
2025-12-17 22:34:56,019: MaxHebb=0.22614, T=1.00, F=1.00, L=1.00, train_i=170400, total_steps=4260000
2025-12-17 22:34:56,019: it=170400, lxP=0.06, lxG=0.13, lxGt=21.73, lp=0.01, lg=2.12, aP=100.00, aGinf=91.75, aGt=66.25
2025-12-17 22:35:24,781: MaxHebb=0.27964, T=1.00, F=1.00, L=1.00, train_i=170500, total_steps=4262500
2025-12-17 22:35:24,781: it=170500, lxP=0.00, lxG=0.04, lxGt=19.77, lp=0.02, lg=2.16, aP=100.00, aGinf=90.50, aGt=68.00
2025-12-17 22:35:52,091: MaxHebb=0.28584, T=1.00, F=1.00, L=1.00, train_i=170600, total_steps=4265000
2025-12-17 22:35:52,091: it=170600, lxP=0.00, lxG=0.03, lxGt=21.67, lp=0.03, lg=2.17, aP=100.00, aGinf=91.50, aGt=65.75
2025-12-17 22:36:19,396: MaxHebb=0.28561, T=1.00, F=1.00, L=1.00, train_i=170700, total_steps=4267500
2025-12-17 22:36:19,396: it=170700, lxP=0.00, lxG=0.28, lxGt=24.20, lp=0.02, lg=2.16, aP=100.00, aGinf=91.50, aGt=64.50
2025-12-17 22:36:46,706: MaxHebb=0.30313, T=1.00, F=1.00, L=1.00, train_i=170800, total_steps=4270000
2025-12-17 22:36:46,706: it=170800, lxP=0.00, lxG=0.06, lxGt=22.85, lp=0.02, lg=2.15, aP=100.00, aGinf=88.25, aGt=61.50
2025-12-17 22:37:15,446: MaxHebb=0.29783, T=1.00, F=1.00, L=1.00, train_i=170900, total_steps=4272500
2025-12-17 22:37:15,446: it=170900, lxP=0.00, lxG=0.20, lxGt=19.37, lp=0.05, lg=2.17, aP=100.00, aGinf=90.00, aGt=65.00
2025-12-17 22:37:42,863: MaxHebb=0.29131, T=1.00, F=1.00, L=1.00, train_i=171000, total_steps=4275000
2025-12-17 22:37:42,863: it=171000, lxP=0.00, lxG=0.06, lxGt=19.61, lp=0.02, lg=2.14, aP=100.00, aGinf=91.75, aGt=68.50
2025-12-17 22:38:10,261: MaxHebb=0.30570, T=1.00, F=1.00, L=1.00, train_i=171100, total_steps=4277500
2025-12-17 22:38:10,261: it=171100, lxP=0.00, lxG=0.12, lxGt=23.21, lp=0.01, lg=2.18, aP=100.00, aGinf=92.75, aGt=66.50
2025-12-17 22:38:37,643: MaxHebb=0.30680, T=1.00, F=1.00, L=1.00, train_i=171200, total_steps=4280000
2025-12-17 22:38:37,643: it=171200, lxP=0.00, lxG=0.01, lxGt=21.63, lp=0.03, lg=2.21, aP=100.00, aGinf=88.00, aGt=65.75
2025-12-17 22:39:06,417: MaxHebb=0.29892, T=1.00, F=1.00, L=1.00, train_i=171300, total_steps=4282500
2025-12-17 22:39:06,417: it=171300, lxP=0.00, lxG=0.46, lxGt=21.31, lp=0.02, lg=2.16, aP=100.00, aGinf=88.75, aGt=65.75
2025-12-17 22:39:33,848: MaxHebb=0.29722, T=1.00, F=1.00, L=1.00, train_i=171400, total_steps=4285000
2025-12-17 22:39:33,848: it=171400, lxP=0.00, lxG=0.03, lxGt=19.48, lp=0.04, lg=2.18, aP=100.00, aGinf=87.50, aGt=64.00
2025-12-17 22:40:01,236: MaxHebb=0.30415, T=1.00, F=1.00, L=1.00, train_i=171500, total_steps=4287500
2025-12-17 22:40:01,236: it=171500, lxP=0.00, lxG=0.02, lxGt=17.88, lp=0.03, lg=2.18, aP=100.00, aGinf=88.25, aGt=65.25
2025-12-17 22:40:28,636: MaxHebb=0.28802, T=1.00, F=1.00, L=1.00, train_i=171600, total_steps=4290000
2025-12-17 22:40:28,636: it=171600, lxP=0.00, lxG=0.78, lxGt=20.43, lp=0.02, lg=2.20, aP=100.00, aGinf=91.50, aGt=66.25
2025-12-17 22:40:57,455: MaxHebb=0.28894, T=1.00, F=1.00, L=1.00, train_i=171700, total_steps=4292500
2025-12-17 22:40:57,455: it=171700, lxP=0.00, lxG=0.03, lxGt=19.62, lp=0.02, lg=2.18, aP=100.00, aGinf=90.75, aGt=63.75
2025-12-17 22:41:24,907: MaxHebb=0.29744, T=1.00, F=1.00, L=1.00, train_i=171800, total_steps=4295000
2025-12-17 22:41:24,907: it=171800, lxP=0.00, lxG=0.15, lxGt=23.74, lp=0.01, lg=2.23, aP=100.00, aGinf=88.25, aGt=63.75
2025-12-17 22:41:52,362: MaxHebb=0.29499, T=1.00, F=1.00, L=1.00, train_i=171900, total_steps=4297500
2025-12-17 22:41:52,362: it=171900, lxP=0.00, lxG=0.08, lxGt=19.18, lp=0.04, lg=2.19, aP=100.00, aGinf=84.25, aGt=60.00
2025-12-17 22:42:19,760: MaxHebb=0.29315, T=1.00, F=1.00, L=1.00, train_i=172000, total_steps=4300000
2025-12-17 22:42:19,760: it=172000, lxP=0.03, lxG=0.06, lxGt=24.45, lp=0.01, lg=2.12, aP=100.00, aGinf=95.00, aGt=68.50
2025-12-17 22:42:21,277: save data time 0.12, train_i=172000.00, total_steps=4300000.00
2025-12-17 22:42:48,647: MaxHebb=0.30445, T=1.00, F=1.00, L=1.00, train_i=172100, total_steps=4302500
2025-12-17 22:42:48,647: it=172100, lxP=0.00, lxG=0.01, lxGt=18.95, lp=0.03, lg=2.18, aP=100.00, aGinf=89.25, aGt=65.50
2025-12-17 22:43:16,011: MaxHebb=0.29639, T=1.00, F=1.00, L=1.00, train_i=172200, total_steps=4305000
2025-12-17 22:43:16,011: it=172200, lxP=0.00, lxG=0.42, lxGt=19.64, lp=0.02, lg=2.21, aP=100.00, aGinf=91.00, aGt=68.75
2025-12-17 22:43:43,463: MaxHebb=0.23053, T=1.00, F=1.00, L=1.00, train_i=172300, total_steps=4307500
2025-12-17 22:43:43,463: it=172300, lxP=0.00, lxG=0.01, lxGt=17.79, lp=0.03, lg=2.21, aP=100.00, aGinf=88.50, aGt=64.50
2025-12-17 22:44:10,860: MaxHebb=0.28785, T=1.00, F=1.00, L=1.00, train_i=172400, total_steps=4310000
2025-12-17 22:44:10,860: it=172400, lxP=0.00, lxG=0.08, lxGt=20.96, lp=0.01, lg=2.17, aP=100.00, aGinf=90.25, aGt=66.25
2025-12-17 22:44:39,706: MaxHebb=0.29755, T=1.00, F=1.00, L=1.00, train_i=172500, total_steps=4312500
2025-12-17 22:44:39,706: it=172500, lxP=0.00, lxG=0.01, lxGt=16.74, lp=0.03, lg=2.22, aP=100.00, aGinf=90.25, aGt=68.00
2025-12-17 22:45:07,087: MaxHebb=0.28215, T=1.00, F=1.00, L=1.00, train_i=172600, total_steps=4315000
2025-12-17 22:45:07,087: it=172600, lxP=0.00, lxG=0.06, lxGt=19.49, lp=0.04, lg=2.21, aP=100.00, aGinf=89.25, aGt=64.75
2025-12-17 22:45:34,461: MaxHebb=0.28627, T=1.00, F=1.00, L=1.00, train_i=172700, total_steps=4317500
2025-12-17 22:45:34,462: it=172700, lxP=0.00, lxG=0.11, lxGt=21.44, lp=0.01, lg=2.20, aP=100.00, aGinf=91.00, aGt=66.50
2025-12-17 22:46:01,860: MaxHebb=0.22571, T=1.00, F=1.00, L=1.00, train_i=172800, total_steps=4320000
2025-12-17 22:46:01,860: it=172800, lxP=0.00, lxG=0.41, lxGt=20.19, lp=0.01, lg=2.16, aP=100.00, aGinf=94.75, aGt=71.50
2025-12-17 22:46:30,648: MaxHebb=0.30155, T=1.00, F=1.00, L=1.00, train_i=172900, total_steps=4322500
2025-12-17 22:46:30,648: it=172900, lxP=0.00, lxG=0.02, lxGt=24.27, lp=0.02, lg=2.22, aP=100.00, aGinf=92.50, aGt=68.00
2025-12-17 22:46:58,016: MaxHebb=0.22597, T=1.00, F=1.00, L=1.00, train_i=173000, total_steps=4325000
2025-12-17 22:46:58,016: it=173000, lxP=0.00, lxG=0.36, lxGt=19.35, lp=0.03, lg=2.21, aP=100.00, aGinf=89.25, aGt=64.50
2025-12-17 22:47:25,365: MaxHebb=0.24657, T=1.00, F=1.00, L=1.00, train_i=173100, total_steps=4327500
2025-12-17 22:47:25,365: it=173100, lxP=0.01, lxG=0.02, lxGt=22.26, lp=0.01, lg=2.16, aP=100.00, aGinf=87.25, aGt=61.50
2025-12-17 22:47:52,728: MaxHebb=0.30208, T=1.00, F=1.00, L=1.00, train_i=173200, total_steps=4330000
2025-12-17 22:47:52,728: it=173200, lxP=0.00, lxG=0.04, lxGt=20.58, lp=0.03, lg=2.21, aP=100.00, aGinf=92.50, aGt=71.25
2025-12-17 22:48:21,588: MaxHebb=0.28172, T=1.00, F=1.00, L=1.00, train_i=173300, total_steps=4332500
2025-12-17 22:48:21,589: it=173300, lxP=0.00, lxG=0.03, lxGt=22.84, lp=0.01, lg=2.21, aP=100.00, aGinf=90.25, aGt=66.00
2025-12-17 22:48:49,009: MaxHebb=0.30146, T=1.00, F=1.00, L=1.00, train_i=173400, total_steps=4335000
2025-12-17 22:48:49,009: it=173400, lxP=0.00, lxG=0.48, lxGt=19.05, lp=0.05, lg=2.17, aP=100.00, aGinf=83.25, aGt=59.00
2025-12-17 22:49:16,424: MaxHebb=0.30209, T=1.00, F=1.00, L=1.00, train_i=173500, total_steps=4337500
2025-12-17 22:49:16,424: it=173500, lxP=0.00, lxG=0.09, lxGt=17.95, lp=0.03, lg=2.17, aP=100.00, aGinf=94.50, aGt=73.00
2025-12-17 22:49:43,773: MaxHebb=0.27379, T=1.00, F=1.00, L=1.00, train_i=173600, total_steps=4340000
2025-12-17 22:49:43,773: it=173600, lxP=0.00, lxG=1.07, lxGt=18.51, lp=0.01, lg=2.21, aP=100.00, aGinf=90.75, aGt=71.00
2025-12-17 22:50:12,566: MaxHebb=0.28763, T=1.00, F=1.00, L=1.00, train_i=173700, total_steps=4342500
2025-12-17 22:50:12,566: it=173700, lxP=0.00, lxG=0.01, lxGt=21.71, lp=0.03, lg=2.24, aP=100.00, aGinf=89.75, aGt=67.50
2025-12-17 22:50:39,877: MaxHebb=0.29200, T=1.00, F=1.00, L=1.00, train_i=173800, total_steps=4345000
2025-12-17 22:50:39,877: it=173800, lxP=0.01, lxG=0.04, lxGt=23.34, lp=0.01, lg=2.15, aP=100.00, aGinf=93.25, aGt=65.75
2025-12-17 22:51:07,237: MaxHebb=0.29302, T=1.00, F=1.00, L=1.00, train_i=173900, total_steps=4347500
2025-12-17 22:51:07,237: it=173900, lxP=0.00, lxG=0.04, lxGt=17.38, lp=0.02, lg=2.19, aP=100.00, aGinf=94.75, aGt=72.00
2025-12-17 22:51:34,695: MaxHebb=0.28553, T=1.00, F=1.00, L=1.00, train_i=174000, total_steps=4350000
2025-12-17 22:51:34,695: it=174000, lxP=0.00, lxG=0.06, lxGt=19.48, lp=0.02, lg=2.11, aP=100.00, aGinf=90.00, aGt=70.00
2025-12-17 22:51:36,221: save data time 0.12, train_i=174000.00, total_steps=4350000.00
2025-12-17 22:52:03,619: MaxHebb=0.28650, T=1.00, F=1.00, L=1.00, train_i=174100, total_steps=4352500
2025-12-17 22:52:03,619: it=174100, lxP=0.00, lxG=0.02, lxGt=21.43, lp=0.01, lg=2.19, aP=100.00, aGinf=88.50, aGt=64.50
2025-12-17 22:52:31,032: MaxHebb=0.28273, T=1.00, F=1.00, L=1.00, train_i=174200, total_steps=4355000
2025-12-17 22:52:31,032: it=174200, lxP=0.00, lxG=0.02, lxGt=18.53, lp=0.03, lg=2.17, aP=100.00, aGinf=94.75, aGt=71.50
2025-12-17 22:52:58,323: MaxHebb=0.22561, T=1.00, F=1.00, L=1.00, train_i=174300, total_steps=4357500
2025-12-17 22:52:58,323: it=174300, lxP=0.00, lxG=0.03, lxGt=21.16, lp=0.03, lg=2.18, aP=100.00, aGinf=86.75, aGt=62.00
2025-12-17 22:53:25,682: MaxHebb=0.29872, T=1.00, F=1.00, L=1.00, train_i=174400, total_steps=4360000
2025-12-17 22:53:25,682: it=174400, lxP=0.00, lxG=0.58, lxGt=22.25, lp=0.02, lg=2.21, aP=100.00, aGinf=91.00, aGt=64.75
2025-12-17 22:53:54,501: MaxHebb=0.29323, T=1.00, F=1.00, L=1.00, train_i=174500, total_steps=4362500
2025-12-17 22:53:54,501: it=174500, lxP=0.00, lxG=0.31, lxGt=19.18, lp=0.03, lg=2.18, aP=100.00, aGinf=85.00, aGt=62.00
2025-12-17 22:54:21,802: MaxHebb=0.23191, T=1.00, F=1.00, L=1.00, train_i=174600, total_steps=4365000
2025-12-17 22:54:21,802: it=174600, lxP=0.00, lxG=0.10, lxGt=19.54, lp=0.01, lg=2.22, aP=100.00, aGinf=88.00, aGt=65.00
2025-12-17 22:54:49,171: MaxHebb=0.23493, T=1.00, F=1.00, L=1.00, train_i=174700, total_steps=4367500
2025-12-17 22:54:49,172: it=174700, lxP=0.00, lxG=0.06, lxGt=19.39, lp=0.03, lg=2.17, aP=100.00, aGinf=93.50, aGt=71.00
2025-12-17 22:55:16,582: MaxHebb=0.25046, T=1.00, F=1.00, L=1.00, train_i=174800, total_steps=4370000
2025-12-17 22:55:16,582: it=174800, lxP=0.00, lxG=0.79, lxGt=19.96, lp=0.03, lg=2.16, aP=100.00, aGinf=90.75, aGt=68.75
2025-12-17 22:55:45,382: MaxHebb=0.22501, T=1.00, F=1.00, L=1.00, train_i=174900, total_steps=4372500
2025-12-17 22:55:45,382: it=174900, lxP=0.00, lxG=0.09, lxGt=20.89, lp=0.03, lg=2.17, aP=100.00, aGinf=91.25, aGt=66.00
2025-12-17 22:56:12,738: MaxHebb=0.29519, T=1.00, F=1.00, L=1.00, train_i=175000, total_steps=4375000
2025-12-17 22:56:12,738: it=175000, lxP=0.00, lxG=0.07, lxGt=21.79, lp=0.02, lg=2.21, aP=100.00, aGinf=91.75, aGt=70.50
2025-12-17 22:56:40,116: MaxHebb=0.29698, T=1.00, F=1.00, L=1.00, train_i=175100, total_steps=4377500
2025-12-17 22:56:40,116: it=175100, lxP=0.00, lxG=0.07, lxGt=18.95, lp=0.01, lg=2.16, aP=100.00, aGinf=95.00, aGt=72.00
2025-12-17 22:57:07,616: MaxHebb=0.29102, T=1.00, F=1.00, L=1.00, train_i=175200, total_steps=4380000
2025-12-17 22:57:07,616: it=175200, lxP=0.00, lxG=0.08, lxGt=21.45, lp=0.02, lg=2.16, aP=100.00, aGinf=93.25, aGt=68.50
2025-12-17 22:57:36,402: MaxHebb=0.30466, T=1.00, F=1.00, L=1.00, train_i=175300, total_steps=4382500
2025-12-17 22:57:36,402: it=175300, lxP=0.01, lxG=0.05, lxGt=18.15, lp=0.03, lg=2.12, aP=100.00, aGinf=90.00, aGt=66.50
2025-12-17 22:58:03,865: MaxHebb=0.29452, T=1.00, F=1.00, L=1.00, train_i=175400, total_steps=4385000
2025-12-17 22:58:03,865: it=175400, lxP=0.01, lxG=0.10, lxGt=22.83, lp=0.01, lg=2.13, aP=100.00, aGinf=92.75, aGt=69.00
2025-12-17 22:58:31,332: MaxHebb=0.28504, T=1.00, F=1.00, L=1.00, train_i=175500, total_steps=4387500
2025-12-17 22:58:31,332: it=175500, lxP=0.01, lxG=0.10, lxGt=24.90, lp=0.01, lg=2.11, aP=100.00, aGinf=95.50, aGt=68.75
2025-12-17 22:58:58,741: MaxHebb=0.30134, T=1.00, F=1.00, L=1.00, train_i=175600, total_steps=4390000
2025-12-17 22:58:58,741: it=175600, lxP=0.00, lxG=0.08, lxGt=22.57, lp=0.02, lg=2.17, aP=100.00, aGinf=91.50, aGt=69.25
2025-12-17 22:59:27,550: MaxHebb=0.29290, T=1.00, F=1.00, L=1.00, train_i=175700, total_steps=4392500
2025-12-17 22:59:27,550: it=175700, lxP=0.00, lxG=0.01, lxGt=22.02, lp=0.01, lg=2.17, aP=100.00, aGinf=93.50, aGt=72.25
2025-12-17 22:59:54,885: MaxHebb=0.26507, T=1.00, F=1.00, L=1.00, train_i=175800, total_steps=4395000
2025-12-17 22:59:54,885: it=175800, lxP=0.00, lxG=0.27, lxGt=22.72, lp=0.05, lg=2.17, aP=100.00, aGinf=89.00, aGt=65.25
2025-12-17 23:00:22,163: MaxHebb=0.31251, T=1.00, F=1.00, L=1.00, train_i=175900, total_steps=4397500
2025-12-17 23:00:22,163: it=175900, lxP=0.00, lxG=0.06, lxGt=19.40, lp=0.02, lg=2.17, aP=100.00, aGinf=91.00, aGt=68.25
2025-12-17 23:00:49,539: MaxHebb=0.30863, T=1.00, F=1.00, L=1.00, train_i=176000, total_steps=4400000
2025-12-17 23:00:49,539: it=176000, lxP=0.00, lxG=0.01, lxGt=18.15, lp=0.02, lg=2.14, aP=100.00, aGinf=92.50, aGt=69.50
2025-12-17 23:00:51,077: save data time 0.13, train_i=176000.00, total_steps=4400000.00
2025-12-17 23:01:18,556: MaxHebb=0.30898, T=1.00, F=1.00, L=1.00, train_i=176100, total_steps=4402500
2025-12-17 23:01:18,556: it=176100, lxP=0.00, lxG=0.09, lxGt=18.95, lp=0.03, lg=2.21, aP=100.00, aGinf=87.50, aGt=62.50
2025-12-17 23:01:45,851: MaxHebb=0.30276, T=1.00, F=1.00, L=1.00, train_i=176200, total_steps=4405000
2025-12-17 23:01:45,851: it=176200, lxP=0.00, lxG=0.02, lxGt=22.84, lp=0.02, lg=2.15, aP=100.00, aGinf=90.00, aGt=66.25
2025-12-17 23:02:13,184: MaxHebb=0.30691, T=1.00, F=1.00, L=1.00, train_i=176300, total_steps=4407500
2025-12-17 23:02:13,185: it=176300, lxP=0.00, lxG=1.02, lxGt=17.26, lp=0.01, lg=2.13, aP=100.00, aGinf=92.75, aGt=71.00
2025-12-17 23:02:40,544: MaxHebb=0.30899, T=1.00, F=1.00, L=1.00, train_i=176400, total_steps=4410000
2025-12-17 23:02:40,544: it=176400, lxP=0.00, lxG=0.04, lxGt=21.57, lp=0.01, lg=2.18, aP=100.00, aGinf=95.00, aGt=66.50
2025-12-17 23:03:09,329: MaxHebb=0.30561, T=1.00, F=1.00, L=1.00, train_i=176500, total_steps=4412500
2025-12-17 23:03:09,329: it=176500, lxP=0.00, lxG=0.02, lxGt=21.50, lp=0.02, lg=2.16, aP=100.00, aGinf=89.50, aGt=65.25
2025-12-17 23:03:36,747: MaxHebb=0.30690, T=1.00, F=1.00, L=1.00, train_i=176600, total_steps=4415000
2025-12-17 23:03:36,747: it=176600, lxP=0.00, lxG=0.03, lxGt=18.52, lp=0.03, lg=2.14, aP=100.00, aGinf=88.50, aGt=65.25
2025-12-17 23:04:04,081: MaxHebb=0.31646, T=1.00, F=1.00, L=1.00, train_i=176700, total_steps=4417500
2025-12-17 23:04:04,081: it=176700, lxP=0.00, lxG=0.02, lxGt=18.78, lp=0.01, lg=2.15, aP=100.00, aGinf=93.50, aGt=69.75
2025-12-17 23:04:31,482: MaxHebb=0.30932, T=1.00, F=1.00, L=1.00, train_i=176800, total_steps=4420000
2025-12-17 23:04:31,482: it=176800, lxP=0.00, lxG=0.40, lxGt=20.51, lp=0.01, lg=2.12, aP=100.00, aGinf=90.00, aGt=65.00
2025-12-17 23:05:00,321: MaxHebb=0.29864, T=1.00, F=1.00, L=1.00, train_i=176900, total_steps=4422500
2025-12-17 23:05:00,322: it=176900, lxP=0.00, lxG=0.07, lxGt=20.58, lp=0.05, lg=2.13, aP=100.00, aGinf=86.00, aGt=62.75
2025-12-17 23:05:27,738: MaxHebb=0.29367, T=1.00, F=1.00, L=1.00, train_i=177000, total_steps=4425000
2025-12-17 23:05:27,738: it=177000, lxP=0.00, lxG=0.06, lxGt=18.98, lp=0.02, lg=2.15, aP=100.00, aGinf=92.75, aGt=69.50
2025-12-17 23:05:55,182: MaxHebb=0.29181, T=1.00, F=1.00, L=1.00, train_i=177100, total_steps=4427500
2025-12-17 23:05:55,182: it=177100, lxP=0.00, lxG=0.01, lxGt=22.06, lp=0.03, lg=2.21, aP=100.00, aGinf=90.75, aGt=64.50
2025-12-17 23:06:22,512: MaxHebb=0.30883, T=1.00, F=1.00, L=1.00, train_i=177200, total_steps=4430000
2025-12-17 23:06:22,512: it=177200, lxP=0.00, lxG=0.25, lxGt=21.97, lp=0.02, lg=2.18, aP=100.00, aGinf=93.00, aGt=66.50
2025-12-17 23:06:51,282: MaxHebb=0.29522, T=1.00, F=1.00, L=1.00, train_i=177300, total_steps=4432500
2025-12-17 23:06:51,282: it=177300, lxP=0.00, lxG=0.04, lxGt=20.99, lp=0.01, lg=2.19, aP=100.00, aGinf=94.50, aGt=68.00
2025-12-17 23:07:18,704: MaxHebb=0.24871, T=1.00, F=1.00, L=1.00, train_i=177400, total_steps=4435000
2025-12-17 23:07:18,704: it=177400, lxP=0.00, lxG=0.03, lxGt=20.53, lp=0.02, lg=2.16, aP=100.00, aGinf=90.25, aGt=66.75
2025-12-17 23:07:46,119: MaxHebb=0.30693, T=1.00, F=1.00, L=1.00, train_i=177500, total_steps=4437500
2025-12-17 23:07:46,119: it=177500, lxP=0.00, lxG=0.50, lxGt=17.86, lp=0.01, lg=2.18, aP=100.00, aGinf=95.00, aGt=69.75
2025-12-17 23:08:13,458: MaxHebb=0.26116, T=1.00, F=1.00, L=1.00, train_i=177600, total_steps=4440000
2025-12-17 23:08:13,458: it=177600, lxP=0.00, lxG=0.02, lxGt=21.07, lp=0.02, lg=2.16, aP=100.00, aGinf=88.00, aGt=64.00
2025-12-17 23:08:42,167: MaxHebb=0.29958, T=1.00, F=1.00, L=1.00, train_i=177700, total_steps=4442500
2025-12-17 23:08:42,167: it=177700, lxP=0.00, lxG=0.18, lxGt=16.92, lp=0.04, lg=2.14, aP=100.00, aGinf=91.25, aGt=68.25
2025-12-17 23:09:09,468: MaxHebb=0.24960, T=1.00, F=1.00, L=1.00, train_i=177800, total_steps=4445000
2025-12-17 23:09:09,468: it=177800, lxP=0.00, lxG=0.36, lxGt=22.53, lp=0.02, lg=2.17, aP=100.00, aGinf=90.25, aGt=65.75
2025-12-17 23:09:36,811: MaxHebb=0.29456, T=1.00, F=1.00, L=1.00, train_i=177900, total_steps=4447500
2025-12-17 23:09:36,811: it=177900, lxP=0.00, lxG=0.03, lxGt=22.30, lp=0.01, lg=2.16, aP=100.00, aGinf=95.00, aGt=67.75
2025-12-17 23:10:04,266: MaxHebb=0.22650, T=1.00, F=1.00, L=1.00, train_i=178000, total_steps=4450000
2025-12-17 23:10:04,266: it=178000, lxP=0.00, lxG=0.29, lxGt=22.05, lp=0.02, lg=2.23, aP=100.00, aGinf=93.25, aGt=66.50
2025-12-17 23:10:05,790: save data time 0.10, train_i=178000.00, total_steps=4450000.00
2025-12-17 23:10:33,153: MaxHebb=0.29613, T=1.00, F=1.00, L=1.00, train_i=178100, total_steps=4452500
2025-12-17 23:10:33,153: it=178100, lxP=0.00, lxG=0.31, lxGt=18.24, lp=0.02, lg=2.18, aP=100.00, aGinf=89.25, aGt=65.00
2025-12-17 23:11:00,425: MaxHebb=0.28867, T=1.00, F=1.00, L=1.00, train_i=178200, total_steps=4455000
2025-12-17 23:11:00,425: it=178200, lxP=0.00, lxG=0.08, lxGt=24.17, lp=0.01, lg=2.17, aP=100.00, aGinf=96.50, aGt=70.75
2025-12-17 23:11:27,745: MaxHebb=0.29459, T=1.00, F=1.00, L=1.00, train_i=178300, total_steps=4457500
2025-12-17 23:11:27,745: it=178300, lxP=0.00, lxG=0.02, lxGt=20.64, lp=0.01, lg=2.15, aP=100.00, aGinf=92.25, aGt=69.25
2025-12-17 23:11:55,120: MaxHebb=0.28686, T=1.00, F=1.00, L=1.00, train_i=178400, total_steps=4460000
2025-12-17 23:11:55,120: it=178400, lxP=0.00, lxG=0.16, lxGt=22.20, lp=0.03, lg=2.16, aP=100.00, aGinf=92.00, aGt=69.00
2025-12-17 23:12:23,980: MaxHebb=0.28529, T=1.00, F=1.00, L=1.00, train_i=178500, total_steps=4462500
2025-12-17 23:12:23,980: it=178500, lxP=0.00, lxG=0.13, lxGt=21.23, lp=0.02, lg=2.18, aP=100.00, aGinf=93.25, aGt=68.00
2025-12-17 23:12:51,515: MaxHebb=0.28827, T=1.00, F=1.00, L=1.00, train_i=178600, total_steps=4465000
2025-12-17 23:12:51,515: it=178600, lxP=0.00, lxG=2.28, lxGt=23.10, lp=0.04, lg=2.30, aP=100.00, aGinf=84.50, aGt=60.50
2025-12-17 23:13:18,973: MaxHebb=0.25208, T=1.00, F=1.00, L=1.00, train_i=178700, total_steps=4467500
2025-12-17 23:13:18,973: it=178700, lxP=0.00, lxG=0.04, lxGt=21.95, lp=0.01, lg=2.17, aP=100.00, aGinf=90.00, aGt=67.25
2025-12-17 23:13:46,396: MaxHebb=0.30527, T=1.00, F=1.00, L=1.00, train_i=178800, total_steps=4470000
2025-12-17 23:13:46,396: it=178800, lxP=0.00, lxG=0.17, lxGt=15.55, lp=0.02, lg=2.13, aP=100.00, aGinf=92.50, aGt=72.75
2025-12-17 23:14:15,149: MaxHebb=0.30461, T=1.00, F=1.00, L=1.00, train_i=178900, total_steps=4472500
2025-12-17 23:14:15,149: it=178900, lxP=0.00, lxG=0.01, lxGt=21.13, lp=0.01, lg=2.19, aP=100.00, aGinf=93.25, aGt=70.50
2025-12-17 23:14:42,482: MaxHebb=0.31413, T=1.00, F=1.00, L=1.00, train_i=179000, total_steps=4475000
2025-12-17 23:14:42,482: it=179000, lxP=0.00, lxG=0.04, lxGt=22.44, lp=0.02, lg=2.22, aP=100.00, aGinf=90.50, aGt=66.50
2025-12-17 23:15:09,828: MaxHebb=0.30703, T=1.00, F=1.00, L=1.00, train_i=179100, total_steps=4477500
2025-12-17 23:15:09,828: it=179100, lxP=0.00, lxG=0.03, lxGt=22.05, lp=0.04, lg=2.19, aP=100.00, aGinf=90.25, aGt=65.00
2025-12-17 23:15:37,231: MaxHebb=0.31339, T=1.00, F=1.00, L=1.00, train_i=179200, total_steps=4480000
2025-12-17 23:15:37,232: it=179200, lxP=0.00, lxG=0.14, lxGt=21.37, lp=0.02, lg=2.17, aP=100.00, aGinf=91.75, aGt=64.25
2025-12-17 23:16:06,036: MaxHebb=0.24118, T=1.00, F=1.00, L=1.00, train_i=179300, total_steps=4482500
2025-12-17 23:16:06,036: it=179300, lxP=0.00, lxG=0.10, lxGt=21.79, lp=0.02, lg=2.14, aP=100.00, aGinf=92.50, aGt=65.50
2025-12-17 23:16:33,483: MaxHebb=0.30268, T=1.00, F=1.00, L=1.00, train_i=179400, total_steps=4485000
2025-12-17 23:16:33,483: it=179400, lxP=0.00, lxG=0.10, lxGt=21.68, lp=0.01, lg=2.16, aP=100.00, aGinf=90.25, aGt=67.50
2025-12-17 23:17:00,980: MaxHebb=0.30336, T=1.00, F=1.00, L=1.00, train_i=179500, total_steps=4487500
2025-12-17 23:17:00,980: it=179500, lxP=0.00, lxG=0.09, lxGt=22.49, lp=0.04, lg=2.15, aP=100.00, aGinf=90.00, aGt=66.00
2025-12-17 23:17:28,335: MaxHebb=0.30200, T=1.00, F=1.00, L=1.00, train_i=179600, total_steps=4490000
2025-12-17 23:17:28,335: it=179600, lxP=0.00, lxG=0.02, lxGt=20.62, lp=0.02, lg=2.17, aP=100.00, aGinf=94.25, aGt=68.50
2025-12-17 23:17:57,094: MaxHebb=0.31233, T=1.00, F=1.00, L=1.00, train_i=179700, total_steps=4492500
2025-12-17 23:17:57,094: it=179700, lxP=0.00, lxG=0.01, lxGt=24.24, lp=0.01, lg=2.17, aP=100.00, aGinf=93.50, aGt=66.50
2025-12-17 23:18:24,546: MaxHebb=0.30567, T=1.00, F=1.00, L=1.00, train_i=179800, total_steps=4495000
2025-12-17 23:18:24,546: it=179800, lxP=0.00, lxG=0.30, lxGt=24.98, lp=0.01, lg=2.14, aP=100.00, aGinf=92.25, aGt=66.75
2025-12-17 23:18:52,072: MaxHebb=0.30146, T=1.00, F=1.00, L=1.00, train_i=179900, total_steps=4497500
2025-12-17 23:18:52,073: it=179900, lxP=0.00, lxG=0.01, lxGt=21.84, lp=0.02, lg=2.15, aP=100.00, aGinf=90.00, aGt=63.25
2025-12-17 23:19:19,502: MaxHebb=0.31410, T=1.00, F=1.00, L=1.00, train_i=180000, total_steps=4500000
2025-12-17 23:19:19,502: it=180000, lxP=0.00, lxG=0.08, lxGt=22.19, lp=0.01, lg=2.17, aP=100.00, aGinf=93.50, aGt=68.75
2025-12-17 23:19:20,992: save data time 0.10, train_i=180000.00, total_steps=4500000.00
2025-12-17 23:19:48,357: MaxHebb=0.25369, T=1.00, F=1.00, L=1.00, train_i=180100, total_steps=4502500
2025-12-17 23:19:48,357: it=180100, lxP=0.00, lxG=0.02, lxGt=22.76, lp=0.03, lg=2.14, aP=100.00, aGinf=89.50, aGt=64.25
2025-12-17 23:20:15,754: MaxHebb=0.30702, T=1.00, F=1.00, L=1.00, train_i=180200, total_steps=4505000
2025-12-17 23:20:15,754: it=180200, lxP=0.00, lxG=0.22, lxGt=21.76, lp=0.01, lg=2.16, aP=100.00, aGinf=95.25, aGt=70.00
2025-12-17 23:20:43,185: MaxHebb=0.31166, T=1.00, F=1.00, L=1.00, train_i=180300, total_steps=4507500
2025-12-17 23:20:43,185: it=180300, lxP=0.00, lxG=0.08, lxGt=19.77, lp=0.02, lg=2.17, aP=100.00, aGinf=92.25, aGt=67.25
2025-12-17 23:21:10,609: MaxHebb=0.29828, T=1.00, F=1.00, L=1.00, train_i=180400, total_steps=4510000
2025-12-17 23:21:10,610: it=180400, lxP=0.00, lxG=0.17, lxGt=20.51, lp=0.03, lg=2.16, aP=100.00, aGinf=91.00, aGt=68.50
2025-12-17 23:21:39,451: MaxHebb=0.29493, T=1.00, F=1.00, L=1.00, train_i=180500, total_steps=4512500
2025-12-17 23:21:39,451: it=180500, lxP=0.00, lxG=0.05, lxGt=21.36, lp=0.02, lg=2.16, aP=100.00, aGinf=92.75, aGt=67.25
2025-12-17 23:22:06,875: MaxHebb=0.29237, T=1.00, F=1.00, L=1.00, train_i=180600, total_steps=4515000
2025-12-17 23:22:06,875: it=180600, lxP=0.00, lxG=0.03, lxGt=19.85, lp=0.05, lg=2.19, aP=100.00, aGinf=87.50, aGt=63.50
2025-12-17 23:22:34,267: MaxHebb=0.30578, T=1.00, F=1.00, L=1.00, train_i=180700, total_steps=4517500
2025-12-17 23:22:34,268: it=180700, lxP=0.00, lxG=0.07, lxGt=20.79, lp=0.02, lg=2.17, aP=100.00, aGinf=88.00, aGt=63.25
2025-12-17 23:23:01,626: MaxHebb=0.23381, T=1.00, F=1.00, L=1.00, train_i=180800, total_steps=4520000
2025-12-17 23:23:01,626: it=180800, lxP=0.00, lxG=0.04, lxGt=23.72, lp=0.02, lg=2.16, aP=100.00, aGinf=89.00, aGt=63.75
2025-12-17 23:23:30,613: MaxHebb=0.26073, T=1.00, F=1.00, L=1.00, train_i=180900, total_steps=4522500
2025-12-17 23:23:30,613: it=180900, lxP=0.00, lxG=0.08, lxGt=20.16, lp=0.03, lg=2.15, aP=100.00, aGinf=91.50, aGt=68.50
2025-12-17 23:23:58,019: MaxHebb=0.30526, T=1.00, F=1.00, L=1.00, train_i=181000, total_steps=4525000
2025-12-17 23:23:58,019: it=181000, lxP=0.00, lxG=0.18, lxGt=23.59, lp=0.01, lg=2.13, aP=100.00, aGinf=95.25, aGt=68.75
2025-12-17 23:24:25,457: MaxHebb=0.31478, T=1.00, F=1.00, L=1.00, train_i=181100, total_steps=4527500
2025-12-17 23:24:25,457: it=181100, lxP=0.00, lxG=0.02, lxGt=17.75, lp=0.01, lg=2.13, aP=100.00, aGinf=95.75, aGt=71.25
2025-12-17 23:24:52,878: MaxHebb=0.30403, T=1.00, F=1.00, L=1.00, train_i=181200, total_steps=4530000
2025-12-17 23:24:52,878: it=181200, lxP=0.00, lxG=0.06, lxGt=18.57, lp=0.02, lg=2.19, aP=100.00, aGinf=89.75, aGt=66.25
2025-12-17 23:25:21,596: MaxHebb=0.31628, T=1.00, F=1.00, L=1.00, train_i=181300, total_steps=4532500
2025-12-17 23:25:21,596: it=181300, lxP=0.00, lxG=0.11, lxGt=21.13, lp=0.02, lg=2.18, aP=100.00, aGinf=91.50, aGt=65.75
2025-12-17 23:25:49,001: MaxHebb=0.31561, T=1.00, F=1.00, L=1.00, train_i=181400, total_steps=4535000
2025-12-17 23:25:49,001: it=181400, lxP=0.00, lxG=0.10, lxGt=15.69, lp=0.04, lg=2.09, aP=100.00, aGinf=90.00, aGt=65.25
2025-12-17 23:26:16,430: MaxHebb=0.30868, T=1.00, F=1.00, L=1.00, train_i=181500, total_steps=4537500
2025-12-17 23:26:16,430: it=181500, lxP=0.01, lxG=0.46, lxGt=20.57, lp=0.02, lg=2.13, aP=100.00, aGinf=87.50, aGt=63.00
2025-12-17 23:26:43,890: MaxHebb=0.31433, T=1.00, F=1.00, L=1.00, train_i=181600, total_steps=4540000
2025-12-17 23:26:43,890: it=181600, lxP=0.00, lxG=0.09, lxGt=15.82, lp=0.04, lg=2.16, aP=100.00, aGinf=86.50, aGt=68.75
2025-12-17 23:27:12,743: MaxHebb=0.31080, T=1.00, F=1.00, L=1.00, train_i=181700, total_steps=4542500
2025-12-17 23:27:12,743: it=181700, lxP=0.00, lxG=0.07, lxGt=21.74, lp=0.01, lg=2.14, aP=100.00, aGinf=92.00, aGt=64.75
2025-12-17 23:27:40,180: MaxHebb=0.31080, T=1.00, F=1.00, L=1.00, train_i=181800, total_steps=4545000
2025-12-17 23:27:40,180: it=181800, lxP=0.00, lxG=0.02, lxGt=20.02, lp=0.04, lg=2.14, aP=100.00, aGinf=87.25, aGt=64.00
2025-12-17 23:28:07,551: MaxHebb=0.31553, T=1.00, F=1.00, L=1.00, train_i=181900, total_steps=4547500
2025-12-17 23:28:07,551: it=181900, lxP=0.00, lxG=0.01, lxGt=20.10, lp=0.04, lg=2.19, aP=100.00, aGinf=88.25, aGt=63.50
2025-12-17 23:28:34,973: MaxHebb=0.30787, T=1.00, F=1.00, L=1.00, train_i=182000, total_steps=4550000
2025-12-17 23:28:34,973: it=182000, lxP=0.01, lxG=0.15, lxGt=18.21, lp=0.03, lg=2.09, aP=100.00, aGinf=87.50, aGt=64.75
2025-12-17 23:28:36,550: save data time 0.15, train_i=182000.00, total_steps=4550000.00
2025-12-17 23:29:04,024: MaxHebb=0.31589, T=1.00, F=1.00, L=1.00, train_i=182100, total_steps=4552500
2025-12-17 23:29:04,024: it=182100, lxP=0.00, lxG=0.00, lxGt=20.95, lp=0.03, lg=2.22, aP=100.00, aGinf=84.50, aGt=61.25
2025-12-17 23:29:31,442: MaxHebb=0.30843, T=1.00, F=1.00, L=1.00, train_i=182200, total_steps=4555000
2025-12-17 23:29:31,442: it=182200, lxP=0.00, lxG=0.41, lxGt=18.89, lp=0.01, lg=2.17, aP=100.00, aGinf=89.75, aGt=68.25
2025-12-17 23:29:58,799: MaxHebb=0.31738, T=1.00, F=1.00, L=1.00, train_i=182300, total_steps=4557500
2025-12-17 23:29:58,800: it=182300, lxP=0.00, lxG=0.06, lxGt=21.09, lp=0.03, lg=2.20, aP=100.00, aGinf=93.75, aGt=68.00
2025-12-17 23:30:26,279: MaxHebb=0.30389, T=1.00, F=1.00, L=1.00, train_i=182400, total_steps=4560000
2025-12-17 23:30:26,279: it=182400, lxP=0.00, lxG=0.02, lxGt=20.20, lp=0.04, lg=2.20, aP=100.00, aGinf=89.25, aGt=66.25
2025-12-17 23:30:55,165: MaxHebb=0.30387, T=1.00, F=1.00, L=1.00, train_i=182500, total_steps=4562500
2025-12-17 23:30:55,165: it=182500, lxP=0.00, lxG=0.02, lxGt=20.88, lp=0.02, lg=2.15, aP=100.00, aGinf=93.00, aGt=67.50
2025-12-17 23:31:22,578: MaxHebb=0.30756, T=1.00, F=1.00, L=1.00, train_i=182600, total_steps=4565000
2025-12-17 23:31:22,578: it=182600, lxP=0.00, lxG=0.05, lxGt=20.93, lp=0.03, lg=2.15, aP=100.00, aGinf=91.50, aGt=66.25
2025-12-17 23:31:50,075: MaxHebb=0.30603, T=1.00, F=1.00, L=1.00, train_i=182700, total_steps=4567500
2025-12-17 23:31:50,075: it=182700, lxP=0.00, lxG=0.05, lxGt=19.86, lp=0.02, lg=2.15, aP=100.00, aGinf=88.50, aGt=64.25
2025-12-17 23:32:17,437: MaxHebb=0.27561, T=1.00, F=1.00, L=1.00, train_i=182800, total_steps=4570000
2025-12-17 23:32:17,437: it=182800, lxP=0.00, lxG=0.06, lxGt=19.63, lp=0.01, lg=2.11, aP=100.00, aGinf=88.75, aGt=64.00
2025-12-17 23:32:46,274: MaxHebb=0.31443, T=1.00, F=1.00, L=1.00, train_i=182900, total_steps=4572500
2025-12-17 23:32:46,274: it=182900, lxP=0.00, lxG=0.06, lxGt=25.98, lp=0.01, lg=2.11, aP=100.00, aGinf=87.75, aGt=61.50
2025-12-17 23:33:13,696: MaxHebb=0.32178, T=1.00, F=1.00, L=1.00, train_i=183000, total_steps=4575000
2025-12-17 23:33:13,696: it=183000, lxP=0.01, lxG=0.06, lxGt=19.38, lp=0.03, lg=2.09, aP=100.00, aGinf=89.25, aGt=67.50
2025-12-17 23:33:41,067: MaxHebb=0.32064, T=1.00, F=1.00, L=1.00, train_i=183100, total_steps=4577500
2025-12-17 23:33:41,067: it=183100, lxP=0.02, lxG=0.30, lxGt=24.73, lp=0.01, lg=2.09, aP=100.00, aGinf=95.00, aGt=68.25
2025-12-17 23:34:08,609: MaxHebb=0.31177, T=1.00, F=1.00, L=1.00, train_i=183200, total_steps=4580000
2025-12-17 23:34:08,609: it=183200, lxP=0.00, lxG=0.05, lxGt=19.51, lp=0.03, lg=2.11, aP=100.00, aGinf=93.75, aGt=67.75
2025-12-17 23:34:37,433: MaxHebb=0.31777, T=1.00, F=1.00, L=1.00, train_i=183300, total_steps=4582500
2025-12-17 23:34:37,433: it=183300, lxP=0.00, lxG=0.02, lxGt=19.60, lp=0.01, lg=2.13, aP=100.00, aGinf=94.25, aGt=71.00
2025-12-17 23:35:04,991: MaxHebb=0.31423, T=1.00, F=1.00, L=1.00, train_i=183400, total_steps=4585000
2025-12-17 23:35:04,991: it=183400, lxP=0.00, lxG=0.05, lxGt=27.20, lp=0.01, lg=2.09, aP=100.00, aGinf=93.25, aGt=67.00
2025-12-17 23:35:32,418: MaxHebb=0.31009, T=1.00, F=1.00, L=1.00, train_i=183500, total_steps=4587500
2025-12-17 23:35:32,418: it=183500, lxP=0.00, lxG=0.02, lxGt=20.43, lp=0.01, lg=2.13, aP=100.00, aGinf=90.00, aGt=63.25
2025-12-17 23:35:59,852: MaxHebb=0.30976, T=1.00, F=1.00, L=1.00, train_i=183600, total_steps=4590000
2025-12-17 23:35:59,852: it=183600, lxP=0.00, lxG=0.29, lxGt=20.76, lp=0.02, lg=2.11, aP=100.00, aGinf=91.75, aGt=67.00
2025-12-17 23:36:28,725: MaxHebb=0.32086, T=1.00, F=1.00, L=1.00, train_i=183700, total_steps=4592500
2025-12-17 23:36:28,726: it=183700, lxP=0.00, lxG=0.04, lxGt=18.85, lp=0.03, lg=2.10, aP=100.00, aGinf=91.75, aGt=69.50
2025-12-17 23:36:56,198: MaxHebb=0.32105, T=1.00, F=1.00, L=1.00, train_i=183800, total_steps=4595000
2025-12-17 23:36:56,198: it=183800, lxP=0.00, lxG=0.02, lxGt=20.95, lp=0.02, lg=2.08, aP=100.00, aGinf=89.25, aGt=64.25
2025-12-17 23:37:23,611: MaxHebb=0.30938, T=1.00, F=1.00, L=1.00, train_i=183900, total_steps=4597500
2025-12-17 23:37:23,611: it=183900, lxP=0.00, lxG=0.01, lxGt=21.45, lp=0.01, lg=2.14, aP=100.00, aGinf=90.50, aGt=66.50
2025-12-17 23:37:51,011: MaxHebb=0.31877, T=1.00, F=1.00, L=1.00, train_i=184000, total_steps=4600000
2025-12-17 23:37:51,011: it=184000, lxP=0.00, lxG=0.01, lxGt=19.21, lp=0.05, lg=2.19, aP=100.00, aGinf=86.75, aGt=62.75
2025-12-17 23:37:52,529: save data time 0.11, train_i=184000.00, total_steps=4600000.00
2025-12-17 23:38:19,987: MaxHebb=0.31501, T=1.00, F=1.00, L=1.00, train_i=184100, total_steps=4602500
2025-12-17 23:38:19,987: it=184100, lxP=0.00, lxG=0.11, lxGt=19.81, lp=0.03, lg=2.14, aP=100.00, aGinf=90.75, aGt=67.75
2025-12-17 23:38:47,363: MaxHebb=0.31408, T=1.00, F=1.00, L=1.00, train_i=184200, total_steps=4605000
2025-12-17 23:38:47,363: it=184200, lxP=0.00, lxG=0.10, lxGt=21.81, lp=0.01, lg=2.08, aP=100.00, aGinf=90.00, aGt=62.50
2025-12-17 23:39:14,887: MaxHebb=0.32397, T=1.00, F=1.00, L=1.00, train_i=184300, total_steps=4607500
2025-12-17 23:39:14,887: it=184300, lxP=0.00, lxG=0.09, lxGt=23.10, lp=0.01, lg=2.16, aP=100.00, aGinf=96.00, aGt=69.00
2025-12-17 23:39:42,367: MaxHebb=0.32225, T=1.00, F=1.00, L=1.00, train_i=184400, total_steps=4610000
2025-12-17 23:39:42,368: it=184400, lxP=0.00, lxG=0.16, lxGt=23.26, lp=0.01, lg=2.14, aP=100.00, aGinf=94.50, aGt=69.25
2025-12-17 23:40:11,200: MaxHebb=0.31367, T=1.00, F=1.00, L=1.00, train_i=184500, total_steps=4612500
2025-12-17 23:40:11,200: it=184500, lxP=0.00, lxG=0.07, lxGt=22.02, lp=0.01, lg=2.12, aP=100.00, aGinf=91.50, aGt=67.00
2025-12-17 23:40:38,690: MaxHebb=0.30084, T=1.00, F=1.00, L=1.00, train_i=184600, total_steps=4615000
2025-12-17 23:40:38,690: it=184600, lxP=0.00, lxG=0.02, lxGt=19.77, lp=0.02, lg=2.09, aP=100.00, aGinf=94.50, aGt=69.75
2025-12-17 23:41:06,154: MaxHebb=0.30720, T=1.00, F=1.00, L=1.00, train_i=184700, total_steps=4617500
2025-12-17 23:41:06,154: it=184700, lxP=0.00, lxG=0.04, lxGt=21.63, lp=0.02, lg=2.11, aP=100.00, aGinf=90.00, aGt=63.25
2025-12-17 23:41:33,638: MaxHebb=0.32398, T=1.00, F=1.00, L=1.00, train_i=184800, total_steps=4620000
2025-12-17 23:41:33,638: it=184800, lxP=0.00, lxG=0.06, lxGt=21.28, lp=0.03, lg=2.12, aP=100.00, aGinf=90.25, aGt=67.00
2025-12-17 23:42:02,497: MaxHebb=0.30819, T=1.00, F=1.00, L=1.00, train_i=184900, total_steps=4622500
2025-12-17 23:42:02,497: it=184900, lxP=0.00, lxG=0.04, lxGt=22.05, lp=0.01, lg=2.14, aP=100.00, aGinf=89.00, aGt=64.25
2025-12-17 23:42:29,874: MaxHebb=0.31345, T=1.00, F=1.00, L=1.00, train_i=185000, total_steps=4625000
2025-12-17 23:42:29,874: it=185000, lxP=0.00, lxG=0.11, lxGt=20.69, lp=0.01, lg=2.09, aP=100.00, aGinf=97.50, aGt=71.75
2025-12-17 23:42:57,275: MaxHebb=0.30828, T=1.00, F=1.00, L=1.00, train_i=185100, total_steps=4627500
2025-12-17 23:42:57,275: it=185100, lxP=0.00, lxG=0.33, lxGt=19.67, lp=0.03, lg=2.12, aP=100.00, aGinf=90.00, aGt=67.75
2025-12-17 23:43:24,691: MaxHebb=0.31429, T=1.00, F=1.00, L=1.00, train_i=185200, total_steps=4630000
2025-12-17 23:43:24,691: it=185200, lxP=0.00, lxG=0.06, lxGt=17.67, lp=0.03, lg=2.11, aP=100.00, aGinf=90.25, aGt=65.75
2025-12-17 23:43:53,605: MaxHebb=0.31960, T=1.00, F=1.00, L=1.00, train_i=185300, total_steps=4632500
2025-12-17 23:43:53,605: it=185300, lxP=0.00, lxG=0.68, lxGt=18.74, lp=0.04, lg=2.11, aP=100.00, aGinf=87.25, aGt=62.25
2025-12-17 23:44:21,104: MaxHebb=0.32131, T=1.00, F=1.00, L=1.00, train_i=185400, total_steps=4635000
2025-12-17 23:44:21,104: it=185400, lxP=0.00, lxG=0.03, lxGt=15.33, lp=0.04, lg=2.12, aP=100.00, aGinf=86.25, aGt=63.50
2025-12-17 23:44:48,551: MaxHebb=0.32032, T=1.00, F=1.00, L=1.00, train_i=185500, total_steps=4637500
2025-12-17 23:44:48,551: it=185500, lxP=0.01, lxG=0.04, lxGt=19.99, lp=0.01, lg=2.08, aP=100.00, aGinf=93.00, aGt=67.75
2025-12-17 23:45:15,952: MaxHebb=0.32140, T=1.00, F=1.00, L=1.00, train_i=185600, total_steps=4640000
2025-12-17 23:45:15,952: it=185600, lxP=0.01, lxG=0.35, lxGt=21.29, lp=0.03, lg=2.13, aP=100.00, aGinf=91.75, aGt=66.75
2025-12-17 23:45:44,716: MaxHebb=0.27529, T=1.00, F=1.00, L=1.00, train_i=185700, total_steps=4642500
2025-12-17 23:45:44,716: it=185700, lxP=0.00, lxG=0.07, lxGt=22.54, lp=0.01, lg=2.13, aP=100.00, aGinf=95.00, aGt=68.25
2025-12-17 23:46:12,096: MaxHebb=0.31906, T=1.00, F=1.00, L=1.00, train_i=185800, total_steps=4645000
2025-12-17 23:46:12,096: it=185800, lxP=0.00, lxG=0.09, lxGt=17.77, lp=0.01, lg=2.11, aP=100.00, aGinf=92.25, aGt=66.75
2025-12-17 23:46:39,565: MaxHebb=0.30795, T=1.00, F=1.00, L=1.00, train_i=185900, total_steps=4647500
2025-12-17 23:46:39,565: it=185900, lxP=0.00, lxG=0.89, lxGt=18.83, lp=0.01, lg=2.12, aP=100.00, aGinf=88.75, aGt=66.00
2025-12-17 23:47:06,987: MaxHebb=0.32324, T=1.00, F=1.00, L=1.00, train_i=186000, total_steps=4650000
2025-12-17 23:47:06,987: it=186000, lxP=0.00, lxG=0.13, lxGt=17.38, lp=0.03, lg=2.13, aP=100.00, aGinf=89.00, aGt=65.00
2025-12-17 23:47:08,500: save data time 0.11, train_i=186000.00, total_steps=4650000.00
2025-12-17 23:47:35,915: MaxHebb=0.32387, T=1.00, F=1.00, L=1.00, train_i=186100, total_steps=4652500
2025-12-17 23:47:35,915: it=186100, lxP=0.00, lxG=0.22, lxGt=17.51, lp=0.05, lg=2.12, aP=100.00, aGinf=86.25, aGt=64.00
2025-12-17 23:48:03,322: MaxHebb=0.29479, T=1.00, F=1.00, L=1.00, train_i=186200, total_steps=4655000
2025-12-17 23:48:03,322: it=186200, lxP=0.00, lxG=0.40, lxGt=24.42, lp=0.02, lg=2.14, aP=100.00, aGinf=94.50, aGt=66.25
2025-12-17 23:48:30,773: MaxHebb=0.31015, T=1.00, F=1.00, L=1.00, train_i=186300, total_steps=4657500
2025-12-17 23:48:30,773: it=186300, lxP=0.00, lxG=0.06, lxGt=20.99, lp=0.05, lg=2.10, aP=100.00, aGinf=88.75, aGt=66.25
2025-12-17 23:48:58,164: MaxHebb=0.31721, T=1.00, F=1.00, L=1.00, train_i=186400, total_steps=4660000
2025-12-17 23:48:58,164: it=186400, lxP=0.01, lxG=0.18, lxGt=24.31, lp=0.03, lg=2.09, aP=100.00, aGinf=91.50, aGt=63.75
2025-12-17 23:49:27,122: MaxHebb=0.30955, T=1.00, F=1.00, L=1.00, train_i=186500, total_steps=4662500
2025-12-17 23:49:27,122: it=186500, lxP=0.00, lxG=0.24, lxGt=18.72, lp=0.05, lg=2.10, aP=100.00, aGinf=91.25, aGt=68.25
2025-12-17 23:49:54,604: MaxHebb=0.30688, T=1.00, F=1.00, L=1.00, train_i=186600, total_steps=4665000
2025-12-17 23:49:54,605: it=186600, lxP=0.00, lxG=0.02, lxGt=21.77, lp=0.04, lg=2.13, aP=100.00, aGinf=93.00, aGt=68.75
2025-12-17 23:50:22,099: MaxHebb=0.28333, T=1.00, F=1.00, L=1.00, train_i=186700, total_steps=4667500
2025-12-17 23:50:22,100: it=186700, lxP=0.00, lxG=0.04, lxGt=20.93, lp=0.01, lg=2.11, aP=100.00, aGinf=89.00, aGt=66.00
2025-12-17 23:50:49,579: MaxHebb=0.30734, T=1.00, F=1.00, L=1.00, train_i=186800, total_steps=4670000
2025-12-17 23:50:49,579: it=186800, lxP=0.00, lxG=0.24, lxGt=23.36, lp=0.03, lg=2.10, aP=100.00, aGinf=93.50, aGt=67.50
2025-12-17 23:51:18,424: MaxHebb=0.31142, T=1.00, F=1.00, L=1.00, train_i=186900, total_steps=4672500
2025-12-17 23:51:18,425: it=186900, lxP=0.00, lxG=0.06, lxGt=19.64, lp=0.01, lg=2.10, aP=100.00, aGinf=91.75, aGt=66.25
2025-12-17 23:51:45,845: MaxHebb=0.25957, T=1.00, F=1.00, L=1.00, train_i=187000, total_steps=4675000
2025-12-17 23:51:45,845: it=187000, lxP=0.00, lxG=0.38, lxGt=20.37, lp=0.02, lg=2.13, aP=100.00, aGinf=91.25, aGt=67.50
2025-12-17 23:52:13,371: MaxHebb=0.30174, T=1.00, F=1.00, L=1.00, train_i=187100, total_steps=4677500
2025-12-17 23:52:13,372: it=187100, lxP=0.00, lxG=0.10, lxGt=23.25, lp=0.01, lg=2.13, aP=100.00, aGinf=86.50, aGt=62.50
2025-12-17 23:52:40,811: MaxHebb=0.29911, T=1.00, F=1.00, L=1.00, train_i=187200, total_steps=4680000
2025-12-17 23:52:40,811: it=187200, lxP=0.00, lxG=0.41, lxGt=21.95, lp=0.03, lg=2.15, aP=100.00, aGinf=87.00, aGt=61.75
2025-12-17 23:53:09,687: MaxHebb=0.31207, T=1.00, F=1.00, L=1.00, train_i=187300, total_steps=4682500
2025-12-17 23:53:09,687: it=187300, lxP=0.00, lxG=0.07, lxGt=20.21, lp=0.03, lg=2.16, aP=100.00, aGinf=90.50, aGt=65.00
2025-12-17 23:53:37,232: MaxHebb=0.31304, T=1.00, F=1.00, L=1.00, train_i=187400, total_steps=4685000
2025-12-17 23:53:37,232: it=187400, lxP=0.00, lxG=0.15, lxGt=20.56, lp=0.04, lg=2.08, aP=100.00, aGinf=90.50, aGt=66.50
2025-12-17 23:54:04,567: MaxHebb=0.30274, T=1.00, F=1.00, L=1.00, train_i=187500, total_steps=4687500
2025-12-17 23:54:04,567: it=187500, lxP=0.00, lxG=0.02, lxGt=19.38, lp=0.05, lg=2.15, aP=100.00, aGinf=91.00, aGt=66.75
2025-12-17 23:54:31,997: MaxHebb=0.28601, T=1.00, F=1.00, L=1.00, train_i=187600, total_steps=4690000
2025-12-17 23:54:31,997: it=187600, lxP=0.01, lxG=0.06, lxGt=22.80, lp=0.02, lg=2.08, aP=100.00, aGinf=93.00, aGt=66.25
2025-12-17 23:55:00,898: MaxHebb=0.29988, T=1.00, F=1.00, L=1.00, train_i=187700, total_steps=4692500
2025-12-17 23:55:00,898: it=187700, lxP=0.00, lxG=0.93, lxGt=19.79, lp=0.02, lg=2.09, aP=100.00, aGinf=92.25, aGt=69.00
2025-12-17 23:55:28,431: MaxHebb=0.31612, T=1.00, F=1.00, L=1.00, train_i=187800, total_steps=4695000
2025-12-17 23:55:28,431: it=187800, lxP=0.00, lxG=0.11, lxGt=22.61, lp=0.02, lg=2.14, aP=100.00, aGinf=91.25, aGt=67.75
2025-12-17 23:55:55,919: MaxHebb=0.31156, T=1.00, F=1.00, L=1.00, train_i=187900, total_steps=4697500
2025-12-17 23:55:55,920: it=187900, lxP=0.00, lxG=0.05, lxGt=20.38, lp=0.01, lg=2.12, aP=100.00, aGinf=96.25, aGt=72.75
2025-12-17 23:56:23,456: MaxHebb=0.27015, T=1.00, F=1.00, L=1.00, train_i=188000, total_steps=4700000
2025-12-17 23:56:23,456: it=188000, lxP=0.00, lxG=0.10, lxGt=19.97, lp=0.02, lg=2.14, aP=100.00, aGinf=91.25, aGt=63.50
2025-12-17 23:56:25,025: save data time 0.13, train_i=188000.00, total_steps=4700000.00
2025-12-17 23:56:52,482: MaxHebb=0.31366, T=1.00, F=1.00, L=1.00, train_i=188100, total_steps=4702500
2025-12-17 23:56:52,483: it=188100, lxP=0.00, lxG=0.02, lxGt=20.83, lp=0.05, lg=2.16, aP=100.00, aGinf=84.50, aGt=60.00
2025-12-17 23:57:19,841: MaxHebb=0.31297, T=1.00, F=1.00, L=1.00, train_i=188200, total_steps=4705000
2025-12-17 23:57:19,841: it=188200, lxP=0.00, lxG=0.15, lxGt=21.36, lp=0.02, lg=2.15, aP=100.00, aGinf=95.00, aGt=72.00
2025-12-17 23:57:47,238: MaxHebb=0.30361, T=1.00, F=1.00, L=1.00, train_i=188300, total_steps=4707500
2025-12-17 23:57:47,238: it=188300, lxP=0.00, lxG=0.04, lxGt=22.24, lp=0.03, lg=2.12, aP=100.00, aGinf=91.00, aGt=65.25
2025-12-17 23:58:14,720: MaxHebb=0.30463, T=1.00, F=1.00, L=1.00, train_i=188400, total_steps=4710000
2025-12-17 23:58:14,720: it=188400, lxP=0.00, lxG=0.02, lxGt=21.14, lp=0.05, lg=2.15, aP=100.00, aGinf=89.50, aGt=64.00
2025-12-17 23:58:43,708: MaxHebb=0.26793, T=1.00, F=1.00, L=1.00, train_i=188500, total_steps=4712500
2025-12-17 23:58:43,708: it=188500, lxP=0.00, lxG=0.15, lxGt=18.76, lp=0.02, lg=2.12, aP=100.00, aGinf=93.75, aGt=71.75
2025-12-17 23:59:11,169: MaxHebb=0.30932, T=1.00, F=1.00, L=1.00, train_i=188600, total_steps=4715000
2025-12-17 23:59:11,169: it=188600, lxP=0.00, lxG=0.81, lxGt=21.11, lp=0.02, lg=2.14, aP=100.00, aGinf=90.25, aGt=65.00
2025-12-17 23:59:38,620: MaxHebb=0.29838, T=1.00, F=1.00, L=1.00, train_i=188700, total_steps=4717500
2025-12-17 23:59:38,621: it=188700, lxP=0.00, lxG=0.23, lxGt=20.01, lp=0.03, lg=2.12, aP=100.00, aGinf=86.75, aGt=64.00
2025-12-18 00:00:06,082: MaxHebb=0.28088, T=1.00, F=1.00, L=1.00, train_i=188800, total_steps=4720000
2025-12-18 00:00:06,082: it=188800, lxP=0.00, lxG=0.55, lxGt=22.60, lp=0.01, lg=2.14, aP=100.00, aGinf=92.00, aGt=64.00
2025-12-18 00:00:35,020: MaxHebb=0.31199, T=1.00, F=1.00, L=1.00, train_i=188900, total_steps=4722500
2025-12-18 00:00:35,020: it=188900, lxP=0.00, lxG=0.07, lxGt=18.94, lp=0.04, lg=2.15, aP=100.00, aGinf=88.50, aGt=64.00
2025-12-18 00:01:02,467: MaxHebb=0.25258, T=1.00, F=1.00, L=1.00, train_i=189000, total_steps=4725000
2025-12-18 00:01:02,467: it=189000, lxP=0.00, lxG=0.05, lxGt=19.55, lp=0.03, lg=2.16, aP=100.00, aGinf=90.00, aGt=66.75
2025-12-18 00:01:29,836: MaxHebb=0.31100, T=1.00, F=1.00, L=1.00, train_i=189100, total_steps=4727500
2025-12-18 00:01:29,836: it=189100, lxP=0.00, lxG=0.04, lxGt=18.33, lp=0.04, lg=2.10, aP=100.00, aGinf=89.25, aGt=63.50
2025-12-18 00:01:57,247: MaxHebb=0.31453, T=1.00, F=1.00, L=1.00, train_i=189200, total_steps=4730000
2025-12-18 00:01:57,248: it=189200, lxP=0.00, lxG=1.05, lxGt=19.00, lp=0.02, lg=2.14, aP=100.00, aGinf=88.75, aGt=67.75
2025-12-18 00:02:26,156: MaxHebb=0.28200, T=1.00, F=1.00, L=1.00, train_i=189300, total_steps=4732500
2025-12-18 00:02:26,156: it=189300, lxP=0.00, lxG=0.17, lxGt=20.69, lp=0.03, lg=2.08, aP=100.00, aGinf=89.50, aGt=63.00
2025-12-18 00:02:53,645: MaxHebb=0.30180, T=1.00, F=1.00, L=1.00, train_i=189400, total_steps=4735000
2025-12-18 00:02:53,646: it=189400, lxP=0.00, lxG=0.06, lxGt=22.87, lp=0.01, lg=2.07, aP=100.00, aGinf=88.25, aGt=63.75
2025-12-18 00:03:21,093: MaxHebb=0.28432, T=1.00, F=1.00, L=1.00, train_i=189500, total_steps=4737500
2025-12-18 00:03:21,093: it=189500, lxP=0.02, lxG=0.37, lxGt=21.24, lp=0.03, lg=2.08, aP=100.00, aGinf=92.50, aGt=68.75
2025-12-18 00:03:48,494: MaxHebb=0.31352, T=1.00, F=1.00, L=1.00, train_i=189600, total_steps=4740000
2025-12-18 00:03:48,494: it=189600, lxP=0.00, lxG=1.10, lxGt=20.34, lp=0.01, lg=2.10, aP=100.00, aGinf=90.50, aGt=68.75
2025-12-18 00:04:17,409: MaxHebb=0.29294, T=1.00, F=1.00, L=1.00, train_i=189700, total_steps=4742500
2025-12-18 00:04:17,409: it=189700, lxP=0.12, lxG=0.13, lxGt=23.17, lp=0.02, lg=2.09, aP=100.00, aGinf=93.00, aGt=66.75
2025-12-18 00:04:44,865: MaxHebb=0.26770, T=1.00, F=1.00, L=1.00, train_i=189800, total_steps=4745000
2025-12-18 00:04:44,865: it=189800, lxP=0.00, lxG=0.12, lxGt=21.93, lp=0.01, lg=2.13, aP=100.00, aGinf=91.50, aGt=66.25
2025-12-18 00:05:12,299: MaxHebb=0.30314, T=1.00, F=1.00, L=1.00, train_i=189900, total_steps=4747500
2025-12-18 00:05:12,299: it=189900, lxP=0.00, lxG=0.13, lxGt=23.12, lp=0.03, lg=2.08, aP=100.00, aGinf=93.25, aGt=66.00
2025-12-18 00:05:39,815: MaxHebb=0.30412, T=1.00, F=1.00, L=1.00, train_i=190000, total_steps=4750000
2025-12-18 00:05:39,815: it=190000, lxP=0.00, lxG=0.12, lxGt=23.82, lp=0.01, lg=2.11, aP=100.00, aGinf=94.50, aGt=68.75
2025-12-18 00:05:41,377: save data time 0.13, train_i=190000.00, total_steps=4750000.00
2025-12-18 00:06:08,805: MaxHebb=0.29246, T=1.00, F=1.00, L=1.00, train_i=190100, total_steps=4752500
2025-12-18 00:06:08,805: it=190100, lxP=0.00, lxG=0.11, lxGt=20.06, lp=0.01, lg=2.06, aP=100.00, aGinf=87.50, aGt=62.50
2025-12-18 00:06:36,218: MaxHebb=0.31845, T=1.00, F=1.00, L=1.00, train_i=190200, total_steps=4755000
2025-12-18 00:06:36,218: it=190200, lxP=0.00, lxG=0.37, lxGt=25.15, lp=0.01, lg=2.13, aP=100.00, aGinf=93.25, aGt=66.50
2025-12-18 00:07:03,714: MaxHebb=0.30328, T=1.00, F=1.00, L=1.00, train_i=190300, total_steps=4757500
2025-12-18 00:07:03,715: it=190300, lxP=0.00, lxG=0.15, lxGt=19.87, lp=0.02, lg=2.17, aP=100.00, aGinf=90.50, aGt=64.75
2025-12-18 00:07:31,220: MaxHebb=0.30243, T=1.00, F=1.00, L=1.00, train_i=190400, total_steps=4760000
2025-12-18 00:07:31,220: it=190400, lxP=0.00, lxG=0.05, lxGt=18.92, lp=0.04, lg=2.16, aP=100.00, aGinf=91.00, aGt=68.25
2025-12-18 00:08:00,183: MaxHebb=0.30654, T=1.00, F=1.00, L=1.00, train_i=190500, total_steps=4762500
2025-12-18 00:08:00,183: it=190500, lxP=0.07, lxG=0.08, lxGt=18.63, lp=0.03, lg=2.08, aP=100.00, aGinf=90.75, aGt=68.50
2025-12-18 00:08:27,557: MaxHebb=0.29567, T=1.00, F=1.00, L=1.00, train_i=190600, total_steps=4765000
2025-12-18 00:08:27,557: it=190600, lxP=0.00, lxG=0.03, lxGt=20.83, lp=0.01, lg=2.09, aP=100.00, aGinf=97.00, aGt=71.50
2025-12-18 00:08:55,047: MaxHebb=0.29346, T=1.00, F=1.00, L=1.00, train_i=190700, total_steps=4767500
2025-12-18 00:08:55,047: it=190700, lxP=0.00, lxG=0.05, lxGt=20.90, lp=0.01, lg=2.15, aP=100.00, aGinf=91.50, aGt=65.00
2025-12-18 00:09:22,561: MaxHebb=0.30402, T=1.00, F=1.00, L=1.00, train_i=190800, total_steps=4770000
2025-12-18 00:09:22,561: it=190800, lxP=0.01, lxG=0.07, lxGt=22.37, lp=0.02, lg=2.10, aP=100.00, aGinf=94.50, aGt=68.75
2025-12-18 00:09:51,398: MaxHebb=0.28988, T=1.00, F=1.00, L=1.00, train_i=190900, total_steps=4772500
2025-12-18 00:09:51,398: it=190900, lxP=0.00, lxG=0.45, lxGt=20.72, lp=0.03, lg=2.17, aP=100.00, aGinf=93.25, aGt=66.25
2025-12-18 00:10:18,825: MaxHebb=0.30681, T=1.00, F=1.00, L=1.00, train_i=191000, total_steps=4775000
2025-12-18 00:10:18,825: it=191000, lxP=0.00, lxG=0.10, lxGt=21.16, lp=0.01, lg=2.11, aP=100.00, aGinf=94.25, aGt=70.00
2025-12-18 00:10:46,243: MaxHebb=0.29513, T=1.00, F=1.00, L=1.00, train_i=191100, total_steps=4777500
2025-12-18 00:10:46,243: it=191100, lxP=0.00, lxG=0.06, lxGt=18.82, lp=0.03, lg=2.11, aP=100.00, aGinf=93.00, aGt=68.00
2025-12-18 00:11:13,636: MaxHebb=0.29945, T=1.00, F=1.00, L=1.00, train_i=191200, total_steps=4780000
2025-12-18 00:11:13,637: it=191200, lxP=0.00, lxG=0.04, lxGt=16.05, lp=0.09, lg=2.15, aP=100.00, aGinf=85.50, aGt=60.00
2025-12-18 00:11:42,561: MaxHebb=0.30319, T=1.00, F=1.00, L=1.00, train_i=191300, total_steps=4782500
2025-12-18 00:11:42,561: it=191300, lxP=0.00, lxG=0.32, lxGt=16.11, lp=0.04, lg=2.12, aP=100.00, aGinf=88.75, aGt=67.50
2025-12-18 00:12:10,023: MaxHebb=0.26844, T=1.00, F=1.00, L=1.00, train_i=191400, total_steps=4785000
2025-12-18 00:12:10,023: it=191400, lxP=0.00, lxG=0.03, lxGt=19.19, lp=0.01, lg=2.12, aP=100.00, aGinf=94.25, aGt=72.00
2025-12-18 00:12:37,448: MaxHebb=0.30071, T=1.00, F=1.00, L=1.00, train_i=191500, total_steps=4787500
2025-12-18 00:12:37,448: it=191500, lxP=0.00, lxG=0.02, lxGt=20.55, lp=0.03, lg=2.16, aP=100.00, aGinf=90.50, aGt=65.00
2025-12-18 00:13:04,965: MaxHebb=0.27718, T=1.00, F=1.00, L=1.00, train_i=191600, total_steps=4790000
2025-12-18 00:13:04,965: it=191600, lxP=0.00, lxG=0.09, lxGt=20.01, lp=0.03, lg=2.17, aP=100.00, aGinf=88.50, aGt=63.50
2025-12-18 00:13:33,903: MaxHebb=0.25857, T=1.00, F=1.00, L=1.00, train_i=191700, total_steps=4792500
2025-12-18 00:13:33,903: it=191700, lxP=0.00, lxG=0.01, lxGt=18.30, lp=0.01, lg=2.14, aP=100.00, aGinf=92.00, aGt=69.75
2025-12-18 00:14:01,366: MaxHebb=0.29651, T=1.00, F=1.00, L=1.00, train_i=191800, total_steps=4795000
2025-12-18 00:14:01,366: it=191800, lxP=0.00, lxG=1.71, lxGt=25.95, lp=0.04, lg=2.18, aP=100.00, aGinf=85.00, aGt=61.25
2025-12-18 00:14:28,755: MaxHebb=0.25780, T=1.00, F=1.00, L=1.00, train_i=191900, total_steps=4797500
2025-12-18 00:14:28,755: it=191900, lxP=0.00, lxG=0.04, lxGt=18.19, lp=0.04, lg=2.12, aP=100.00, aGinf=88.00, aGt=65.25
2025-12-18 00:14:56,194: MaxHebb=0.29375, T=1.00, F=1.00, L=1.00, train_i=192000, total_steps=4800000
2025-12-18 00:14:56,195: it=192000, lxP=0.00, lxG=0.11, lxGt=19.52, lp=0.03, lg=2.17, aP=100.00, aGinf=89.50, aGt=66.25
2025-12-18 00:14:57,721: save data time 0.11, train_i=192000.00, total_steps=4800000.00
2025-12-18 00:15:25,186: MaxHebb=0.30113, T=1.00, F=1.00, L=1.00, train_i=192100, total_steps=4802500
2025-12-18 00:15:25,186: it=192100, lxP=0.00, lxG=0.08, lxGt=19.45, lp=0.01, lg=2.16, aP=100.00, aGinf=92.25, aGt=70.50
2025-12-18 00:15:52,629: MaxHebb=0.30132, T=1.00, F=1.00, L=1.00, train_i=192200, total_steps=4805000
2025-12-18 00:15:52,629: it=192200, lxP=0.00, lxG=0.15, lxGt=18.86, lp=0.03, lg=2.15, aP=100.00, aGinf=90.75, aGt=67.75
2025-12-18 00:16:20,144: MaxHebb=0.29598, T=1.00, F=1.00, L=1.00, train_i=192300, total_steps=4807500
2025-12-18 00:16:20,144: it=192300, lxP=0.00, lxG=0.03, lxGt=20.37, lp=0.03, lg=2.16, aP=100.00, aGinf=89.50, aGt=68.50
2025-12-18 00:16:47,569: MaxHebb=0.29812, T=1.00, F=1.00, L=1.00, train_i=192400, total_steps=4810000
2025-12-18 00:16:47,570: it=192400, lxP=0.00, lxG=0.06, lxGt=21.52, lp=0.03, lg=2.12, aP=100.00, aGinf=92.00, aGt=66.00
2025-12-18 00:17:16,428: MaxHebb=0.29177, T=1.00, F=1.00, L=1.00, train_i=192500, total_steps=4812500
2025-12-18 00:17:16,428: it=192500, lxP=0.00, lxG=0.05, lxGt=20.58, lp=0.04, lg=2.15, aP=100.00, aGinf=87.25, aGt=61.75
2025-12-18 00:17:43,834: MaxHebb=0.30293, T=1.00, F=1.00, L=1.00, train_i=192600, total_steps=4815000
2025-12-18 00:17:43,834: it=192600, lxP=0.00, lxG=0.25, lxGt=24.07, lp=0.01, lg=2.16, aP=100.00, aGinf=96.50, aGt=68.00
2025-12-18 00:18:11,170: MaxHebb=0.28565, T=1.00, F=1.00, L=1.00, train_i=192700, total_steps=4817500
2025-12-18 00:18:11,170: it=192700, lxP=0.00, lxG=0.06, lxGt=22.84, lp=0.01, lg=2.09, aP=100.00, aGinf=92.50, aGt=68.00
2025-12-18 00:18:38,664: MaxHebb=0.29882, T=1.00, F=1.00, L=1.00, train_i=192800, total_steps=4820000
2025-12-18 00:18:38,664: it=192800, lxP=0.00, lxG=0.06, lxGt=19.44, lp=0.01, lg=2.15, aP=100.00, aGinf=92.00, aGt=68.25
2025-12-18 00:19:07,409: MaxHebb=0.31198, T=1.00, F=1.00, L=1.00, train_i=192900, total_steps=4822500
2025-12-18 00:19:07,409: it=192900, lxP=0.00, lxG=0.02, lxGt=21.16, lp=0.01, lg=2.17, aP=100.00, aGinf=95.25, aGt=68.75
2025-12-18 00:19:34,879: MaxHebb=0.31081, T=1.00, F=1.00, L=1.00, train_i=193000, total_steps=4825000
2025-12-18 00:19:34,879: it=193000, lxP=0.00, lxG=0.07, lxGt=22.03, lp=0.03, lg=2.20, aP=100.00, aGinf=90.00, aGt=63.00
2025-12-18 00:20:02,205: MaxHebb=0.25512, T=1.00, F=1.00, L=1.00, train_i=193100, total_steps=4827500
2025-12-18 00:20:02,205: it=193100, lxP=0.03, lxG=0.21, lxGt=22.81, lp=0.01, lg=2.12, aP=100.00, aGinf=88.00, aGt=66.00
2025-12-18 00:20:29,583: MaxHebb=0.25792, T=1.00, F=1.00, L=1.00, train_i=193200, total_steps=4830000
2025-12-18 00:20:29,583: it=193200, lxP=0.03, lxG=0.16, lxGt=20.06, lp=0.01, lg=2.06, aP=100.00, aGinf=88.00, aGt=65.50
2025-12-18 00:20:58,427: MaxHebb=0.30305, T=1.00, F=1.00, L=1.00, train_i=193300, total_steps=4832500
2025-12-18 00:20:58,427: it=193300, lxP=0.03, lxG=0.13, lxGt=21.45, lp=0.06, lg=2.09, aP=100.00, aGinf=87.75, aGt=65.00
2025-12-18 00:21:25,811: MaxHebb=0.29698, T=1.00, F=1.00, L=1.00, train_i=193400, total_steps=4835000
2025-12-18 00:21:25,811: it=193400, lxP=0.01, lxG=0.17, lxGt=20.13, lp=0.04, lg=2.11, aP=100.00, aGinf=88.25, aGt=64.25
2025-12-18 00:21:53,242: MaxHebb=0.29480, T=1.00, F=1.00, L=1.00, train_i=193500, total_steps=4837500
2025-12-18 00:21:53,242: it=193500, lxP=0.00, lxG=0.07, lxGt=20.59, lp=0.03, lg=2.13, aP=100.00, aGinf=91.50, aGt=66.25
2025-12-18 00:22:20,593: MaxHebb=0.30235, T=1.00, F=1.00, L=1.00, train_i=193600, total_steps=4840000
2025-12-18 00:22:20,594: it=193600, lxP=0.00, lxG=0.01, lxGt=17.96, lp=0.02, lg=2.16, aP=100.00, aGinf=89.25, aGt=66.25
2025-12-18 00:22:49,416: MaxHebb=0.29449, T=1.00, F=1.00, L=1.00, train_i=193700, total_steps=4842500
2025-12-18 00:22:49,416: it=193700, lxP=0.00, lxG=0.29, lxGt=17.77, lp=0.02, lg=2.14, aP=100.00, aGinf=91.50, aGt=69.50
2025-12-18 00:23:16,859: MaxHebb=0.29408, T=1.00, F=1.00, L=1.00, train_i=193800, total_steps=4845000
2025-12-18 00:23:16,860: it=193800, lxP=0.01, lxG=0.05, lxGt=21.00, lp=0.01, lg=2.12, aP=100.00, aGinf=91.75, aGt=67.25
2025-12-18 00:23:44,224: MaxHebb=0.24877, T=1.00, F=1.00, L=1.00, train_i=193900, total_steps=4847500
2025-12-18 00:23:44,224: it=193900, lxP=0.00, lxG=0.04, lxGt=19.81, lp=0.01, lg=2.06, aP=100.00, aGinf=88.25, aGt=67.50
2025-12-18 00:24:11,639: MaxHebb=0.30912, T=1.00, F=1.00, L=1.00, train_i=194000, total_steps=4850000
2025-12-18 00:24:11,639: it=194000, lxP=0.00, lxG=0.19, lxGt=18.84, lp=0.02, lg=2.12, aP=100.00, aGinf=89.00, aGt=67.25
2025-12-18 00:24:13,198: save data time 0.11, train_i=194000.00, total_steps=4850000.00
2025-12-18 00:24:40,730: MaxHebb=0.24126, T=1.00, F=1.00, L=1.00, train_i=194100, total_steps=4852500
2025-12-18 00:24:40,730: it=194100, lxP=0.00, lxG=0.03, lxGt=21.85, lp=0.03, lg=2.14, aP=100.00, aGinf=92.50, aGt=66.25
2025-12-18 00:25:08,157: MaxHebb=0.28722, T=1.00, F=1.00, L=1.00, train_i=194200, total_steps=4855000
2025-12-18 00:25:08,157: it=194200, lxP=0.00, lxG=0.13, lxGt=19.11, lp=0.03, lg=2.15, aP=100.00, aGinf=93.75, aGt=70.75
2025-12-18 00:25:35,594: MaxHebb=0.25736, T=1.00, F=1.00, L=1.00, train_i=194300, total_steps=4857500
2025-12-18 00:25:35,594: it=194300, lxP=0.00, lxG=0.82, lxGt=22.76, lp=0.01, lg=2.13, aP=100.00, aGinf=92.00, aGt=65.75
2025-12-18 00:26:03,066: MaxHebb=0.30746, T=1.00, F=1.00, L=1.00, train_i=194400, total_steps=4860000
2025-12-18 00:26:03,066: it=194400, lxP=0.00, lxG=0.04, lxGt=19.94, lp=0.03, lg=2.11, aP=100.00, aGinf=92.25, aGt=68.75
2025-12-18 00:26:31,832: MaxHebb=0.30256, T=1.00, F=1.00, L=1.00, train_i=194500, total_steps=4862500
2025-12-18 00:26:31,832: it=194500, lxP=0.00, lxG=0.04, lxGt=23.01, lp=0.02, lg=2.11, aP=100.00, aGinf=94.00, aGt=66.75
2025-12-18 00:26:59,214: MaxHebb=0.26129, T=1.00, F=1.00, L=1.00, train_i=194600, total_steps=4865000
2025-12-18 00:26:59,214: it=194600, lxP=0.00, lxG=0.08, lxGt=22.40, lp=0.03, lg=2.10, aP=100.00, aGinf=86.50, aGt=61.25
2025-12-18 00:27:26,601: MaxHebb=0.27474, T=1.00, F=1.00, L=1.00, train_i=194700, total_steps=4867500
2025-12-18 00:27:26,601: it=194700, lxP=0.01, lxG=0.11, lxGt=20.95, lp=0.01, lg=2.07, aP=100.00, aGinf=91.75, aGt=67.75
2025-12-18 00:27:54,013: MaxHebb=0.31261, T=1.00, F=1.00, L=1.00, train_i=194800, total_steps=4870000
2025-12-18 00:27:54,013: it=194800, lxP=0.00, lxG=0.07, lxGt=16.72, lp=0.05, lg=2.12, aP=100.00, aGinf=86.50, aGt=66.25
2025-12-18 00:28:23,042: MaxHebb=0.27247, T=1.00, F=1.00, L=1.00, train_i=194900, total_steps=4872500
2025-12-18 00:28:23,042: it=194900, lxP=0.00, lxG=0.07, lxGt=23.65, lp=0.01, lg=2.12, aP=100.00, aGinf=97.25, aGt=70.75
2025-12-18 00:28:50,559: MaxHebb=0.25526, T=1.00, F=1.00, L=1.00, train_i=195000, total_steps=4875000
2025-12-18 00:28:50,560: it=195000, lxP=0.01, lxG=0.16, lxGt=22.27, lp=0.02, lg=2.12, aP=100.00, aGinf=93.75, aGt=70.00
2025-12-18 00:29:18,070: MaxHebb=0.30132, T=1.00, F=1.00, L=1.00, train_i=195100, total_steps=4877500
2025-12-18 00:29:18,070: it=195100, lxP=0.00, lxG=0.14, lxGt=17.22, lp=0.04, lg=2.10, aP=100.00, aGinf=89.50, aGt=67.00
2025-12-18 00:29:45,601: MaxHebb=0.29605, T=1.00, F=1.00, L=1.00, train_i=195200, total_steps=4880000
2025-12-18 00:29:45,601: it=195200, lxP=0.00, lxG=0.06, lxGt=22.09, lp=0.02, lg=2.14, aP=100.00, aGinf=95.75, aGt=70.00
2025-12-18 00:30:14,684: MaxHebb=0.29935, T=1.00, F=1.00, L=1.00, train_i=195300, total_steps=4882500
2025-12-18 00:30:14,684: it=195300, lxP=0.00, lxG=0.29, lxGt=24.18, lp=0.01, lg=2.18, aP=100.00, aGinf=89.50, aGt=65.00
2025-12-18 00:30:42,197: MaxHebb=0.30448, T=1.00, F=1.00, L=1.00, train_i=195400, total_steps=4885000
2025-12-18 00:30:42,197: it=195400, lxP=0.34, lxG=0.20, lxGt=22.51, lp=0.03, lg=2.07, aP=100.00, aGinf=85.25, aGt=63.25
2025-12-18 00:31:09,761: MaxHebb=0.28573, T=1.00, F=1.00, L=1.00, train_i=195500, total_steps=4887500
2025-12-18 00:31:09,761: it=195500, lxP=0.00, lxG=0.14, lxGt=24.45, lp=0.01, lg=2.13, aP=100.00, aGinf=91.50, aGt=64.50
2025-12-18 00:31:37,332: MaxHebb=0.29021, T=1.00, F=1.00, L=1.00, train_i=195600, total_steps=4890000
2025-12-18 00:31:37,332: it=195600, lxP=0.00, lxG=0.02, lxGt=26.64, lp=0.02, lg=2.15, aP=100.00, aGinf=94.75, aGt=66.75
2025-12-18 00:32:06,285: MaxHebb=0.29135, T=1.00, F=1.00, L=1.00, train_i=195700, total_steps=4892500
2025-12-18 00:32:06,285: it=195700, lxP=0.00, lxG=0.06, lxGt=18.42, lp=0.02, lg=2.10, aP=100.00, aGinf=92.00, aGt=69.25
2025-12-18 00:32:33,770: MaxHebb=0.28496, T=1.00, F=1.00, L=1.00, train_i=195800, total_steps=4895000
2025-12-18 00:32:33,770: it=195800, lxP=0.00, lxG=0.29, lxGt=20.50, lp=0.03, lg=2.14, aP=100.00, aGinf=90.00, aGt=66.25
2025-12-18 00:33:01,210: MaxHebb=0.24469, T=1.00, F=1.00, L=1.00, train_i=195900, total_steps=4897500
2025-12-18 00:33:01,210: it=195900, lxP=0.01, lxG=0.54, lxGt=21.34, lp=0.01, lg=2.10, aP=100.00, aGinf=95.00, aGt=67.50
2025-12-18 00:33:28,692: MaxHebb=0.28759, T=1.00, F=1.00, L=1.00, train_i=196000, total_steps=4900000
2025-12-18 00:33:28,693: it=196000, lxP=0.00, lxG=0.15, lxGt=22.47, lp=0.02, lg=2.15, aP=100.00, aGinf=88.25, aGt=62.25
2025-12-18 00:33:30,244: save data time 0.10, train_i=196000.00, total_steps=4900000.00
2025-12-18 00:33:57,610: MaxHebb=0.28987, T=1.00, F=1.00, L=1.00, train_i=196100, total_steps=4902500
2025-12-18 00:33:57,610: it=196100, lxP=0.00, lxG=0.57, lxGt=23.44, lp=0.01, lg=2.15, aP=100.00, aGinf=93.75, aGt=67.25
2025-12-18 00:34:24,995: MaxHebb=0.28653, T=1.00, F=1.00, L=1.00, train_i=196200, total_steps=4905000
2025-12-18 00:34:24,995: it=196200, lxP=0.00, lxG=0.05, lxGt=24.12, lp=0.02, lg=2.08, aP=100.00, aGinf=92.75, aGt=69.25
2025-12-18 00:34:52,454: MaxHebb=0.26945, T=1.00, F=1.00, L=1.00, train_i=196300, total_steps=4907500
2025-12-18 00:34:52,454: it=196300, lxP=0.01, lxG=0.08, lxGt=19.82, lp=0.05, lg=2.10, aP=100.00, aGinf=92.00, aGt=68.25
2025-12-18 00:35:19,937: MaxHebb=0.26730, T=1.00, F=1.00, L=1.00, train_i=196400, total_steps=4910000
2025-12-18 00:35:19,937: it=196400, lxP=0.01, lxG=0.37, lxGt=19.14, lp=0.04, lg=2.08, aP=100.00, aGinf=93.25, aGt=69.50
2025-12-18 00:35:48,897: MaxHebb=0.26539, T=1.00, F=1.00, L=1.00, train_i=196500, total_steps=4912500
2025-12-18 00:35:48,897: it=196500, lxP=0.00, lxG=0.28, lxGt=17.90, lp=0.04, lg=2.14, aP=100.00, aGinf=95.00, aGt=70.50
2025-12-18 00:36:16,361: MaxHebb=0.27116, T=1.00, F=1.00, L=1.00, train_i=196600, total_steps=4915000
2025-12-18 00:36:16,361: it=196600, lxP=0.00, lxG=0.04, lxGt=20.36, lp=0.01, lg=2.13, aP=100.00, aGinf=91.75, aGt=67.00
2025-12-18 00:36:43,834: MaxHebb=0.25022, T=1.00, F=1.00, L=1.00, train_i=196700, total_steps=4917500
2025-12-18 00:36:43,834: it=196700, lxP=0.01, lxG=0.07, lxGt=18.99, lp=0.03, lg=2.12, aP=100.00, aGinf=85.00, aGt=62.25
2025-12-18 00:37:11,269: MaxHebb=0.28603, T=1.00, F=1.00, L=1.00, train_i=196800, total_steps=4920000
2025-12-18 00:37:11,269: it=196800, lxP=0.02, lxG=0.69, lxGt=20.82, lp=0.03, lg=2.11, aP=100.00, aGinf=89.75, aGt=65.50
2025-12-18 00:37:40,269: MaxHebb=0.28429, T=1.00, F=1.00, L=1.00, train_i=196900, total_steps=4922500
2025-12-18 00:37:40,269: it=196900, lxP=0.00, lxG=0.08, lxGt=15.70, lp=0.04, lg=2.16, aP=100.00, aGinf=88.25, aGt=65.00
2025-12-18 00:38:07,676: MaxHebb=0.25392, T=1.00, F=1.00, L=1.00, train_i=197000, total_steps=4925000
2025-12-18 00:38:07,676: it=197000, lxP=0.04, lxG=0.42, lxGt=24.22, lp=0.04, lg=2.10, aP=100.00, aGinf=89.50, aGt=66.00
2025-12-18 00:38:35,162: MaxHebb=0.29068, T=1.00, F=1.00, L=1.00, train_i=197100, total_steps=4927500
2025-12-18 00:38:35,162: it=197100, lxP=0.00, lxG=0.05, lxGt=20.70, lp=0.01, lg=2.12, aP=100.00, aGinf=91.75, aGt=67.75
2025-12-18 00:39:02,616: MaxHebb=0.24525, T=1.00, F=1.00, L=1.00, train_i=197200, total_steps=4930000
2025-12-18 00:39:02,616: it=197200, lxP=0.01, lxG=0.36, lxGt=23.37, lp=0.01, lg=2.10, aP=100.00, aGinf=94.75, aGt=70.25
2025-12-18 00:39:31,526: MaxHebb=0.22375, T=1.00, F=1.00, L=1.00, train_i=197300, total_steps=4932500
2025-12-18 00:39:31,526: it=197300, lxP=0.01, lxG=0.49, lxGt=21.76, lp=0.02, lg=2.11, aP=100.00, aGinf=91.25, aGt=65.00
2025-12-18 00:39:59,031: MaxHebb=0.24031, T=1.00, F=1.00, L=1.00, train_i=197400, total_steps=4935000
2025-12-18 00:39:59,031: it=197400, lxP=0.00, lxG=0.26, lxGt=24.17, lp=0.04, lg=2.12, aP=100.00, aGinf=87.25, aGt=62.25
2025-12-18 00:40:26,499: MaxHebb=0.24380, T=1.00, F=1.00, L=1.00, train_i=197500, total_steps=4937500
2025-12-18 00:40:26,499: it=197500, lxP=0.00, lxG=0.26, lxGt=21.86, lp=0.03, lg=2.11, aP=100.00, aGinf=90.50, aGt=67.25
2025-12-18 00:40:53,848: MaxHebb=0.26506, T=1.00, F=1.00, L=1.00, train_i=197600, total_steps=4940000
2025-12-18 00:40:53,848: it=197600, lxP=0.02, lxG=0.06, lxGt=22.67, lp=0.04, lg=2.10, aP=100.00, aGinf=87.75, aGt=66.25
2025-12-18 00:41:22,767: MaxHebb=0.29423, T=1.00, F=1.00, L=1.00, train_i=197700, total_steps=4942500
2025-12-18 00:41:22,767: it=197700, lxP=0.00, lxG=0.12, lxGt=20.53, lp=0.03, lg=2.12, aP=100.00, aGinf=89.75, aGt=67.75
2025-12-18 00:41:50,160: MaxHebb=0.21504, T=1.00, F=1.00, L=1.00, train_i=197800, total_steps=4945000
2025-12-18 00:41:50,160: it=197800, lxP=0.00, lxG=0.04, lxGt=21.53, lp=0.02, lg=2.08, aP=100.00, aGinf=91.50, aGt=67.00
2025-12-18 00:42:17,588: MaxHebb=0.29384, T=1.00, F=1.00, L=1.00, train_i=197900, total_steps=4947500
2025-12-18 00:42:17,588: it=197900, lxP=0.00, lxG=0.03, lxGt=24.42, lp=0.01, lg=2.09, aP=100.00, aGinf=94.00, aGt=70.25
2025-12-18 00:42:45,026: MaxHebb=0.28031, T=1.00, F=1.00, L=1.00, train_i=198000, total_steps=4950000
2025-12-18 00:42:45,026: it=198000, lxP=0.01, lxG=0.06, lxGt=19.34, lp=0.02, lg=2.11, aP=100.00, aGinf=95.25, aGt=69.75
2025-12-18 00:42:46,587: save data time 0.10, train_i=198000.00, total_steps=4950000.00
2025-12-18 00:43:13,983: MaxHebb=0.29452, T=1.00, F=1.00, L=1.00, train_i=198100, total_steps=4952500
2025-12-18 00:43:13,984: it=198100, lxP=0.00, lxG=4.89, lxGt=21.14, lp=0.01, lg=2.11, aP=100.00, aGinf=89.50, aGt=64.50
2025-12-18 00:43:41,429: MaxHebb=0.28464, T=1.00, F=1.00, L=1.00, train_i=198200, total_steps=4955000
2025-12-18 00:43:41,430: it=198200, lxP=0.00, lxG=0.01, lxGt=22.43, lp=0.01, lg=2.13, aP=100.00, aGinf=94.25, aGt=66.50
2025-12-18 00:44:08,890: MaxHebb=0.28472, T=1.00, F=1.00, L=1.00, train_i=198300, total_steps=4957500
2025-12-18 00:44:08,890: it=198300, lxP=0.00, lxG=0.22, lxGt=20.17, lp=0.03, lg=2.13, aP=100.00, aGinf=87.25, aGt=66.50
2025-12-18 00:44:36,298: MaxHebb=0.30027, T=1.00, F=1.00, L=1.00, train_i=198400, total_steps=4960000
2025-12-18 00:44:36,298: it=198400, lxP=0.00, lxG=0.12, lxGt=17.80, lp=0.02, lg=2.13, aP=100.00, aGinf=89.00, aGt=64.50
2025-12-18 00:45:05,152: MaxHebb=0.21705, T=1.00, F=1.00, L=1.00, train_i=198500, total_steps=4962500
2025-12-18 00:45:05,152: it=198500, lxP=0.00, lxG=0.08, lxGt=18.37, lp=0.01, lg=2.09, aP=100.00, aGinf=89.50, aGt=64.00
2025-12-18 00:45:32,571: MaxHebb=0.28056, T=1.00, F=1.00, L=1.00, train_i=198600, total_steps=4965000
2025-12-18 00:45:32,572: it=198600, lxP=0.01, lxG=0.15, lxGt=24.68, lp=0.04, lg=2.11, aP=100.00, aGinf=92.00, aGt=66.00
2025-12-18 00:45:59,961: MaxHebb=0.27768, T=1.00, F=1.00, L=1.00, train_i=198700, total_steps=4967500
2025-12-18 00:45:59,961: it=198700, lxP=0.00, lxG=0.60, lxGt=19.45, lp=0.01, lg=2.10, aP=100.00, aGinf=89.50, aGt=66.00
2025-12-18 00:46:27,361: MaxHebb=0.29964, T=1.00, F=1.00, L=1.00, train_i=198800, total_steps=4970000
2025-12-18 00:46:27,361: it=198800, lxP=0.03, lxG=0.39, lxGt=18.52, lp=0.04, lg=2.10, aP=100.00, aGinf=87.75, aGt=66.75
2025-12-18 00:46:56,171: MaxHebb=0.29456, T=1.00, F=1.00, L=1.00, train_i=198900, total_steps=4972500
2025-12-18 00:46:56,171: it=198900, lxP=0.00, lxG=0.19, lxGt=18.43, lp=0.03, lg=2.09, aP=100.00, aGinf=88.00, aGt=65.75
2025-12-18 00:47:23,595: MaxHebb=0.28580, T=1.00, F=1.00, L=1.00, train_i=199000, total_steps=4975000
2025-12-18 00:47:23,595: it=199000, lxP=0.00, lxG=0.15, lxGt=19.87, lp=0.03, lg=2.07, aP=100.00, aGinf=89.25, aGt=64.50
2025-12-18 00:47:50,981: MaxHebb=0.29262, T=1.00, F=1.00, L=1.00, train_i=199100, total_steps=4977500
2025-12-18 00:47:50,981: it=199100, lxP=0.04, lxG=0.44, lxGt=20.89, lp=0.01, lg=2.08, aP=100.00, aGinf=96.50, aGt=75.25
2025-12-18 00:48:18,353: MaxHebb=0.28786, T=1.00, F=1.00, L=1.00, train_i=199200, total_steps=4980000
2025-12-18 00:48:18,353: it=199200, lxP=0.01, lxG=0.16, lxGt=20.80, lp=0.02, lg=2.08, aP=100.00, aGinf=94.00, aGt=70.75
2025-12-18 00:48:47,294: MaxHebb=0.30221, T=1.00, F=1.00, L=1.00, train_i=199300, total_steps=4982500
2025-12-18 00:48:47,294: it=199300, lxP=0.00, lxG=0.61, lxGt=22.99, lp=0.02, lg=2.13, aP=100.00, aGinf=91.75, aGt=67.50
2025-12-18 00:49:14,845: MaxHebb=0.29609, T=1.00, F=1.00, L=1.00, train_i=199400, total_steps=4985000
2025-12-18 00:49:14,845: it=199400, lxP=0.00, lxG=0.59, lxGt=20.00, lp=0.03, lg=2.12, aP=100.00, aGinf=89.00, aGt=68.00
2025-12-18 00:49:42,359: MaxHebb=0.29064, T=1.00, F=1.00, L=1.00, train_i=199500, total_steps=4987500
2025-12-18 00:49:42,359: it=199500, lxP=0.00, lxG=0.08, lxGt=19.15, lp=0.01, lg=2.09, aP=100.00, aGinf=91.00, aGt=65.25
2025-12-18 00:50:09,876: MaxHebb=0.28662, T=1.00, F=1.00, L=1.00, train_i=199600, total_steps=4990000
2025-12-18 00:50:09,876: it=199600, lxP=0.00, lxG=0.01, lxGt=19.12, lp=0.02, lg=2.10, aP=100.00, aGinf=93.25, aGt=69.75
2025-12-18 00:50:38,859: MaxHebb=0.28205, T=1.00, F=1.00, L=1.00, train_i=199700, total_steps=4992500
2025-12-18 00:50:38,859: it=199700, lxP=0.00, lxG=0.29, lxGt=22.40, lp=0.01, lg=2.13, aP=100.00, aGinf=88.75, aGt=64.50
2025-12-18 00:51:06,320: MaxHebb=0.28878, T=1.00, F=1.00, L=1.00, train_i=199800, total_steps=4995000
2025-12-18 00:51:06,320: it=199800, lxP=0.00, lxG=0.05, lxGt=22.43, lp=0.02, lg=2.15, aP=100.00, aGinf=87.25, aGt=61.00
2025-12-18 00:51:33,703: MaxHebb=0.28845, T=1.00, F=1.00, L=1.00, train_i=199900, total_steps=4997500
2025-12-18 00:51:33,703: it=199900, lxP=0.00, lxG=0.03, lxGt=24.00, lp=0.01, lg=2.10, aP=100.00, aGinf=95.25, aGt=69.50
2025-12-18 00:52:01,156: MaxHebb=0.29975, T=1.00, F=1.00, L=1.00, train_i=200000, total_steps=5000000
2025-12-18 00:52:01,156: it=200000, lxP=0.00, lxG=0.12, lxGt=21.73, lp=0.01, lg=2.02, aP=100.00, aGinf=84.75, aGt=63.25
2025-12-18 00:52:02,692: save data time 0.10, train_i=200000.00, total_steps=5000000.00
2025-12-18 00:52:30,125: MaxHebb=0.28418, T=1.00, F=1.00, L=1.00, train_i=200100, total_steps=5002500
2025-12-18 00:52:30,125: it=200100, lxP=0.00, lxG=0.06, lxGt=20.45, lp=0.02, lg=2.07, aP=100.00, aGinf=94.00, aGt=70.50
2025-12-18 00:52:57,658: MaxHebb=0.30764, T=1.00, F=1.00, L=1.00, train_i=200200, total_steps=5005000
2025-12-18 00:52:57,658: it=200200, lxP=0.00, lxG=0.69, lxGt=20.31, lp=0.01, lg=2.11, aP=100.00, aGinf=93.50, aGt=70.75
2025-12-18 00:53:25,126: MaxHebb=0.31015, T=1.00, F=1.00, L=1.00, train_i=200300, total_steps=5007500
2025-12-18 00:53:25,126: it=200300, lxP=0.10, lxG=0.33, lxGt=20.85, lp=0.01, lg=2.07, aP=100.00, aGinf=92.00, aGt=68.00
2025-12-18 00:53:52,751: MaxHebb=0.27903, T=1.00, F=1.00, L=1.00, train_i=200400, total_steps=5010000
2025-12-18 00:53:52,752: it=200400, lxP=0.01, lxG=0.07, lxGt=17.84, lp=0.04, lg=2.07, aP=100.00, aGinf=89.75, aGt=68.25
2025-12-18 00:54:21,688: MaxHebb=0.21211, T=1.00, F=1.00, L=1.00, train_i=200500, total_steps=5012500
2025-12-18 00:54:21,688: it=200500, lxP=0.01, lxG=0.09, lxGt=23.32, lp=0.01, lg=2.03, aP=100.00, aGinf=94.50, aGt=63.25
2025-12-18 00:54:49,084: MaxHebb=0.27084, T=1.00, F=1.00, L=1.00, train_i=200600, total_steps=5015000
2025-12-18 00:54:49,084: it=200600, lxP=0.00, lxG=0.06, lxGt=20.70, lp=0.01, lg=2.06, aP=100.00, aGinf=97.25, aGt=70.75
2025-12-18 00:55:16,504: MaxHebb=0.29014, T=1.00, F=1.00, L=1.00, train_i=200700, total_steps=5017500
2025-12-18 00:55:16,504: it=200700, lxP=0.00, lxG=1.12, lxGt=22.04, lp=0.01, lg=2.05, aP=100.00, aGinf=90.50, aGt=69.25
2025-12-18 00:55:43,906: MaxHebb=0.30499, T=1.00, F=1.00, L=1.00, train_i=200800, total_steps=5020000
2025-12-18 00:55:43,906: it=200800, lxP=0.00, lxG=0.06, lxGt=20.17, lp=0.02, lg=2.14, aP=100.00, aGinf=89.25, aGt=62.75
2025-12-18 00:56:12,734: MaxHebb=0.29688, T=1.00, F=1.00, L=1.00, train_i=200900, total_steps=5022500
2025-12-18 00:56:12,734: it=200900, lxP=0.00, lxG=0.05, lxGt=19.76, lp=0.02, lg=2.11, aP=100.00, aGinf=91.25, aGt=68.50
2025-12-18 00:56:40,216: MaxHebb=0.23019, T=1.00, F=1.00, L=1.00, train_i=201000, total_steps=5025000
2025-12-18 00:56:40,216: it=201000, lxP=0.01, lxG=0.77, lxGt=22.02, lp=0.02, lg=2.02, aP=100.00, aGinf=91.25, aGt=68.00
2025-12-18 00:57:07,670: MaxHebb=0.28039, T=1.00, F=1.00, L=1.00, train_i=201100, total_steps=5027500
2025-12-18 00:57:07,670: it=201100, lxP=0.00, lxG=0.27, lxGt=20.44, lp=0.02, lg=2.05, aP=100.00, aGinf=91.00, aGt=68.75
2025-12-18 00:57:35,174: MaxHebb=0.30729, T=1.00, F=1.00, L=1.00, train_i=201200, total_steps=5030000
2025-12-18 00:57:35,174: it=201200, lxP=0.00, lxG=0.25, lxGt=20.09, lp=0.02, lg=2.12, aP=100.00, aGinf=88.50, aGt=64.00
2025-12-18 00:58:04,184: MaxHebb=0.22258, T=1.00, F=1.00, L=1.00, train_i=201300, total_steps=5032500
2025-12-18 00:58:04,184: it=201300, lxP=0.00, lxG=0.05, lxGt=18.37, lp=0.02, lg=2.09, aP=100.00, aGinf=92.00, aGt=70.25
2025-12-18 00:58:31,706: MaxHebb=0.28957, T=1.00, F=1.00, L=1.00, train_i=201400, total_steps=5035000
2025-12-18 00:58:31,706: it=201400, lxP=0.00, lxG=0.42, lxGt=19.72, lp=0.01, lg=2.11, aP=100.00, aGinf=87.00, aGt=64.00
2025-12-18 00:58:59,185: MaxHebb=0.30170, T=1.00, F=1.00, L=1.00, train_i=201500, total_steps=5037500
2025-12-18 00:58:59,185: it=201500, lxP=0.00, lxG=0.17, lxGt=22.07, lp=0.01, lg=2.10, aP=100.00, aGinf=88.25, aGt=62.75
2025-12-18 00:59:26,642: MaxHebb=0.21724, T=1.00, F=1.00, L=1.00, train_i=201600, total_steps=5040000
2025-12-18 00:59:26,643: it=201600, lxP=0.00, lxG=0.12, lxGt=18.71, lp=0.01, lg=2.07, aP=100.00, aGinf=92.25, aGt=70.75
2025-12-18 00:59:55,527: MaxHebb=0.30552, T=1.00, F=1.00, L=1.00, train_i=201700, total_steps=5042500
2025-12-18 00:59:55,527: it=201700, lxP=0.00, lxG=0.06, lxGt=22.39, lp=0.01, lg=2.10, aP=100.00, aGinf=97.00, aGt=71.75
2025-12-18 01:00:22,981: MaxHebb=0.28626, T=1.00, F=1.00, L=1.00, train_i=201800, total_steps=5045000
2025-12-18 01:00:22,981: it=201800, lxP=0.00, lxG=0.09, lxGt=23.92, lp=0.01, lg=2.09, aP=100.00, aGinf=94.00, aGt=69.00
2025-12-18 01:00:50,469: MaxHebb=0.23896, T=1.00, F=1.00, L=1.00, train_i=201900, total_steps=5047500
2025-12-18 01:00:50,469: it=201900, lxP=0.00, lxG=0.07, lxGt=24.17, lp=0.01, lg=2.07, aP=100.00, aGinf=90.00, aGt=63.75
2025-12-18 01:01:17,899: MaxHebb=0.28939, T=1.00, F=1.00, L=1.00, train_i=202000, total_steps=5050000
2025-12-18 01:01:17,900: it=202000, lxP=0.03, lxG=0.60, lxGt=18.38, lp=0.02, lg=2.06, aP=100.00, aGinf=94.00, aGt=70.00
2025-12-18 01:01:19,430: save data time 0.11, train_i=202000.00, total_steps=5050000.00
2025-12-18 01:01:46,862: MaxHebb=0.24792, T=1.00, F=1.00, L=1.00, train_i=202100, total_steps=5052500
2025-12-18 01:01:46,862: it=202100, lxP=0.00, lxG=0.14, lxGt=21.38, lp=0.01, lg=2.07, aP=100.00, aGinf=94.75, aGt=70.50
2025-12-18 01:02:14,252: MaxHebb=0.26857, T=1.00, F=1.00, L=1.00, train_i=202200, total_steps=5055000
2025-12-18 01:02:14,252: it=202200, lxP=0.01, lxG=0.14, lxGt=21.27, lp=0.01, lg=2.04, aP=100.00, aGinf=85.75, aGt=61.25
2025-12-18 01:02:41,657: MaxHebb=0.24456, T=1.00, F=1.00, L=1.00, train_i=202300, total_steps=5057500
2025-12-18 01:02:41,657: it=202300, lxP=0.00, lxG=0.01, lxGt=21.29, lp=0.01, lg=2.08, aP=100.00, aGinf=93.50, aGt=66.25
2025-12-18 01:03:09,064: MaxHebb=0.28773, T=1.00, F=1.00, L=1.00, train_i=202400, total_steps=5060000
2025-12-18 01:03:09,064: it=202400, lxP=0.00, lxG=0.37, lxGt=23.62, lp=0.01, lg=2.12, aP=100.00, aGinf=95.75, aGt=70.50
2025-12-18 01:03:37,959: MaxHebb=0.29515, T=1.00, F=1.00, L=1.00, train_i=202500, total_steps=5062500
2025-12-18 01:03:37,959: it=202500, lxP=0.01, lxG=0.31, lxGt=21.98, lp=0.01, lg=2.05, aP=100.00, aGinf=91.00, aGt=66.00
2025-12-18 01:04:05,399: MaxHebb=0.30171, T=1.00, F=1.00, L=1.00, train_i=202600, total_steps=5065000
2025-12-18 01:04:05,399: it=202600, lxP=0.00, lxG=0.04, lxGt=16.00, lp=0.04, lg=2.12, aP=100.00, aGinf=88.00, aGt=64.25
2025-12-18 01:04:32,850: MaxHebb=0.28885, T=1.00, F=1.00, L=1.00, train_i=202700, total_steps=5067500
2025-12-18 01:04:32,850: it=202700, lxP=0.02, lxG=0.80, lxGt=20.46, lp=0.02, lg=2.03, aP=100.00, aGinf=92.25, aGt=68.75
2025-12-18 01:05:00,335: MaxHebb=0.29569, T=1.00, F=1.00, L=1.00, train_i=202800, total_steps=5070000
2025-12-18 01:05:00,335: it=202800, lxP=0.00, lxG=0.08, lxGt=19.96, lp=0.02, lg=2.08, aP=100.00, aGinf=93.00, aGt=67.50
2025-12-18 01:05:29,352: MaxHebb=0.27167, T=1.00, F=1.00, L=1.00, train_i=202900, total_steps=5072500
2025-12-18 01:05:29,352: it=202900, lxP=0.00, lxG=0.07, lxGt=20.46, lp=0.02, lg=2.08, aP=100.00, aGinf=92.25, aGt=69.00
2025-12-18 01:05:56,948: MaxHebb=0.28919, T=1.00, F=1.00, L=1.00, train_i=203000, total_steps=5075000
2025-12-18 01:05:56,948: it=203000, lxP=0.00, lxG=0.04, lxGt=16.27, lp=0.02, lg=2.03, aP=100.00, aGinf=87.00, aGt=65.00
2025-12-18 01:06:24,511: MaxHebb=0.29030, T=1.00, F=1.00, L=1.00, train_i=203100, total_steps=5077500
2025-12-18 01:06:24,511: it=203100, lxP=0.00, lxG=0.40, lxGt=23.45, lp=0.02, lg=2.08, aP=100.00, aGinf=87.50, aGt=62.00
2025-12-18 01:06:52,061: MaxHebb=0.28949, T=1.00, F=1.00, L=1.00, train_i=203200, total_steps=5080000
2025-12-18 01:06:52,061: it=203200, lxP=0.00, lxG=0.06, lxGt=20.19, lp=0.02, lg=2.08, aP=100.00, aGinf=87.75, aGt=62.50
2025-12-18 01:07:21,165: MaxHebb=0.29099, T=1.00, F=1.00, L=1.00, train_i=203300, total_steps=5082500
2025-12-18 01:07:21,165: it=203300, lxP=0.00, lxG=0.15, lxGt=23.06, lp=0.01, lg=2.05, aP=100.00, aGinf=86.50, aGt=61.50
2025-12-18 01:07:48,729: MaxHebb=0.25069, T=1.00, F=1.00, L=1.00, train_i=203400, total_steps=5085000
2025-12-18 01:07:48,729: it=203400, lxP=0.00, lxG=0.34, lxGt=19.10, lp=0.02, lg=2.10, aP=100.00, aGinf=89.00, aGt=66.75
2025-12-18 01:08:16,253: MaxHebb=0.30078, T=1.00, F=1.00, L=1.00, train_i=203500, total_steps=5087500
2025-12-18 01:08:16,253: it=203500, lxP=0.07, lxG=0.09, lxGt=20.99, lp=0.01, lg=2.09, aP=100.00, aGinf=96.25, aGt=73.50
2025-12-18 01:08:43,699: MaxHebb=0.26179, T=1.00, F=1.00, L=1.00, train_i=203600, total_steps=5090000
2025-12-18 01:08:43,699: it=203600, lxP=0.00, lxG=0.51, lxGt=21.44, lp=0.02, lg=2.05, aP=100.00, aGinf=95.50, aGt=68.75
2025-12-18 01:09:12,631: MaxHebb=0.26436, T=1.00, F=1.00, L=1.00, train_i=203700, total_steps=5092500
2025-12-18 01:09:12,631: it=203700, lxP=0.00, lxG=0.09, lxGt=24.50, lp=0.02, lg=2.07, aP=100.00, aGinf=95.00, aGt=68.00
2025-12-18 01:09:40,196: MaxHebb=0.29305, T=1.00, F=1.00, L=1.00, train_i=203800, total_steps=5095000
2025-12-18 01:09:40,196: it=203800, lxP=0.00, lxG=0.81, lxGt=21.62, lp=0.01, lg=2.12, aP=100.00, aGinf=93.00, aGt=71.75
2025-12-18 01:10:07,681: MaxHebb=0.27175, T=1.00, F=1.00, L=1.00, train_i=203900, total_steps=5097500
2025-12-18 01:10:07,681: it=203900, lxP=0.00, lxG=0.19, lxGt=23.46, lp=0.02, lg=2.10, aP=100.00, aGinf=86.25, aGt=63.50
2025-12-18 01:10:35,149: MaxHebb=0.23832, T=1.00, F=1.00, L=1.00, train_i=204000, total_steps=5100000
2025-12-18 01:10:35,149: it=204000, lxP=0.00, lxG=0.28, lxGt=23.25, lp=0.02, lg=2.08, aP=100.00, aGinf=90.25, aGt=65.00
2025-12-18 01:10:36,708: save data time 0.11, train_i=204000.00, total_steps=5100000.00
2025-12-18 01:11:04,017: MaxHebb=0.25807, T=1.00, F=1.00, L=1.00, train_i=204100, total_steps=5102500
2025-12-18 01:11:04,017: it=204100, lxP=0.00, lxG=0.17, lxGt=19.64, lp=0.03, lg=2.07, aP=100.00, aGinf=87.25, aGt=63.00
2025-12-18 01:11:31,384: MaxHebb=0.24711, T=1.00, F=1.00, L=1.00, train_i=204200, total_steps=5105000
2025-12-18 01:11:31,384: it=204200, lxP=0.00, lxG=0.12, lxGt=20.29, lp=0.01, lg=2.06, aP=100.00, aGinf=94.75, aGt=73.50
2025-12-18 01:11:58,806: MaxHebb=0.30025, T=1.00, F=1.00, L=1.00, train_i=204300, total_steps=5107500
2025-12-18 01:11:58,806: it=204300, lxP=0.05, lxG=0.21, lxGt=21.24, lp=0.01, lg=2.02, aP=100.00, aGinf=93.75, aGt=67.75
2025-12-18 01:12:26,152: MaxHebb=0.29079, T=1.00, F=1.00, L=1.00, train_i=204400, total_steps=5110000
2025-12-18 01:12:26,152: it=204400, lxP=0.00, lxG=0.10, lxGt=21.03, lp=0.02, lg=2.03, aP=100.00, aGinf=92.25, aGt=69.25
2025-12-18 01:12:55,114: MaxHebb=0.25912, T=1.00, F=1.00, L=1.00, train_i=204500, total_steps=5112500
2025-12-18 01:12:55,114: it=204500, lxP=0.00, lxG=0.01, lxGt=20.85, lp=0.01, lg=2.07, aP=100.00, aGinf=86.25, aGt=63.00
2025-12-18 01:13:22,528: MaxHebb=0.29363, T=1.00, F=1.00, L=1.00, train_i=204600, total_steps=5115000
2025-12-18 01:13:22,528: it=204600, lxP=0.01, lxG=0.06, lxGt=23.09, lp=0.02, lg=2.08, aP=100.00, aGinf=93.75, aGt=70.75
2025-12-18 01:13:49,935: MaxHebb=0.28478, T=1.00, F=1.00, L=1.00, train_i=204700, total_steps=5117500
2025-12-18 01:13:49,935: it=204700, lxP=0.02, lxG=0.31, lxGt=19.03, lp=0.01, lg=2.04, aP=100.00, aGinf=96.75, aGt=75.25
2025-12-18 01:14:17,338: MaxHebb=0.29842, T=1.00, F=1.00, L=1.00, train_i=204800, total_steps=5120000
2025-12-18 01:14:17,338: it=204800, lxP=0.05, lxG=0.04, lxGt=24.55, lp=0.02, lg=2.07, aP=100.00, aGinf=91.75, aGt=66.25
2025-12-18 01:14:46,259: MaxHebb=0.29637, T=1.00, F=1.00, L=1.00, train_i=204900, total_steps=5122500
2025-12-18 01:14:46,259: it=204900, lxP=0.00, lxG=0.11, lxGt=23.26, lp=0.02, lg=2.08, aP=100.00, aGinf=89.25, aGt=67.50
2025-12-18 01:15:13,630: MaxHebb=0.29604, T=1.00, F=1.00, L=1.00, train_i=205000, total_steps=5125000
2025-12-18 01:15:13,630: it=205000, lxP=0.01, lxG=0.09, lxGt=19.13, lp=0.02, lg=2.04, aP=100.00, aGinf=90.75, aGt=63.25
2025-12-18 01:15:41,050: MaxHebb=0.28619, T=1.00, F=1.00, L=1.00, train_i=205100, total_steps=5127500
2025-12-18 01:15:41,050: it=205100, lxP=0.08, lxG=0.04, lxGt=21.01, lp=0.01, lg=2.02, aP=100.00, aGinf=91.00, aGt=69.75
2025-12-18 01:16:08,510: MaxHebb=0.30795, T=1.00, F=1.00, L=1.00, train_i=205200, total_steps=5130000
2025-12-18 01:16:08,510: it=205200, lxP=0.00, lxG=0.18, lxGt=19.76, lp=0.02, lg=2.06, aP=100.00, aGinf=91.00, aGt=68.25
2025-12-18 01:16:37,372: MaxHebb=0.30391, T=1.00, F=1.00, L=1.00, train_i=205300, total_steps=5132500
2025-12-18 01:16:37,373: it=205300, lxP=0.00, lxG=0.03, lxGt=21.02, lp=0.01, lg=2.07, aP=100.00, aGinf=93.25, aGt=68.25
2025-12-18 01:17:04,798: MaxHebb=0.30331, T=1.00, F=1.00, L=1.00, train_i=205400, total_steps=5135000
2025-12-18 01:17:04,798: it=205400, lxP=0.00, lxG=0.02, lxGt=16.82, lp=0.03, lg=2.09, aP=100.00, aGinf=92.25, aGt=68.75
2025-12-18 01:17:32,250: MaxHebb=0.29294, T=1.00, F=1.00, L=1.00, train_i=205500, total_steps=5137500
2025-12-18 01:17:32,250: it=205500, lxP=0.00, lxG=0.04, lxGt=24.44, lp=0.01, lg=2.13, aP=100.00, aGinf=91.25, aGt=66.50
2025-12-18 01:17:59,745: MaxHebb=0.28187, T=1.00, F=1.00, L=1.00, train_i=205600, total_steps=5140000
2025-12-18 01:17:59,745: it=205600, lxP=0.00, lxG=0.05, lxGt=19.17, lp=0.02, lg=2.09, aP=100.00, aGinf=89.00, aGt=65.00
2025-12-18 01:18:28,600: MaxHebb=0.25821, T=1.00, F=1.00, L=1.00, train_i=205700, total_steps=5142500
2025-12-18 01:18:28,600: it=205700, lxP=0.00, lxG=0.35, lxGt=16.63, lp=0.03, lg=2.04, aP=100.00, aGinf=88.50, aGt=65.25
2025-12-18 01:18:56,006: MaxHebb=0.29813, T=1.00, F=1.00, L=1.00, train_i=205800, total_steps=5145000
2025-12-18 01:18:56,006: it=205800, lxP=0.00, lxG=0.07, lxGt=23.68, lp=0.03, lg=2.05, aP=100.00, aGinf=87.50, aGt=63.00
2025-12-18 01:19:23,486: MaxHebb=0.29782, T=1.00, F=1.00, L=1.00, train_i=205900, total_steps=5147500
2025-12-18 01:19:23,486: it=205900, lxP=0.00, lxG=0.13, lxGt=20.24, lp=0.02, lg=2.04, aP=100.00, aGinf=94.50, aGt=68.50
2025-12-18 01:19:50,923: MaxHebb=0.24051, T=1.00, F=1.00, L=1.00, train_i=206000, total_steps=5150000
2025-12-18 01:19:50,923: it=206000, lxP=0.01, lxG=1.00, lxGt=22.01, lp=0.01, lg=2.02, aP=100.00, aGinf=93.75, aGt=68.75
2025-12-18 01:19:52,478: save data time 0.12, train_i=206000.00, total_steps=5150000.00
2025-12-18 01:20:19,918: MaxHebb=0.29162, T=1.00, F=1.00, L=1.00, train_i=206100, total_steps=5152500
2025-12-18 01:20:19,918: it=206100, lxP=0.00, lxG=0.05, lxGt=19.12, lp=0.01, lg=2.03, aP=100.00, aGinf=90.75, aGt=67.00
2025-12-18 01:20:47,359: MaxHebb=0.25139, T=1.00, F=1.00, L=1.00, train_i=206200, total_steps=5155000
2025-12-18 01:20:47,359: it=206200, lxP=0.00, lxG=0.23, lxGt=22.41, lp=0.02, lg=2.00, aP=100.00, aGinf=93.25, aGt=68.25
2025-12-18 01:21:14,802: MaxHebb=0.27170, T=1.00, F=1.00, L=1.00, train_i=206300, total_steps=5157500
2025-12-18 01:21:14,803: it=206300, lxP=0.00, lxG=0.11, lxGt=20.02, lp=0.02, lg=2.07, aP=100.00, aGinf=92.50, aGt=68.25
2025-12-18 01:21:42,175: MaxHebb=0.30481, T=1.00, F=1.00, L=1.00, train_i=206400, total_steps=5160000
2025-12-18 01:21:42,175: it=206400, lxP=0.00, lxG=0.10, lxGt=17.57, lp=0.02, lg=2.05, aP=100.00, aGinf=92.00, aGt=70.25
2025-12-18 01:22:10,999: MaxHebb=0.26603, T=1.00, F=1.00, L=1.00, train_i=206500, total_steps=5162500
2025-12-18 01:22:10,999: it=206500, lxP=0.01, lxG=0.03, lxGt=21.16, lp=0.01, lg=2.06, aP=100.00, aGinf=90.50, aGt=69.00
2025-12-18 01:22:38,424: MaxHebb=0.29510, T=1.00, F=1.00, L=1.00, train_i=206600, total_steps=5165000
2025-12-18 01:22:38,424: it=206600, lxP=0.00, lxG=0.14, lxGt=17.94, lp=0.02, lg=2.06, aP=100.00, aGinf=89.50, aGt=65.50
2025-12-18 01:23:05,828: MaxHebb=0.29200, T=1.00, F=1.00, L=1.00, train_i=206700, total_steps=5167500
2025-12-18 01:23:05,829: it=206700, lxP=0.00, lxG=0.04, lxGt=20.25, lp=0.02, lg=2.05, aP=100.00, aGinf=90.50, aGt=65.00
2025-12-18 01:23:33,325: MaxHebb=0.30325, T=1.00, F=1.00, L=1.00, train_i=206800, total_steps=5170000
2025-12-18 01:23:33,325: it=206800, lxP=0.01, lxG=0.12, lxGt=20.05, lp=0.02, lg=2.05, aP=100.00, aGinf=89.00, aGt=64.50
2025-12-18 01:24:02,291: MaxHebb=0.30299, T=1.00, F=1.00, L=1.00, train_i=206900, total_steps=5172500
2025-12-18 01:24:02,291: it=206900, lxP=0.00, lxG=0.19, lxGt=22.47, lp=0.03, lg=2.08, aP=100.00, aGinf=87.50, aGt=63.50
2025-12-18 01:24:29,670: MaxHebb=0.30129, T=1.00, F=1.00, L=1.00, train_i=207000, total_steps=5175000
2025-12-18 01:24:29,670: it=207000, lxP=0.00, lxG=0.10, lxGt=18.53, lp=0.02, lg=2.08, aP=100.00, aGinf=88.00, aGt=66.00
2025-12-18 01:24:57,069: MaxHebb=0.28920, T=1.00, F=1.00, L=1.00, train_i=207100, total_steps=5177500
2025-12-18 01:24:57,069: it=207100, lxP=0.00, lxG=0.08, lxGt=20.13, lp=0.03, lg=2.07, aP=100.00, aGinf=91.25, aGt=68.00
2025-12-18 01:25:24,480: MaxHebb=0.30055, T=1.00, F=1.00, L=1.00, train_i=207200, total_steps=5180000
2025-12-18 01:25:24,480: it=207200, lxP=0.03, lxG=0.14, lxGt=22.18, lp=0.02, lg=2.07, aP=100.00, aGinf=90.50, aGt=68.25
2025-12-18 01:25:53,360: MaxHebb=0.30384, T=1.00, F=1.00, L=1.00, train_i=207300, total_steps=5182500
2025-12-18 01:25:53,361: it=207300, lxP=0.00, lxG=0.08, lxGt=20.59, lp=0.03, lg=2.07, aP=100.00, aGinf=95.00, aGt=69.75
2025-12-18 01:26:20,778: MaxHebb=0.29765, T=1.00, F=1.00, L=1.00, train_i=207400, total_steps=5185000
2025-12-18 01:26:20,778: it=207400, lxP=0.01, lxG=0.09, lxGt=19.73, lp=0.02, lg=2.05, aP=100.00, aGinf=93.25, aGt=72.50
2025-12-18 01:26:48,174: MaxHebb=0.25360, T=1.00, F=1.00, L=1.00, train_i=207500, total_steps=5187500
2025-12-18 01:26:48,174: it=207500, lxP=0.00, lxG=0.18, lxGt=21.93, lp=0.03, lg=2.06, aP=100.00, aGinf=88.00, aGt=63.25
2025-12-18 01:27:15,606: MaxHebb=0.30003, T=1.00, F=1.00, L=1.00, train_i=207600, total_steps=5190000
2025-12-18 01:27:15,606: it=207600, lxP=0.00, lxG=0.12, lxGt=21.61, lp=0.05, lg=2.11, aP=100.00, aGinf=87.75, aGt=61.75
2025-12-18 01:27:44,541: MaxHebb=0.29604, T=1.00, F=1.00, L=1.00, train_i=207700, total_steps=5192500
2025-12-18 01:27:44,542: it=207700, lxP=0.01, lxG=0.26, lxGt=22.96, lp=0.02, lg=2.05, aP=100.00, aGinf=92.25, aGt=68.00
2025-12-18 01:28:11,933: MaxHebb=0.29573, T=1.00, F=1.00, L=1.00, train_i=207800, total_steps=5195000
2025-12-18 01:28:11,933: it=207800, lxP=0.00, lxG=0.22, lxGt=19.73, lp=0.01, lg=2.09, aP=100.00, aGinf=86.50, aGt=63.75
2025-12-18 01:28:39,329: MaxHebb=0.27982, T=1.00, F=1.00, L=1.00, train_i=207900, total_steps=5197500
2025-12-18 01:28:39,329: it=207900, lxP=0.00, lxG=0.18, lxGt=20.38, lp=0.02, lg=2.07, aP=100.00, aGinf=93.50, aGt=70.00
2025-12-18 01:29:06,783: MaxHebb=0.27082, T=1.00, F=1.00, L=1.00, train_i=208000, total_steps=5200000
2025-12-18 01:29:06,783: it=208000, lxP=0.00, lxG=0.09, lxGt=24.32, lp=0.01, lg=2.16, aP=100.00, aGinf=93.50, aGt=67.00
2025-12-18 01:29:08,351: save data time 0.11, train_i=208000.00, total_steps=5200000.00
2025-12-18 01:29:35,767: MaxHebb=0.27586, T=1.00, F=1.00, L=1.00, train_i=208100, total_steps=5202500
2025-12-18 01:29:35,768: it=208100, lxP=0.00, lxG=0.82, lxGt=25.41, lp=0.03, lg=2.09, aP=100.00, aGinf=86.00, aGt=61.00
2025-12-18 01:30:03,191: MaxHebb=0.22104, T=1.00, F=1.00, L=1.00, train_i=208200, total_steps=5205000
2025-12-18 01:30:03,191: it=208200, lxP=0.01, lxG=0.09, lxGt=18.74, lp=0.04, lg=2.04, aP=100.00, aGinf=86.00, aGt=63.00
2025-12-18 01:30:30,619: MaxHebb=0.29076, T=1.00, F=1.00, L=1.00, train_i=208300, total_steps=5207500
2025-12-18 01:30:30,619: it=208300, lxP=0.00, lxG=0.09, lxGt=15.39, lp=0.05, lg=2.09, aP=100.00, aGinf=88.25, aGt=67.00
2025-12-18 01:30:58,078: MaxHebb=0.28428, T=1.00, F=1.00, L=1.00, train_i=208400, total_steps=5210000
2025-12-18 01:30:58,078: it=208400, lxP=0.00, lxG=0.19, lxGt=22.18, lp=0.01, lg=2.06, aP=100.00, aGinf=92.00, aGt=68.00
2025-12-18 01:31:27,036: MaxHebb=0.27986, T=1.00, F=1.00, L=1.00, train_i=208500, total_steps=5212500
2025-12-18 01:31:27,036: it=208500, lxP=0.02, lxG=0.28, lxGt=20.33, lp=0.02, lg=2.05, aP=100.00, aGinf=86.75, aGt=61.75
2025-12-18 01:31:54,536: MaxHebb=0.26607, T=1.00, F=1.00, L=1.00, train_i=208600, total_steps=5215000
2025-12-18 01:31:54,536: it=208600, lxP=0.00, lxG=0.29, lxGt=19.53, lp=0.02, lg=2.03, aP=100.00, aGinf=90.50, aGt=68.75
2025-12-18 01:32:22,091: MaxHebb=0.25132, T=1.00, F=1.00, L=1.00, train_i=208700, total_steps=5217500
2025-12-18 01:32:22,092: it=208700, lxP=0.00, lxG=0.19, lxGt=17.75, lp=0.04, lg=2.05, aP=100.00, aGinf=86.25, aGt=61.25
2025-12-18 01:32:49,535: MaxHebb=0.26942, T=1.00, F=1.00, L=1.00, train_i=208800, total_steps=5220000
2025-12-18 01:32:49,535: it=208800, lxP=0.00, lxG=0.02, lxGt=22.10, lp=0.02, lg=2.05, aP=100.00, aGinf=95.25, aGt=71.25
2025-12-18 01:33:18,495: MaxHebb=0.29077, T=1.00, F=1.00, L=1.00, train_i=208900, total_steps=5222500
2025-12-18 01:33:18,495: it=208900, lxP=0.00, lxG=0.12, lxGt=19.05, lp=0.03, lg=2.04, aP=100.00, aGinf=90.00, aGt=67.50
2025-12-18 01:33:45,991: MaxHebb=0.20979, T=1.00, F=1.00, L=1.00, train_i=209000, total_steps=5225000
2025-12-18 01:33:45,991: it=209000, lxP=0.00, lxG=0.16, lxGt=21.06, lp=0.01, lg=2.04, aP=100.00, aGinf=91.00, aGt=66.00
2025-12-18 01:34:13,393: MaxHebb=0.29659, T=1.00, F=1.00, L=1.00, train_i=209100, total_steps=5227500
2025-12-18 01:34:13,393: it=209100, lxP=0.00, lxG=0.05, lxGt=20.07, lp=0.03, lg=2.05, aP=100.00, aGinf=87.75, aGt=64.00
2025-12-18 01:34:40,777: MaxHebb=0.29200, T=1.00, F=1.00, L=1.00, train_i=209200, total_steps=5230000
2025-12-18 01:34:40,777: it=209200, lxP=0.00, lxG=3.46, lxGt=22.39, lp=0.01, lg=2.04, aP=100.00, aGinf=91.50, aGt=65.00
2025-12-18 01:35:09,622: MaxHebb=0.28137, T=1.00, F=1.00, L=1.00, train_i=209300, total_steps=5232500
2025-12-18 01:35:09,622: it=209300, lxP=0.00, lxG=0.01, lxGt=19.15, lp=0.01, lg=2.05, aP=100.00, aGinf=96.00, aGt=72.50
2025-12-18 01:35:37,089: MaxHebb=0.30466, T=1.00, F=1.00, L=1.00, train_i=209400, total_steps=5235000
2025-12-18 01:35:37,089: it=209400, lxP=0.01, lxG=0.57, lxGt=19.37, lp=0.02, lg=2.04, aP=100.00, aGinf=91.00, aGt=68.00
2025-12-18 01:36:04,509: MaxHebb=0.29661, T=1.00, F=1.00, L=1.00, train_i=209500, total_steps=5237500
2025-12-18 01:36:04,509: it=209500, lxP=0.00, lxG=0.17, lxGt=19.31, lp=0.03, lg=2.06, aP=100.00, aGinf=88.00, aGt=63.75
2025-12-18 01:36:31,951: MaxHebb=0.29665, T=1.00, F=1.00, L=1.00, train_i=209600, total_steps=5240000
2025-12-18 01:36:31,951: it=209600, lxP=0.00, lxG=0.76, lxGt=21.52, lp=0.02, lg=2.04, aP=100.00, aGinf=89.25, aGt=66.00
2025-12-18 01:37:00,767: MaxHebb=0.30871, T=1.00, F=1.00, L=1.00, train_i=209700, total_steps=5242500
2025-12-18 01:37:00,767: it=209700, lxP=0.00, lxG=0.05, lxGt=16.33, lp=0.03, lg=2.03, aP=100.00, aGinf=89.75, aGt=65.25
2025-12-18 01:37:28,147: MaxHebb=0.30559, T=1.00, F=1.00, L=1.00, train_i=209800, total_steps=5245000
2025-12-18 01:37:28,147: it=209800, lxP=0.00, lxG=0.33, lxGt=21.46, lp=0.02, lg=2.04, aP=100.00, aGinf=92.25, aGt=67.75
2025-12-18 01:37:55,649: MaxHebb=0.29038, T=1.00, F=1.00, L=1.00, train_i=209900, total_steps=5247500
2025-12-18 01:37:55,649: it=209900, lxP=0.04, lxG=0.12, lxGt=22.65, lp=0.02, lg=2.00, aP=100.00, aGinf=92.25, aGt=67.25
2025-12-18 01:38:23,079: MaxHebb=0.28184, T=1.00, F=1.00, L=1.00, train_i=210000, total_steps=5250000
2025-12-18 01:38:23,079: it=210000, lxP=0.02, lxG=0.17, lxGt=23.97, lp=0.02, lg=2.03, aP=100.00, aGinf=90.00, aGt=64.00
2025-12-18 01:38:24,610: save data time 0.11, train_i=210000.00, total_steps=5250000.00
2025-12-18 01:38:52,060: MaxHebb=0.30525, T=1.00, F=1.00, L=1.00, train_i=210100, total_steps=5252500
2025-12-18 01:38:52,060: it=210100, lxP=0.00, lxG=0.13, lxGt=20.05, lp=0.02, lg=2.03, aP=100.00, aGinf=91.50, aGt=68.00
2025-12-18 01:39:19,450: MaxHebb=0.29643, T=1.00, F=1.00, L=1.00, train_i=210200, total_steps=5255000
2025-12-18 01:39:19,450: it=210200, lxP=0.02, lxG=0.10, lxGt=22.28, lp=0.01, lg=2.00, aP=100.00, aGinf=88.00, aGt=64.00
2025-12-18 01:39:46,811: MaxHebb=0.30622, T=1.00, F=1.00, L=1.00, train_i=210300, total_steps=5257500
2025-12-18 01:39:46,811: it=210300, lxP=0.02, lxG=0.38, lxGt=20.62, lp=0.01, lg=2.00, aP=100.00, aGinf=91.00, aGt=65.75
2025-12-18 01:40:14,197: MaxHebb=0.30667, T=1.00, F=1.00, L=1.00, train_i=210400, total_steps=5260000
2025-12-18 01:40:14,197: it=210400, lxP=0.00, lxG=0.04, lxGt=16.24, lp=0.03, lg=2.03, aP=100.00, aGinf=87.75, aGt=67.25
2025-12-18 01:40:42,998: MaxHebb=0.30727, T=1.00, F=1.00, L=1.00, train_i=210500, total_steps=5262500
2025-12-18 01:40:42,998: it=210500, lxP=0.00, lxG=0.26, lxGt=21.45, lp=0.03, lg=2.03, aP=100.00, aGinf=89.00, aGt=60.75
2025-12-18 01:41:10,471: MaxHebb=0.28603, T=1.00, F=1.00, L=1.00, train_i=210600, total_steps=5265000
2025-12-18 01:41:10,471: it=210600, lxP=0.02, lxG=0.53, lxGt=18.27, lp=0.02, lg=2.01, aP=100.00, aGinf=88.00, aGt=65.00
2025-12-18 01:41:37,834: MaxHebb=0.27965, T=1.00, F=1.00, L=1.00, train_i=210700, total_steps=5267500
2025-12-18 01:41:37,834: it=210700, lxP=0.02, lxG=0.41, lxGt=23.29, lp=0.01, lg=2.04, aP=100.00, aGinf=87.25, aGt=66.50
2025-12-18 01:42:05,200: MaxHebb=0.30651, T=1.00, F=1.00, L=1.00, train_i=210800, total_steps=5270000
2025-12-18 01:42:05,200: it=210800, lxP=0.00, lxG=1.02, lxGt=22.00, lp=0.02, lg=2.09, aP=100.00, aGinf=90.25, aGt=65.00
2025-12-18 01:42:34,119: MaxHebb=0.30620, T=1.00, F=1.00, L=1.00, train_i=210900, total_steps=5272500
2025-12-18 01:42:34,119: it=210900, lxP=0.01, lxG=0.08, lxGt=19.98, lp=0.02, lg=2.04, aP=100.00, aGinf=92.00, aGt=68.00
2025-12-18 01:43:01,594: MaxHebb=0.29195, T=1.00, F=1.00, L=1.00, train_i=211000, total_steps=5275000
2025-12-18 01:43:01,594: it=211000, lxP=0.07, lxG=0.57, lxGt=21.06, lp=0.03, lg=2.03, aP=100.00, aGinf=83.25, aGt=61.50
2025-12-18 01:43:28,962: MaxHebb=0.30247, T=1.00, F=1.00, L=1.00, train_i=211100, total_steps=5277500
2025-12-18 01:43:28,963: it=211100, lxP=0.02, lxG=0.10, lxGt=23.57, lp=0.03, lg=2.04, aP=100.00, aGinf=87.75, aGt=63.75
2025-12-18 01:43:56,406: MaxHebb=0.30466, T=1.00, F=1.00, L=1.00, train_i=211200, total_steps=5280000
2025-12-18 01:43:56,406: it=211200, lxP=0.00, lxG=0.09, lxGt=21.49, lp=0.02, lg=2.06, aP=100.00, aGinf=90.75, aGt=63.25
2025-12-18 01:44:25,224: MaxHebb=0.30543, T=1.00, F=1.00, L=1.00, train_i=211300, total_steps=5282500
2025-12-18 01:44:25,224: it=211300, lxP=0.03, lxG=0.10, lxGt=24.47, lp=0.01, lg=2.05, aP=100.00, aGinf=88.50, aGt=64.50
2025-12-18 01:44:52,643: MaxHebb=0.27424, T=1.00, F=1.00, L=1.00, train_i=211400, total_steps=5285000
2025-12-18 01:44:52,643: it=211400, lxP=0.01, lxG=0.07, lxGt=20.56, lp=0.02, lg=2.02, aP=100.00, aGinf=91.00, aGt=65.00
2025-12-18 01:45:20,085: MaxHebb=0.26621, T=1.00, F=1.00, L=1.00, train_i=211500, total_steps=5287500
2025-12-18 01:45:20,085: it=211500, lxP=0.00, lxG=0.09, lxGt=22.71, lp=0.03, lg=2.05, aP=100.00, aGinf=87.00, aGt=61.75
2025-12-18 01:45:47,499: MaxHebb=0.30695, T=1.00, F=1.00, L=1.00, train_i=211600, total_steps=5290000
2025-12-18 01:45:47,500: it=211600, lxP=0.00, lxG=0.12, lxGt=20.55, lp=0.04, lg=2.09, aP=100.00, aGinf=90.00, aGt=63.25
2025-12-18 01:46:16,442: MaxHebb=0.30689, T=1.00, F=1.00, L=1.00, train_i=211700, total_steps=5292500
2025-12-18 01:46:16,442: it=211700, lxP=0.00, lxG=0.07, lxGt=24.00, lp=0.01, lg=2.02, aP=100.00, aGinf=93.50, aGt=68.75
2025-12-18 01:46:43,940: MaxHebb=0.29771, T=1.00, F=1.00, L=1.00, train_i=211800, total_steps=5295000
2025-12-18 01:46:43,940: it=211800, lxP=0.01, lxG=0.62, lxGt=20.85, lp=0.01, lg=2.04, aP=100.00, aGinf=89.00, aGt=66.75
2025-12-18 01:47:11,453: MaxHebb=0.29638, T=1.00, F=1.00, L=1.00, train_i=211900, total_steps=5297500
2025-12-18 01:47:11,453: it=211900, lxP=0.00, lxG=0.05, lxGt=21.06, lp=0.04, lg=2.06, aP=100.00, aGinf=86.25, aGt=60.25
2025-12-18 01:47:38,826: MaxHebb=0.30840, T=1.00, F=1.00, L=1.00, train_i=212000, total_steps=5300000
2025-12-18 01:47:38,827: it=212000, lxP=0.00, lxG=0.02, lxGt=25.06, lp=0.01, lg=2.06, aP=100.00, aGinf=91.50, aGt=66.75
2025-12-18 01:47:40,396: save data time 0.13, train_i=212000.00, total_steps=5300000.00
2025-12-18 01:48:07,925: MaxHebb=0.30433, T=1.00, F=1.00, L=1.00, train_i=212100, total_steps=5302500
2025-12-18 01:48:07,925: it=212100, lxP=0.00, lxG=0.05, lxGt=22.16, lp=0.02, lg=2.07, aP=100.00, aGinf=90.25, aGt=64.00
2025-12-18 01:48:35,397: MaxHebb=0.26325, T=1.00, F=1.00, L=1.00, train_i=212200, total_steps=5305000
2025-12-18 01:48:35,398: it=212200, lxP=0.00, lxG=0.07, lxGt=22.79, lp=0.01, lg=2.06, aP=100.00, aGinf=95.25, aGt=68.25
2025-12-18 01:49:02,995: MaxHebb=0.30731, T=1.00, F=1.00, L=1.00, train_i=212300, total_steps=5307500
2025-12-18 01:49:02,996: it=212300, lxP=0.00, lxG=0.05, lxGt=19.21, lp=0.01, lg=2.08, aP=100.00, aGinf=87.00, aGt=64.25
2025-12-18 01:49:30,740: MaxHebb=0.30723, T=1.00, F=1.00, L=1.00, train_i=212400, total_steps=5310000
2025-12-18 01:49:30,741: it=212400, lxP=0.00, lxG=0.19, lxGt=16.77, lp=0.04, lg=2.07, aP=100.00, aGinf=89.50, aGt=66.25
2025-12-18 01:49:59,811: MaxHebb=0.30665, T=1.00, F=1.00, L=1.00, train_i=212500, total_steps=5312500
2025-12-18 01:49:59,811: it=212500, lxP=0.00, lxG=0.52, lxGt=20.13, lp=0.02, lg=2.03, aP=100.00, aGinf=88.50, aGt=65.75
2025-12-18 01:50:27,500: MaxHebb=0.30532, T=1.00, F=1.00, L=1.00, train_i=212600, total_steps=5315000
2025-12-18 01:50:27,500: it=212600, lxP=0.00, lxG=0.24, lxGt=21.50, lp=0.01, lg=2.04, aP=100.00, aGinf=90.50, aGt=63.50
2025-12-18 01:50:55,125: MaxHebb=0.30707, T=1.00, F=1.00, L=1.00, train_i=212700, total_steps=5317500
2025-12-18 01:50:55,125: it=212700, lxP=0.00, lxG=0.13, lxGt=17.45, lp=0.03, lg=2.04, aP=100.00, aGinf=88.00, aGt=65.50
2025-12-18 01:51:22,787: MaxHebb=0.29906, T=1.00, F=1.00, L=1.00, train_i=212800, total_steps=5320000
2025-12-18 01:51:22,787: it=212800, lxP=0.00, lxG=0.08, lxGt=21.18, lp=0.05, lg=2.08, aP=100.00, aGinf=89.75, aGt=65.75
2025-12-18 01:51:51,968: MaxHebb=0.30883, T=1.00, F=1.00, L=1.00, train_i=212900, total_steps=5322500
2025-12-18 01:51:51,968: it=212900, lxP=0.00, lxG=0.01, lxGt=18.66, lp=0.02, lg=2.06, aP=100.00, aGinf=89.50, aGt=66.00
2025-12-18 01:52:19,644: MaxHebb=0.30493, T=1.00, F=1.00, L=1.00, train_i=213000, total_steps=5325000
2025-12-18 01:52:19,644: it=213000, lxP=0.00, lxG=0.06, lxGt=22.18, lp=0.01, lg=2.06, aP=100.00, aGinf=91.75, aGt=66.00
2025-12-18 01:52:47,220: MaxHebb=0.29958, T=1.00, F=1.00, L=1.00, train_i=213100, total_steps=5327500
2025-12-18 01:52:47,220: it=213100, lxP=0.00, lxG=0.17, lxGt=21.15, lp=0.01, lg=2.06, aP=100.00, aGinf=96.25, aGt=73.50
2025-12-18 01:53:14,846: MaxHebb=0.30862, T=1.00, F=1.00, L=1.00, train_i=213200, total_steps=5330000
2025-12-18 01:53:14,846: it=213200, lxP=0.00, lxG=0.72, lxGt=17.63, lp=0.02, lg=2.04, aP=100.00, aGinf=91.00, aGt=67.00
2025-12-18 01:53:44,050: MaxHebb=0.29091, T=1.00, F=1.00, L=1.00, train_i=213300, total_steps=5332500
2025-12-18 01:53:44,050: it=213300, lxP=0.00, lxG=0.08, lxGt=21.80, lp=0.01, lg=2.07, aP=100.00, aGinf=90.00, aGt=65.25
2025-12-18 01:54:11,738: MaxHebb=0.30988, T=1.00, F=1.00, L=1.00, train_i=213400, total_steps=5335000
2025-12-18 01:54:11,738: it=213400, lxP=0.00, lxG=0.03, lxGt=19.24, lp=0.03, lg=2.04, aP=100.00, aGinf=92.50, aGt=67.50
2025-12-18 01:54:39,462: MaxHebb=0.30189, T=1.00, F=1.00, L=1.00, train_i=213500, total_steps=5337500
2025-12-18 01:54:39,462: it=213500, lxP=0.01, lxG=0.19, lxGt=23.33, lp=0.01, lg=2.06, aP=100.00, aGinf=89.00, aGt=64.25
2025-12-18 01:55:07,171: MaxHebb=0.29284, T=1.00, F=1.00, L=1.00, train_i=213600, total_steps=5340000
2025-12-18 01:55:07,171: it=213600, lxP=0.00, lxG=0.12, lxGt=19.84, lp=0.02, lg=2.06, aP=100.00, aGinf=94.50, aGt=73.50
2025-12-18 01:55:36,307: MaxHebb=0.30738, T=1.00, F=1.00, L=1.00, train_i=213700, total_steps=5342500
2025-12-18 01:55:36,307: it=213700, lxP=0.00, lxG=0.05, lxGt=21.04, lp=0.01, lg=2.04, aP=100.00, aGinf=95.75, aGt=71.25
2025-12-18 01:56:03,944: MaxHebb=0.30276, T=1.00, F=1.00, L=1.00, train_i=213800, total_steps=5345000
2025-12-18 01:56:03,945: it=213800, lxP=0.01, lxG=0.10, lxGt=20.25, lp=0.02, lg=2.05, aP=100.00, aGinf=93.25, aGt=69.75
2025-12-18 01:56:31,644: MaxHebb=0.30881, T=1.00, F=1.00, L=1.00, train_i=213900, total_steps=5347500
2025-12-18 01:56:31,644: it=213900, lxP=0.02, lxG=0.36, lxGt=25.24, lp=0.01, lg=2.05, aP=100.00, aGinf=93.50, aGt=65.50
2025-12-18 01:56:59,259: MaxHebb=0.30820, T=1.00, F=1.00, L=1.00, train_i=214000, total_steps=5350000
2025-12-18 01:56:59,259: it=214000, lxP=0.00, lxG=0.48, lxGt=20.63, lp=0.03, lg=2.02, aP=100.00, aGinf=89.00, aGt=61.75
2025-12-18 01:57:00,829: save data time 0.12, train_i=214000.00, total_steps=5350000.00
2025-12-18 01:57:28,452: MaxHebb=0.29105, T=1.00, F=1.00, L=1.00, train_i=214100, total_steps=5352500
2025-12-18 01:57:28,452: it=214100, lxP=0.00, lxG=0.01, lxGt=20.84, lp=0.01, lg=2.10, aP=100.00, aGinf=98.00, aGt=79.00
2025-12-18 01:57:56,176: MaxHebb=0.29251, T=1.00, F=1.00, L=1.00, train_i=214200, total_steps=5355000
2025-12-18 01:57:56,176: it=214200, lxP=0.00, lxG=0.59, lxGt=20.15, lp=0.01, lg=2.07, aP=100.00, aGinf=93.50, aGt=73.25
2025-12-18 01:58:23,984: MaxHebb=0.30330, T=1.00, F=1.00, L=1.00, train_i=214300, total_steps=5357500
2025-12-18 01:58:23,984: it=214300, lxP=0.00, lxG=0.01, lxGt=20.00, lp=0.04, lg=2.12, aP=100.00, aGinf=90.25, aGt=64.75
2025-12-18 01:58:51,635: MaxHebb=0.26632, T=1.00, F=1.00, L=1.00, train_i=214400, total_steps=5360000
2025-12-18 01:58:51,635: it=214400, lxP=0.00, lxG=1.47, lxGt=23.58, lp=0.02, lg=2.08, aP=100.00, aGinf=93.50, aGt=70.50
2025-12-18 01:59:20,856: MaxHebb=0.29707, T=1.00, F=1.00, L=1.00, train_i=214500, total_steps=5362500
2025-12-18 01:59:20,856: it=214500, lxP=0.00, lxG=0.91, lxGt=21.66, lp=0.01, lg=2.10, aP=100.00, aGinf=91.75, aGt=67.75
2025-12-18 01:59:48,654: MaxHebb=0.30706, T=1.00, F=1.00, L=1.00, train_i=214600, total_steps=5365000
2025-12-18 01:59:48,654: it=214600, lxP=0.00, lxG=0.08, lxGt=18.19, lp=0.03, lg=2.08, aP=100.00, aGinf=92.00, aGt=68.50
2025-12-18 02:00:16,392: MaxHebb=0.30848, T=1.00, F=1.00, L=1.00, train_i=214700, total_steps=5367500
2025-12-18 02:00:16,393: it=214700, lxP=0.00, lxG=0.03, lxGt=23.26, lp=0.01, lg=2.08, aP=100.00, aGinf=90.50, aGt=64.25
2025-12-18 02:00:44,095: MaxHebb=0.24942, T=1.00, F=1.00, L=1.00, train_i=214800, total_steps=5370000
2025-12-18 02:00:44,096: it=214800, lxP=0.01, lxG=0.09, lxGt=20.21, lp=0.05, lg=2.07, aP=100.00, aGinf=87.50, aGt=64.25
2025-12-18 02:01:13,202: MaxHebb=0.25700, T=1.00, F=1.00, L=1.00, train_i=214900, total_steps=5372500
2025-12-18 02:01:13,202: it=214900, lxP=0.00, lxG=0.05, lxGt=22.89, lp=0.01, lg=2.04, aP=100.00, aGinf=93.25, aGt=65.25
2025-12-18 02:01:40,904: MaxHebb=0.27087, T=1.00, F=1.00, L=1.00, train_i=215000, total_steps=5375000
2025-12-18 02:01:40,904: it=215000, lxP=0.01, lxG=0.04, lxGt=18.88, lp=0.02, lg=2.04, aP=100.00, aGinf=92.75, aGt=67.25
2025-12-18 02:02:08,640: MaxHebb=0.30568, T=1.00, F=1.00, L=1.00, train_i=215100, total_steps=5377500
2025-12-18 02:02:08,640: it=215100, lxP=0.01, lxG=0.33, lxGt=21.67, lp=0.03, lg=2.05, aP=100.00, aGinf=93.75, aGt=67.00
2025-12-18 02:02:36,364: MaxHebb=0.30502, T=1.00, F=1.00, L=1.00, train_i=215200, total_steps=5380000
2025-12-18 02:02:36,364: it=215200, lxP=0.03, lxG=0.21, lxGt=23.78, lp=0.01, lg=2.03, aP=100.00, aGinf=90.25, aGt=65.00
2025-12-18 02:03:05,434: MaxHebb=0.29092, T=1.00, F=1.00, L=1.00, train_i=215300, total_steps=5382500
2025-12-18 02:03:05,434: it=215300, lxP=0.00, lxG=0.07, lxGt=18.01, lp=0.04, lg=2.05, aP=100.00, aGinf=91.00, aGt=65.75
2025-12-18 02:03:33,016: MaxHebb=0.30483, T=1.00, F=1.00, L=1.00, train_i=215400, total_steps=5385000
2025-12-18 02:03:33,016: it=215400, lxP=0.00, lxG=0.03, lxGt=21.54, lp=0.02, lg=2.06, aP=100.00, aGinf=92.00, aGt=68.00
2025-12-18 02:04:00,719: MaxHebb=0.30705, T=1.00, F=1.00, L=1.00, train_i=215500, total_steps=5387500
2025-12-18 02:04:00,719: it=215500, lxP=0.00, lxG=0.08, lxGt=21.10, lp=0.03, lg=2.05, aP=100.00, aGinf=92.00, aGt=66.75
2025-12-18 02:04:28,399: MaxHebb=0.29997, T=1.00, F=1.00, L=1.00, train_i=215600, total_steps=5390000
2025-12-18 02:04:28,399: it=215600, lxP=0.00, lxG=0.07, lxGt=22.86, lp=0.02, lg=2.03, aP=100.00, aGinf=88.25, aGt=62.50
2025-12-18 02:04:57,560: MaxHebb=0.30742, T=1.00, F=1.00, L=1.00, train_i=215700, total_steps=5392500
2025-12-18 02:04:57,560: it=215700, lxP=0.00, lxG=0.06, lxGt=16.69, lp=0.04, lg=2.01, aP=100.00, aGinf=89.50, aGt=65.25
2025-12-18 02:05:25,200: MaxHebb=0.29882, T=1.00, F=1.00, L=1.00, train_i=215800, total_steps=5395000
2025-12-18 02:05:25,201: it=215800, lxP=0.06, lxG=0.15, lxGt=19.36, lp=0.05, lg=2.03, aP=100.00, aGinf=85.00, aGt=63.00
2025-12-18 02:05:52,860: MaxHebb=0.31035, T=1.00, F=1.00, L=1.00, train_i=215900, total_steps=5397500
2025-12-18 02:05:52,861: it=215900, lxP=0.00, lxG=4.07, lxGt=21.36, lp=0.04, lg=2.07, aP=100.00, aGinf=85.25, aGt=63.00
2025-12-18 02:06:20,498: MaxHebb=0.30769, T=1.00, F=1.00, L=1.00, train_i=216000, total_steps=5400000
2025-12-18 02:06:20,498: it=216000, lxP=0.00, lxG=0.09, lxGt=22.84, lp=0.01, lg=2.04, aP=100.00, aGinf=90.75, aGt=64.00
2025-12-18 02:06:22,078: save data time 0.13, train_i=216000.00, total_steps=5400000.00
2025-12-18 02:06:49,791: MaxHebb=0.30823, T=1.00, F=1.00, L=1.00, train_i=216100, total_steps=5402500
2025-12-18 02:06:49,792: it=216100, lxP=0.00, lxG=0.04, lxGt=22.43, lp=0.01, lg=2.05, aP=100.00, aGinf=91.75, aGt=65.00
2025-12-18 02:07:17,544: MaxHebb=0.31141, T=1.00, F=1.00, L=1.00, train_i=216200, total_steps=5405000
2025-12-18 02:07:17,545: it=216200, lxP=0.00, lxG=0.25, lxGt=19.72, lp=0.01, lg=2.04, aP=100.00, aGinf=88.50, aGt=68.75
2025-12-18 02:07:45,291: MaxHebb=0.30084, T=1.00, F=1.00, L=1.00, train_i=216300, total_steps=5407500
2025-12-18 02:07:45,291: it=216300, lxP=0.00, lxG=0.21, lxGt=20.91, lp=0.01, lg=2.04, aP=100.00, aGinf=88.50, aGt=64.50
2025-12-18 02:08:13,077: MaxHebb=0.31115, T=1.00, F=1.00, L=1.00, train_i=216400, total_steps=5410000
2025-12-18 02:08:13,077: it=216400, lxP=0.01, lxG=0.09, lxGt=21.06, lp=0.01, lg=2.00, aP=100.00, aGinf=92.00, aGt=68.50
2025-12-18 02:08:42,226: MaxHebb=0.31271, T=1.00, F=1.00, L=1.00, train_i=216500, total_steps=5412500
2025-12-18 02:08:42,226: it=216500, lxP=0.09, lxG=0.10, lxGt=24.49, lp=0.01, lg=2.03, aP=100.00, aGinf=90.50, aGt=65.75
2025-12-18 02:09:09,936: MaxHebb=0.29655, T=1.00, F=1.00, L=1.00, train_i=216600, total_steps=5415000
2025-12-18 02:09:09,936: it=216600, lxP=0.02, lxG=1.10, lxGt=19.97, lp=0.02, lg=1.99, aP=100.00, aGinf=88.25, aGt=64.00
2025-12-18 02:09:37,557: MaxHebb=0.28957, T=1.00, F=1.00, L=1.00, train_i=216700, total_steps=5417500
2025-12-18 02:09:37,557: it=216700, lxP=0.01, lxG=0.24, lxGt=23.43, lp=0.01, lg=2.01, aP=100.00, aGinf=96.25, aGt=71.00
2025-12-18 02:10:05,268: MaxHebb=0.29854, T=1.00, F=1.00, L=1.00, train_i=216800, total_steps=5420000
2025-12-18 02:10:05,268: it=216800, lxP=0.01, lxG=0.03, lxGt=23.18, lp=0.01, lg=2.02, aP=100.00, aGinf=87.25, aGt=62.50
2025-12-18 02:10:34,367: MaxHebb=0.31348, T=1.00, F=1.00, L=1.00, train_i=216900, total_steps=5422500
2025-12-18 02:10:34,367: it=216900, lxP=0.00, lxG=0.05, lxGt=19.97, lp=0.03, lg=2.03, aP=100.00, aGinf=87.75, aGt=67.00
2025-12-18 02:11:02,108: MaxHebb=0.31254, T=1.00, F=1.00, L=1.00, train_i=217000, total_steps=5425000
2025-12-18 02:11:02,108: it=217000, lxP=0.00, lxG=0.07, lxGt=19.56, lp=0.01, lg=2.05, aP=100.00, aGinf=89.25, aGt=66.00
2025-12-18 02:11:29,804: MaxHebb=0.31386, T=1.00, F=1.00, L=1.00, train_i=217100, total_steps=5427500
2025-12-18 02:11:29,804: it=217100, lxP=0.02, lxG=0.24, lxGt=16.95, lp=0.03, lg=1.98, aP=100.00, aGinf=85.75, aGt=64.75
2025-12-18 02:11:57,382: MaxHebb=0.30399, T=1.00, F=1.00, L=1.00, train_i=217200, total_steps=5430000
2025-12-18 02:11:57,382: it=217200, lxP=0.00, lxG=0.10, lxGt=23.64, lp=0.01, lg=2.05, aP=100.00, aGinf=90.25, aGt=62.50
2025-12-18 02:12:26,489: MaxHebb=0.31457, T=1.00, F=1.00, L=1.00, train_i=217300, total_steps=5432500
2025-12-18 02:12:26,489: it=217300, lxP=0.00, lxG=0.21, lxGt=21.62, lp=0.02, lg=2.03, aP=100.00, aGinf=95.00, aGt=69.50
2025-12-18 02:12:54,193: MaxHebb=0.31303, T=1.00, F=1.00, L=1.00, train_i=217400, total_steps=5435000
2025-12-18 02:12:54,193: it=217400, lxP=0.00, lxG=0.20, lxGt=21.63, lp=0.01, lg=2.01, aP=100.00, aGinf=90.25, aGt=65.00
2025-12-18 02:13:21,942: MaxHebb=0.31285, T=1.00, F=1.00, L=1.00, train_i=217500, total_steps=5437500
2025-12-18 02:13:21,942: it=217500, lxP=0.00, lxG=0.25, lxGt=19.99, lp=0.04, lg=2.04, aP=100.00, aGinf=89.50, aGt=66.00
2025-12-18 02:13:49,645: MaxHebb=0.31374, T=1.00, F=1.00, L=1.00, train_i=217600, total_steps=5440000
2025-12-18 02:13:49,645: it=217600, lxP=0.00, lxG=0.09, lxGt=21.86, lp=0.03, lg=2.04, aP=100.00, aGinf=89.75, aGt=66.50
2025-12-18 02:14:18,852: MaxHebb=0.31434, T=1.00, F=1.00, L=1.00, train_i=217700, total_steps=5442500
2025-12-18 02:14:18,853: it=217700, lxP=0.01, lxG=0.06, lxGt=20.34, lp=0.01, lg=2.05, aP=100.00, aGinf=94.00, aGt=68.75
2025-12-18 02:14:46,558: MaxHebb=0.31416, T=1.00, F=1.00, L=1.00, train_i=217800, total_steps=5445000
2025-12-18 02:14:46,558: it=217800, lxP=0.01, lxG=0.95, lxGt=18.37, lp=0.02, lg=2.03, aP=100.00, aGinf=90.75, aGt=69.75
2025-12-18 02:15:14,183: MaxHebb=0.30956, T=1.00, F=1.00, L=1.00, train_i=217900, total_steps=5447500
2025-12-18 02:15:14,183: it=217900, lxP=0.00, lxG=0.40, lxGt=21.78, lp=0.02, lg=2.03, aP=100.00, aGinf=91.50, aGt=69.25
2025-12-18 02:15:41,874: MaxHebb=0.31102, T=1.00, F=1.00, L=1.00, train_i=218000, total_steps=5450000
2025-12-18 02:15:41,874: it=218000, lxP=0.00, lxG=0.18, lxGt=17.72, lp=0.03, lg=2.01, aP=100.00, aGinf=88.50, aGt=64.25
2025-12-18 02:15:43,445: save data time 0.12, train_i=218000.00, total_steps=5450000.00
2025-12-18 02:16:11,224: MaxHebb=0.31784, T=1.00, F=1.00, L=1.00, train_i=218100, total_steps=5452500
2025-12-18 02:16:11,224: it=218100, lxP=0.00, lxG=0.09, lxGt=21.13, lp=0.01, lg=2.04, aP=100.00, aGinf=91.50, aGt=67.25
2025-12-18 02:16:38,797: MaxHebb=0.30851, T=1.00, F=1.00, L=1.00, train_i=218200, total_steps=5455000
2025-12-18 02:16:38,797: it=218200, lxP=0.05, lxG=0.12, lxGt=18.39, lp=0.03, lg=2.02, aP=100.00, aGinf=89.75, aGt=68.00
2025-12-18 02:17:06,553: MaxHebb=0.31114, T=1.00, F=1.00, L=1.00, train_i=218300, total_steps=5457500
2025-12-18 02:17:06,553: it=218300, lxP=0.03, lxG=0.16, lxGt=20.24, lp=0.01, lg=2.01, aP=100.00, aGinf=90.50, aGt=65.25
2025-12-18 02:17:34,297: MaxHebb=0.30633, T=1.00, F=1.00, L=1.00, train_i=218400, total_steps=5460000
2025-12-18 02:17:34,297: it=218400, lxP=0.00, lxG=0.08, lxGt=17.08, lp=0.02, lg=2.03, aP=100.00, aGinf=88.00, aGt=64.75
2025-12-18 02:18:03,357: MaxHebb=0.31744, T=1.00, F=1.00, L=1.00, train_i=218500, total_steps=5462500
2025-12-18 02:18:03,357: it=218500, lxP=0.03, lxG=0.09, lxGt=19.17, lp=0.02, lg=2.01, aP=100.00, aGinf=91.75, aGt=68.50
2025-12-18 02:18:31,009: MaxHebb=0.30597, T=1.00, F=1.00, L=1.00, train_i=218600, total_steps=5465000
2025-12-18 02:18:31,009: it=218600, lxP=0.01, lxG=0.13, lxGt=17.05, lp=0.02, lg=2.01, aP=100.00, aGinf=90.50, aGt=65.75
2025-12-18 02:18:58,637: MaxHebb=0.31610, T=1.00, F=1.00, L=1.00, train_i=218700, total_steps=5467500
2025-12-18 02:18:58,637: it=218700, lxP=0.01, lxG=0.05, lxGt=20.40, lp=0.01, lg=2.00, aP=100.00, aGinf=85.25, aGt=60.50
2025-12-18 02:19:26,272: MaxHebb=0.30782, T=1.00, F=1.00, L=1.00, train_i=218800, total_steps=5470000
2025-12-18 02:19:26,272: it=218800, lxP=0.00, lxG=0.04, lxGt=16.47, lp=0.02, lg=2.02, aP=100.00, aGinf=84.25, aGt=59.00
2025-12-18 02:19:55,417: MaxHebb=0.31555, T=1.00, F=1.00, L=1.00, train_i=218900, total_steps=5472500
2025-12-18 02:19:55,418: it=218900, lxP=0.00, lxG=0.10, lxGt=20.17, lp=0.01, lg=2.06, aP=100.00, aGinf=91.50, aGt=67.00
2025-12-18 02:20:23,006: MaxHebb=0.31442, T=1.00, F=1.00, L=1.00, train_i=219000, total_steps=5475000
2025-12-18 02:20:23,006: it=219000, lxP=0.00, lxG=0.04, lxGt=19.32, lp=0.02, lg=2.05, aP=100.00, aGinf=92.25, aGt=65.50
2025-12-18 02:20:50,692: MaxHebb=0.29759, T=1.00, F=1.00, L=1.00, train_i=219100, total_steps=5477500
2025-12-18 02:20:50,692: it=219100, lxP=0.00, lxG=0.11, lxGt=18.14, lp=0.04, lg=2.03, aP=100.00, aGinf=88.00, aGt=65.75
2025-12-18 02:21:18,272: MaxHebb=0.31449, T=1.00, F=1.00, L=1.00, train_i=219200, total_steps=5480000
2025-12-18 02:21:18,272: it=219200, lxP=0.00, lxG=0.07, lxGt=20.97, lp=0.02, lg=2.04, aP=100.00, aGinf=91.75, aGt=66.25
2025-12-18 02:21:47,545: MaxHebb=0.30818, T=1.00, F=1.00, L=1.00, train_i=219300, total_steps=5482500
2025-12-18 02:21:47,545: it=219300, lxP=0.00, lxG=0.15, lxGt=21.69, lp=0.01, lg=2.00, aP=100.00, aGinf=85.25, aGt=59.00
2025-12-18 02:22:15,363: MaxHebb=0.31212, T=1.00, F=1.00, L=1.00, train_i=219400, total_steps=5485000
2025-12-18 02:22:15,363: it=219400, lxP=0.05, lxG=0.66, lxGt=19.50, lp=0.02, lg=1.98, aP=100.00, aGinf=90.50, aGt=66.00
2025-12-18 02:22:43,107: MaxHebb=0.31655, T=1.00, F=1.00, L=1.00, train_i=219500, total_steps=5487500
2025-12-18 02:22:43,107: it=219500, lxP=0.00, lxG=0.04, lxGt=19.61, lp=0.01, lg=2.04, aP=100.00, aGinf=95.75, aGt=74.00
2025-12-18 02:23:10,890: MaxHebb=0.31119, T=1.00, F=1.00, L=1.00, train_i=219600, total_steps=5490000
2025-12-18 02:23:10,890: it=219600, lxP=0.01, lxG=0.33, lxGt=16.73, lp=0.05, lg=2.04, aP=100.00, aGinf=82.50, aGt=60.00
2025-12-18 02:23:40,103: MaxHebb=0.30928, T=1.00, F=1.00, L=1.00, train_i=219700, total_steps=5492500
2025-12-18 02:23:40,103: it=219700, lxP=0.00, lxG=0.04, lxGt=22.96, lp=0.01, lg=2.02, aP=100.00, aGinf=89.00, aGt=63.25
2025-12-18 02:24:07,788: MaxHebb=0.30775, T=1.00, F=1.00, L=1.00, train_i=219800, total_steps=5495000
2025-12-18 02:24:07,788: it=219800, lxP=0.00, lxG=0.10, lxGt=20.52, lp=0.01, lg=2.05, aP=100.00, aGinf=90.75, aGt=66.50
2025-12-18 02:24:35,510: MaxHebb=0.31761, T=1.00, F=1.00, L=1.00, train_i=219900, total_steps=5497500
2025-12-18 02:24:35,510: it=219900, lxP=0.00, lxG=0.03, lxGt=21.01, lp=0.02, lg=2.06, aP=100.00, aGinf=95.25, aGt=70.00
2025-12-18 02:25:03,148: MaxHebb=0.31725, T=1.00, F=1.00, L=1.00, train_i=220000, total_steps=5500000
2025-12-18 02:25:03,148: it=220000, lxP=0.01, lxG=0.30, lxGt=23.13, lp=0.02, lg=2.05, aP=100.00, aGinf=93.50, aGt=66.00
2025-12-18 02:25:04,710: save data time 0.11, train_i=220000.00, total_steps=5500000.00
2025-12-18 02:25:32,460: MaxHebb=0.30693, T=1.00, F=1.00, L=1.00, train_i=220100, total_steps=5502500
2025-12-18 02:25:32,460: it=220100, lxP=0.02, lxG=0.05, lxGt=21.39, lp=0.03, lg=2.03, aP=100.00, aGinf=94.25, aGt=70.50
2025-12-18 02:26:00,113: MaxHebb=0.31768, T=1.00, F=1.00, L=1.00, train_i=220200, total_steps=5505000
2025-12-18 02:26:00,113: it=220200, lxP=0.00, lxG=0.11, lxGt=21.37, lp=0.01, lg=2.02, aP=100.00, aGinf=91.00, aGt=64.00
2025-12-18 02:26:27,824: MaxHebb=0.31878, T=1.00, F=1.00, L=1.00, train_i=220300, total_steps=5507500
2025-12-18 02:26:27,824: it=220300, lxP=0.05, lxG=0.08, lxGt=20.68, lp=0.01, lg=2.02, aP=100.00, aGinf=92.00, aGt=67.75
2025-12-18 02:26:55,485: MaxHebb=0.31516, T=1.00, F=1.00, L=1.00, train_i=220400, total_steps=5510000
2025-12-18 02:26:55,485: it=220400, lxP=0.01, lxG=0.07, lxGt=19.51, lp=0.02, lg=1.99, aP=100.00, aGinf=89.75, aGt=66.75
2025-12-18 02:27:24,596: MaxHebb=0.31718, T=1.00, F=1.00, L=1.00, train_i=220500, total_steps=5512500
2025-12-18 02:27:24,596: it=220500, lxP=0.00, lxG=0.03, lxGt=15.23, lp=0.04, lg=2.02, aP=100.00, aGinf=88.50, aGt=67.50
2025-12-18 02:27:52,168: MaxHebb=0.31079, T=1.00, F=1.00, L=1.00, train_i=220600, total_steps=5515000
2025-12-18 02:27:52,169: it=220600, lxP=0.00, lxG=0.24, lxGt=19.16, lp=0.02, lg=2.02, aP=100.00, aGinf=92.00, aGt=67.00
2025-12-18 02:28:19,818: MaxHebb=0.31408, T=1.00, F=1.00, L=1.00, train_i=220700, total_steps=5517500
2025-12-18 02:28:19,818: it=220700, lxP=0.00, lxG=0.14, lxGt=21.21, lp=0.01, lg=2.03, aP=100.00, aGinf=92.25, aGt=67.50
2025-12-18 02:28:47,492: MaxHebb=0.31103, T=1.00, F=1.00, L=1.00, train_i=220800, total_steps=5520000
2025-12-18 02:28:47,492: it=220800, lxP=0.00, lxG=0.03, lxGt=21.76, lp=0.01, lg=2.03, aP=100.00, aGinf=92.50, aGt=66.75
2025-12-18 02:29:16,552: MaxHebb=0.31274, T=1.00, F=1.00, L=1.00, train_i=220900, total_steps=5522500
2025-12-18 02:29:16,552: it=220900, lxP=0.01, lxG=0.06, lxGt=21.87, lp=0.01, lg=2.02, aP=100.00, aGinf=92.50, aGt=64.50
2025-12-18 02:29:44,292: MaxHebb=0.31705, T=1.00, F=1.00, L=1.00, train_i=221000, total_steps=5525000
2025-12-18 02:29:44,292: it=221000, lxP=0.00, lxG=0.05, lxGt=22.91, lp=0.02, lg=2.03, aP=100.00, aGinf=92.00, aGt=69.00
2025-12-18 02:30:11,932: MaxHebb=0.31732, T=1.00, F=1.00, L=1.00, train_i=221100, total_steps=5527500
2025-12-18 02:30:11,932: it=221100, lxP=0.01, lxG=0.26, lxGt=21.29, lp=0.01, lg=2.01, aP=100.00, aGinf=90.75, aGt=65.00
2025-12-18 02:30:39,676: MaxHebb=0.31376, T=1.00, F=1.00, L=1.00, train_i=221200, total_steps=5530000
2025-12-18 02:30:39,676: it=221200, lxP=0.07, lxG=0.14, lxGt=17.94, lp=0.01, lg=1.99, aP=100.00, aGinf=97.25, aGt=73.50
2025-12-18 02:31:08,751: MaxHebb=0.31592, T=1.00, F=1.00, L=1.00, train_i=221300, total_steps=5532500
2025-12-18 02:31:08,751: it=221300, lxP=0.03, lxG=0.09, lxGt=21.47, lp=0.01, lg=2.03, aP=100.00, aGinf=95.75, aGt=71.00
2025-12-18 02:31:36,359: MaxHebb=0.31427, T=1.00, F=1.00, L=1.00, train_i=221400, total_steps=5535000
2025-12-18 02:31:36,359: it=221400, lxP=0.01, lxG=0.05, lxGt=19.61, lp=0.03, lg=2.00, aP=100.00, aGinf=91.75, aGt=67.25
2025-12-18 02:32:04,103: MaxHebb=0.31166, T=1.00, F=1.00, L=1.00, train_i=221500, total_steps=5537500
2025-12-18 02:32:04,103: it=221500, lxP=0.01, lxG=0.48, lxGt=23.82, lp=0.01, lg=2.05, aP=100.00, aGinf=95.50, aGt=67.25
2025-12-18 02:32:31,741: MaxHebb=0.31297, T=1.00, F=1.00, L=1.00, train_i=221600, total_steps=5540000
2025-12-18 02:32:31,741: it=221600, lxP=0.00, lxG=0.02, lxGt=20.15, lp=0.01, lg=2.00, aP=100.00, aGinf=94.75, aGt=70.25
2025-12-18 02:33:00,521: MaxHebb=0.31150, T=1.00, F=1.00, L=1.00, train_i=221700, total_steps=5542500
2025-12-18 02:33:00,521: it=221700, lxP=0.03, lxG=0.06, lxGt=19.58, lp=0.03, lg=1.99, aP=100.00, aGinf=90.50, aGt=66.75
2025-12-18 02:33:28,019: MaxHebb=0.31300, T=1.00, F=1.00, L=1.00, train_i=221800, total_steps=5545000
2025-12-18 02:33:28,019: it=221800, lxP=0.01, lxG=0.22, lxGt=20.54, lp=0.03, lg=2.00, aP=100.00, aGinf=89.75, aGt=66.50
2025-12-18 02:33:55,448: MaxHebb=0.31487, T=1.00, F=1.00, L=1.00, train_i=221900, total_steps=5547500
2025-12-18 02:33:55,448: it=221900, lxP=0.00, lxG=0.06, lxGt=21.12, lp=0.03, lg=2.05, aP=100.00, aGinf=91.00, aGt=67.00
2025-12-18 02:34:22,808: MaxHebb=0.31605, T=1.00, F=1.00, L=1.00, train_i=222000, total_steps=5550000
2025-12-18 02:34:22,808: it=222000, lxP=0.00, lxG=0.09, lxGt=18.28, lp=0.02, lg=2.02, aP=100.00, aGinf=91.00, aGt=69.75
2025-12-18 02:34:24,368: save data time 0.12, train_i=222000.00, total_steps=5550000.00
2025-12-18 02:34:51,881: MaxHebb=0.30581, T=1.00, F=1.00, L=1.00, train_i=222100, total_steps=5552500
2025-12-18 02:34:51,881: it=222100, lxP=0.00, lxG=0.01, lxGt=19.37, lp=0.01, lg=2.04, aP=100.00, aGinf=89.75, aGt=67.00
2025-12-18 02:35:19,338: MaxHebb=0.30914, T=1.00, F=1.00, L=1.00, train_i=222200, total_steps=5555000
2025-12-18 02:35:19,338: it=222200, lxP=0.00, lxG=0.13, lxGt=20.09, lp=0.01, lg=2.03, aP=100.00, aGinf=95.75, aGt=71.00
2025-12-18 02:35:46,825: MaxHebb=0.31532, T=1.00, F=1.00, L=1.00, train_i=222300, total_steps=5557500
2025-12-18 02:35:46,825: it=222300, lxP=0.00, lxG=0.04, lxGt=18.48, lp=0.01, lg=2.08, aP=100.00, aGinf=90.75, aGt=63.75
2025-12-18 02:36:14,306: MaxHebb=0.31181, T=1.00, F=1.00, L=1.00, train_i=222400, total_steps=5560000
2025-12-18 02:36:14,307: it=222400, lxP=0.01, lxG=0.10, lxGt=20.61, lp=0.04, lg=2.02, aP=100.00, aGinf=90.25, aGt=64.25
2025-12-18 02:36:43,240: MaxHebb=0.31490, T=1.00, F=1.00, L=1.00, train_i=222500, total_steps=5562500
2025-12-18 02:36:43,240: it=222500, lxP=0.01, lxG=0.08, lxGt=20.35, lp=0.01, lg=2.02, aP=100.00, aGinf=92.75, aGt=70.50
2025-12-18 02:37:10,661: MaxHebb=0.31467, T=1.00, F=1.00, L=1.00, train_i=222600, total_steps=5565000
2025-12-18 02:37:10,661: it=222600, lxP=0.03, lxG=0.23, lxGt=18.23, lp=0.03, lg=1.99, aP=100.00, aGinf=93.00, aGt=69.75
2025-12-18 02:37:38,150: MaxHebb=0.31604, T=1.00, F=1.00, L=1.00, train_i=222700, total_steps=5567500
2025-12-18 02:37:38,151: it=222700, lxP=0.05, lxG=0.09, lxGt=20.05, lp=0.01, lg=1.99, aP=100.00, aGinf=91.00, aGt=70.00
2025-12-18 02:38:05,703: MaxHebb=0.31565, T=1.00, F=1.00, L=1.00, train_i=222800, total_steps=5570000
2025-12-18 02:38:05,703: it=222800, lxP=0.00, lxG=0.03, lxGt=21.59, lp=0.01, lg=2.06, aP=100.00, aGinf=91.25, aGt=66.25
2025-12-18 02:38:34,645: MaxHebb=0.30957, T=1.00, F=1.00, L=1.00, train_i=222900, total_steps=5572500
2025-12-18 02:38:34,645: it=222900, lxP=0.00, lxG=0.02, lxGt=21.65, lp=0.02, lg=2.05, aP=100.00, aGinf=90.50, aGt=65.25
2025-12-18 02:39:02,138: MaxHebb=0.31477, T=1.00, F=1.00, L=1.00, train_i=223000, total_steps=5575000
2025-12-18 02:39:02,138: it=223000, lxP=0.00, lxG=0.02, lxGt=18.76, lp=0.01, lg=2.03, aP=100.00, aGinf=90.00, aGt=65.25
2025-12-18 02:39:29,636: MaxHebb=0.31601, T=1.00, F=1.00, L=1.00, train_i=223100, total_steps=5577500
2025-12-18 02:39:29,636: it=223100, lxP=0.00, lxG=0.33, lxGt=20.07, lp=0.02, lg=2.03, aP=100.00, aGinf=89.75, aGt=65.75
2025-12-18 02:39:57,072: MaxHebb=0.31453, T=1.00, F=1.00, L=1.00, train_i=223200, total_steps=5580000
2025-12-18 02:39:57,072: it=223200, lxP=0.00, lxG=0.03, lxGt=16.82, lp=0.02, lg=2.03, aP=100.00, aGinf=86.25, aGt=64.50
2025-12-18 02:40:25,971: MaxHebb=0.31562, T=1.00, F=1.00, L=1.00, train_i=223300, total_steps=5582500
2025-12-18 02:40:25,971: it=223300, lxP=0.01, lxG=0.08, lxGt=22.17, lp=0.02, lg=2.03, aP=100.00, aGinf=95.50, aGt=66.75
2025-12-18 02:40:53,364: MaxHebb=0.31530, T=1.00, F=1.00, L=1.00, train_i=223400, total_steps=5585000
2025-12-18 02:40:53,364: it=223400, lxP=0.00, lxG=0.03, lxGt=20.60, lp=0.03, lg=2.03, aP=100.00, aGinf=88.50, aGt=62.50
2025-12-18 02:41:20,829: MaxHebb=0.31403, T=1.00, F=1.00, L=1.00, train_i=223500, total_steps=5587500
2025-12-18 02:41:20,829: it=223500, lxP=0.01, lxG=0.16, lxGt=22.25, lp=0.01, lg=2.01, aP=100.00, aGinf=88.25, aGt=62.50
2025-12-18 02:41:48,246: MaxHebb=0.31779, T=1.00, F=1.00, L=1.00, train_i=223600, total_steps=5590000
2025-12-18 02:41:48,246: it=223600, lxP=0.02, lxG=0.10, lxGt=19.45, lp=0.04, lg=1.98, aP=100.00, aGinf=89.50, aGt=66.25
2025-12-18 02:42:17,074: MaxHebb=0.31755, T=1.00, F=1.00, L=1.00, train_i=223700, total_steps=5592500
2025-12-18 02:42:17,074: it=223700, lxP=0.00, lxG=0.06, lxGt=19.58, lp=0.03, lg=2.00, aP=100.00, aGinf=86.75, aGt=65.50
2025-12-18 02:42:44,532: MaxHebb=0.31656, T=1.00, F=1.00, L=1.00, train_i=223800, total_steps=5595000
2025-12-18 02:42:44,532: it=223800, lxP=0.02, lxG=0.14, lxGt=19.54, lp=0.01, lg=2.00, aP=100.00, aGinf=88.50, aGt=64.25
2025-12-18 02:43:11,968: MaxHebb=0.31786, T=1.00, F=1.00, L=1.00, train_i=223900, total_steps=5597500
2025-12-18 02:43:11,968: it=223900, lxP=0.01, lxG=1.06, lxGt=16.88, lp=0.04, lg=2.03, aP=100.00, aGinf=81.25, aGt=62.00
2025-12-18 02:43:39,359: MaxHebb=0.31675, T=1.00, F=1.00, L=1.00, train_i=224000, total_steps=5600000
2025-12-18 02:43:39,359: it=224000, lxP=0.01, lxG=0.24, lxGt=20.90, lp=0.01, lg=2.00, aP=100.00, aGinf=86.75, aGt=63.50
2025-12-18 02:43:40,919: save data time 0.12, train_i=224000.00, total_steps=5600000.00
2025-12-18 02:44:08,494: MaxHebb=0.31020, T=1.00, F=1.00, L=1.00, train_i=224100, total_steps=5602500
2025-12-18 02:44:08,495: it=224100, lxP=0.00, lxG=0.01, lxGt=15.50, lp=0.01, lg=1.99, aP=100.00, aGinf=91.50, aGt=71.25
2025-12-18 02:44:35,932: MaxHebb=0.31283, T=1.00, F=1.00, L=1.00, train_i=224200, total_steps=5605000
2025-12-18 02:44:35,932: it=224200, lxP=0.01, lxG=0.09, lxGt=17.86, lp=0.05, lg=2.01, aP=100.00, aGinf=86.25, aGt=62.75
2025-12-18 02:45:03,368: MaxHebb=0.31062, T=1.00, F=1.00, L=1.00, train_i=224300, total_steps=5607500
2025-12-18 02:45:03,368: it=224300, lxP=0.04, lxG=0.09, lxGt=19.31, lp=0.03, lg=1.98, aP=100.00, aGinf=87.75, aGt=62.75
2025-12-18 02:45:30,937: MaxHebb=0.31565, T=1.00, F=1.00, L=1.00, train_i=224400, total_steps=5610000
2025-12-18 02:45:30,937: it=224400, lxP=0.01, lxG=0.05, lxGt=20.16, lp=0.03, lg=2.01, aP=100.00, aGinf=88.75, aGt=62.75
2025-12-18 02:45:59,802: MaxHebb=0.30739, T=1.00, F=1.00, L=1.00, train_i=224500, total_steps=5612500
2025-12-18 02:45:59,802: it=224500, lxP=0.00, lxG=0.10, lxGt=16.08, lp=0.03, lg=1.98, aP=100.00, aGinf=89.50, aGt=68.50
2025-12-18 02:46:27,268: MaxHebb=0.30652, T=1.00, F=1.00, L=1.00, train_i=224600, total_steps=5615000
2025-12-18 02:46:27,269: it=224600, lxP=0.00, lxG=0.07, lxGt=20.15, lp=0.01, lg=2.02, aP=100.00, aGinf=93.50, aGt=67.25
2025-12-18 02:46:54,689: MaxHebb=0.31036, T=1.00, F=1.00, L=1.00, train_i=224700, total_steps=5617500
2025-12-18 02:46:54,689: it=224700, lxP=0.00, lxG=0.01, lxGt=20.34, lp=0.03, lg=2.02, aP=100.00, aGinf=91.75, aGt=70.00
2025-12-18 02:47:22,115: MaxHebb=0.31006, T=1.00, F=1.00, L=1.00, train_i=224800, total_steps=5620000
2025-12-18 02:47:22,115: it=224800, lxP=0.01, lxG=0.04, lxGt=19.50, lp=0.03, lg=2.00, aP=100.00, aGinf=90.50, aGt=64.25
2025-12-18 02:47:50,962: MaxHebb=0.30551, T=1.00, F=1.00, L=1.00, train_i=224900, total_steps=5622500
2025-12-18 02:47:50,962: it=224900, lxP=0.00, lxG=0.23, lxGt=19.83, lp=0.02, lg=2.03, aP=100.00, aGinf=88.25, aGt=64.25
2025-12-18 02:48:18,357: MaxHebb=0.31412, T=1.00, F=1.00, L=1.00, train_i=225000, total_steps=5625000
2025-12-18 02:48:18,357: it=225000, lxP=0.00, lxG=0.05, lxGt=19.27, lp=0.01, lg=2.04, aP=100.00, aGinf=86.75, aGt=63.00
2025-12-18 02:48:45,865: MaxHebb=0.31069, T=1.00, F=1.00, L=1.00, train_i=225100, total_steps=5627500
2025-12-18 02:48:45,865: it=225100, lxP=0.00, lxG=0.02, lxGt=18.50, lp=0.02, lg=2.00, aP=100.00, aGinf=93.25, aGt=69.25
2025-12-18 02:49:13,309: MaxHebb=0.31320, T=1.00, F=1.00, L=1.00, train_i=225200, total_steps=5630000
2025-12-18 02:49:13,309: it=225200, lxP=0.00, lxG=0.24, lxGt=17.64, lp=0.03, lg=2.03, aP=100.00, aGinf=88.50, aGt=66.50
2025-12-18 02:49:42,203: MaxHebb=0.31151, T=1.00, F=1.00, L=1.00, train_i=225300, total_steps=5632500
2025-12-18 02:49:42,203: it=225300, lxP=0.00, lxG=0.02, lxGt=20.45, lp=0.02, lg=2.06, aP=100.00, aGinf=89.00, aGt=62.50
2025-12-18 02:50:09,650: MaxHebb=0.31140, T=1.00, F=1.00, L=1.00, train_i=225400, total_steps=5635000
2025-12-18 02:50:09,650: it=225400, lxP=0.00, lxG=0.05, lxGt=23.17, lp=0.01, lg=2.04, aP=100.00, aGinf=93.25, aGt=65.75
2025-12-18 02:50:37,140: MaxHebb=0.30886, T=1.00, F=1.00, L=1.00, train_i=225500, total_steps=5637500
2025-12-18 02:50:37,140: it=225500, lxP=0.00, lxG=0.34, lxGt=20.38, lp=0.03, lg=2.00, aP=100.00, aGinf=86.75, aGt=62.25
2025-12-18 02:51:04,528: MaxHebb=0.30572, T=1.00, F=1.00, L=1.00, train_i=225600, total_steps=5640000
2025-12-18 02:51:04,528: it=225600, lxP=0.00, lxG=0.01, lxGt=18.18, lp=0.02, lg=2.02, aP=100.00, aGinf=86.75, aGt=62.00
2025-12-18 02:51:33,426: MaxHebb=0.30733, T=1.00, F=1.00, L=1.00, train_i=225700, total_steps=5642500
2025-12-18 02:51:33,427: it=225700, lxP=0.00, lxG=0.04, lxGt=24.31, lp=0.01, lg=2.04, aP=100.00, aGinf=90.75, aGt=64.75
2025-12-18 02:52:00,792: MaxHebb=0.30721, T=1.00, F=1.00, L=1.00, train_i=225800, total_steps=5645000
2025-12-18 02:52:00,792: it=225800, lxP=0.01, lxG=0.07, lxGt=24.11, lp=0.01, lg=2.02, aP=100.00, aGinf=90.75, aGt=64.00
2025-12-18 02:52:28,155: MaxHebb=0.31082, T=1.00, F=1.00, L=1.00, train_i=225900, total_steps=5647500
2025-12-18 02:52:28,155: it=225900, lxP=0.00, lxG=0.12, lxGt=24.19, lp=0.01, lg=2.03, aP=100.00, aGinf=93.50, aGt=68.25
2025-12-18 02:52:55,580: MaxHebb=0.30557, T=1.00, F=1.00, L=1.00, train_i=226000, total_steps=5650000
2025-12-18 02:52:55,580: it=226000, lxP=0.00, lxG=0.02, lxGt=17.36, lp=0.03, lg=2.05, aP=100.00, aGinf=85.50, aGt=60.00
2025-12-18 02:52:57,142: save data time 0.12, train_i=226000.00, total_steps=5650000.00
2025-12-18 02:53:24,620: MaxHebb=0.30191, T=1.00, F=1.00, L=1.00, train_i=226100, total_steps=5652500
2025-12-18 02:53:24,620: it=226100, lxP=0.00, lxG=0.03, lxGt=19.15, lp=0.05, lg=2.01, aP=100.00, aGinf=89.25, aGt=64.50
2025-12-18 02:53:52,108: MaxHebb=0.30476, T=1.00, F=1.00, L=1.00, train_i=226200, total_steps=5655000
2025-12-18 02:53:52,108: it=226200, lxP=0.01, lxG=0.18, lxGt=18.81, lp=0.03, lg=2.02, aP=100.00, aGinf=91.00, aGt=67.25
2025-12-18 02:54:19,490: MaxHebb=0.30562, T=1.00, F=1.00, L=1.00, train_i=226300, total_steps=5657500
2025-12-18 02:54:19,490: it=226300, lxP=0.01, lxG=0.04, lxGt=25.12, lp=0.03, lg=2.02, aP=100.00, aGinf=89.00, aGt=63.00
2025-12-18 02:54:46,899: MaxHebb=0.30877, T=1.00, F=1.00, L=1.00, train_i=226400, total_steps=5660000
2025-12-18 02:54:46,899: it=226400, lxP=0.00, lxG=0.36, lxGt=22.02, lp=0.01, lg=2.07, aP=100.00, aGinf=93.25, aGt=67.00
2025-12-18 02:55:15,854: MaxHebb=0.30296, T=1.00, F=1.00, L=1.00, train_i=226500, total_steps=5662500
2025-12-18 02:55:15,854: it=226500, lxP=0.00, lxG=0.46, lxGt=20.65, lp=0.01, lg=2.04, aP=100.00, aGinf=87.50, aGt=62.25
2025-12-18 02:55:43,251: MaxHebb=0.30667, T=1.00, F=1.00, L=1.00, train_i=226600, total_steps=5665000
2025-12-18 02:55:43,251: it=226600, lxP=0.00, lxG=0.63, lxGt=20.60, lp=0.01, lg=2.02, aP=100.00, aGinf=92.75, aGt=69.00
2025-12-18 02:56:10,669: MaxHebb=0.30558, T=1.00, F=1.00, L=1.00, train_i=226700, total_steps=5667500
2025-12-18 02:56:10,669: it=226700, lxP=0.00, lxG=0.05, lxGt=20.83, lp=0.02, lg=2.03, aP=100.00, aGinf=93.25, aGt=68.00
2025-12-18 02:56:38,105: MaxHebb=0.30391, T=1.00, F=1.00, L=1.00, train_i=226800, total_steps=5670000
2025-12-18 02:56:38,105: it=226800, lxP=0.00, lxG=0.21, lxGt=25.60, lp=0.01, lg=2.02, aP=100.00, aGinf=91.25, aGt=63.25
2025-12-18 02:57:06,953: MaxHebb=0.30450, T=1.00, F=1.00, L=1.00, train_i=226900, total_steps=5672500
2025-12-18 02:57:06,953: it=226900, lxP=0.00, lxG=0.02, lxGt=19.81, lp=0.01, lg=2.02, aP=100.00, aGinf=90.00, aGt=66.75
2025-12-18 02:57:34,276: MaxHebb=0.30690, T=1.00, F=1.00, L=1.00, train_i=227000, total_steps=5675000
2025-12-18 02:57:34,276: it=227000, lxP=0.03, lxG=0.07, lxGt=16.46, lp=0.01, lg=1.99, aP=100.00, aGinf=86.50, aGt=62.75
2025-12-18 02:58:01,752: MaxHebb=0.30679, T=1.00, F=1.00, L=1.00, train_i=227100, total_steps=5677500
2025-12-18 02:58:01,752: it=227100, lxP=0.00, lxG=0.01, lxGt=20.42, lp=0.02, lg=2.05, aP=100.00, aGinf=91.50, aGt=65.50
2025-12-18 02:58:29,271: MaxHebb=0.30197, T=1.00, F=1.00, L=1.00, train_i=227200, total_steps=5680000
2025-12-18 02:58:29,272: it=227200, lxP=0.00, lxG=0.87, lxGt=19.92, lp=0.02, lg=2.02, aP=100.00, aGinf=90.75, aGt=68.75
2025-12-18 02:58:58,137: MaxHebb=0.30576, T=1.00, F=1.00, L=1.00, train_i=227300, total_steps=5682500
2025-12-18 02:58:58,137: it=227300, lxP=0.00, lxG=0.18, lxGt=21.92, lp=0.01, lg=2.07, aP=100.00, aGinf=96.00, aGt=72.00
2025-12-18 02:59:25,611: MaxHebb=0.30437, T=1.00, F=1.00, L=1.00, train_i=227400, total_steps=5685000
2025-12-18 02:59:25,611: it=227400, lxP=0.01, lxG=0.13, lxGt=22.03, lp=0.02, lg=1.97, aP=100.00, aGinf=90.75, aGt=67.00
2025-12-18 02:59:53,051: MaxHebb=0.30231, T=1.00, F=1.00, L=1.00, train_i=227500, total_steps=5687500
2025-12-18 02:59:53,051: it=227500, lxP=0.00, lxG=1.53, lxGt=22.30, lp=0.01, lg=2.05, aP=100.00, aGinf=88.25, aGt=62.25
2025-12-18 03:00:20,487: MaxHebb=0.30639, T=1.00, F=1.00, L=1.00, train_i=227600, total_steps=5690000
2025-12-18 03:00:20,487: it=227600, lxP=0.01, lxG=0.08, lxGt=18.94, lp=0.01, lg=1.98, aP=100.00, aGinf=88.50, aGt=66.50
2025-12-18 03:00:49,423: MaxHebb=0.30169, T=1.00, F=1.00, L=1.00, train_i=227700, total_steps=5692500
2025-12-18 03:00:49,424: it=227700, lxP=0.01, lxG=0.09, lxGt=23.15, lp=0.01, lg=1.99, aP=100.00, aGinf=95.25, aGt=69.75
2025-12-18 03:01:16,975: MaxHebb=0.30204, T=1.00, F=1.00, L=1.00, train_i=227800, total_steps=5695000
2025-12-18 03:01:16,975: it=227800, lxP=0.00, lxG=0.20, lxGt=21.46, lp=0.01, lg=2.01, aP=100.00, aGinf=87.75, aGt=62.75
2025-12-18 03:01:44,503: MaxHebb=0.30667, T=1.00, F=1.00, L=1.00, train_i=227900, total_steps=5697500
2025-12-18 03:01:44,503: it=227900, lxP=0.00, lxG=0.08, lxGt=23.60, lp=0.01, lg=2.01, aP=100.00, aGinf=91.00, aGt=66.00
2025-12-18 03:02:12,039: MaxHebb=0.30204, T=1.00, F=1.00, L=1.00, train_i=228000, total_steps=5700000
2025-12-18 03:02:12,039: it=228000, lxP=0.00, lxG=0.02, lxGt=17.99, lp=0.03, lg=1.98, aP=100.00, aGinf=88.00, aGt=64.00
2025-12-18 03:02:13,565: save data time 0.11, train_i=228000.00, total_steps=5700000.00
2025-12-18 03:02:41,031: MaxHebb=0.30592, T=1.00, F=1.00, L=1.00, train_i=228100, total_steps=5702500
2025-12-18 03:02:41,031: it=228100, lxP=0.01, lxG=0.43, lxGt=17.90, lp=0.02, lg=1.98, aP=100.00, aGinf=93.25, aGt=68.25
2025-12-18 03:03:08,542: MaxHebb=0.30700, T=1.00, F=1.00, L=1.00, train_i=228200, total_steps=5705000
2025-12-18 03:03:08,542: it=228200, lxP=0.00, lxG=0.20, lxGt=17.95, lp=0.01, lg=1.99, aP=100.00, aGinf=85.50, aGt=62.25
2025-12-18 03:03:36,046: MaxHebb=0.30468, T=1.00, F=1.00, L=1.00, train_i=228300, total_steps=5707500
2025-12-18 03:03:36,047: it=228300, lxP=0.02, lxG=0.14, lxGt=20.08, lp=0.04, lg=1.98, aP=100.00, aGinf=89.25, aGt=64.25
2025-12-18 03:04:03,398: MaxHebb=0.30296, T=1.00, F=1.00, L=1.00, train_i=228400, total_steps=5710000
2025-12-18 03:04:03,398: it=228400, lxP=0.09, lxG=0.12, lxGt=18.01, lp=0.01, lg=1.95, aP=100.00, aGinf=90.00, aGt=67.50
2025-12-18 03:04:32,251: MaxHebb=0.30138, T=1.00, F=1.00, L=1.00, train_i=228500, total_steps=5712500
2025-12-18 03:04:32,251: it=228500, lxP=0.00, lxG=0.00, lxGt=22.59, lp=0.01, lg=2.05, aP=100.00, aGinf=93.00, aGt=67.00
2025-12-18 03:04:59,731: MaxHebb=0.30108, T=1.00, F=1.00, L=1.00, train_i=228600, total_steps=5715000
2025-12-18 03:04:59,731: it=228600, lxP=0.00, lxG=0.14, lxGt=21.81, lp=0.03, lg=1.99, aP=100.00, aGinf=92.50, aGt=68.50
2025-12-18 03:05:27,158: MaxHebb=0.30305, T=1.00, F=1.00, L=1.00, train_i=228700, total_steps=5717500
2025-12-18 03:05:27,158: it=228700, lxP=0.00, lxG=0.12, lxGt=19.63, lp=0.02, lg=1.98, aP=100.00, aGinf=93.25, aGt=70.00
2025-12-18 03:05:54,627: MaxHebb=0.30452, T=1.00, F=1.00, L=1.00, train_i=228800, total_steps=5720000
2025-12-18 03:05:54,627: it=228800, lxP=0.09, lxG=0.05, lxGt=19.09, lp=0.03, lg=1.96, aP=100.00, aGinf=90.50, aGt=64.75
2025-12-18 03:06:23,449: MaxHebb=0.29661, T=1.00, F=1.00, L=1.00, train_i=228900, total_steps=5722500
2025-12-18 03:06:23,449: it=228900, lxP=0.02, lxG=0.20, lxGt=21.29, lp=0.02, lg=2.04, aP=100.00, aGinf=92.00, aGt=67.25
2025-12-18 03:06:50,885: MaxHebb=0.30507, T=1.00, F=1.00, L=1.00, train_i=229000, total_steps=5725000
2025-12-18 03:06:50,885: it=229000, lxP=0.00, lxG=0.09, lxGt=18.85, lp=0.02, lg=1.97, aP=100.00, aGinf=92.25, aGt=66.00
2025-12-18 03:07:18,340: MaxHebb=0.29694, T=1.00, F=1.00, L=1.00, train_i=229100, total_steps=5727500
2025-12-18 03:07:18,340: it=229100, lxP=0.05, lxG=0.05, lxGt=20.25, lp=0.01, lg=1.98, aP=100.00, aGinf=98.75, aGt=71.25
2025-12-18 03:07:45,735: MaxHebb=0.30620, T=1.00, F=1.00, L=1.00, train_i=229200, total_steps=5730000
2025-12-18 03:07:45,735: it=229200, lxP=0.02, lxG=0.13, lxGt=18.24, lp=0.02, lg=1.96, aP=100.00, aGinf=91.75, aGt=67.50
2025-12-18 03:08:14,600: MaxHebb=0.30665, T=1.00, F=1.00, L=1.00, train_i=229300, total_steps=5732500
2025-12-18 03:08:14,600: it=229300, lxP=0.00, lxG=0.04, lxGt=19.09, lp=0.01, lg=1.96, aP=100.00, aGinf=92.50, aGt=66.50
2025-12-18 03:08:42,058: MaxHebb=0.30435, T=1.00, F=1.00, L=1.00, train_i=229400, total_steps=5735000
2025-12-18 03:08:42,058: it=229400, lxP=0.00, lxG=0.07, lxGt=21.28, lp=0.01, lg=1.97, aP=100.00, aGinf=94.00, aGt=67.00
2025-12-18 03:09:09,451: MaxHebb=0.30389, T=1.00, F=1.00, L=1.00, train_i=229500, total_steps=5737500
2025-12-18 03:09:09,451: it=229500, lxP=0.01, lxG=0.25, lxGt=18.28, lp=0.01, lg=1.98, aP=100.00, aGinf=89.00, aGt=60.50
2025-12-18 03:09:36,887: MaxHebb=0.30117, T=1.00, F=1.00, L=1.00, train_i=229600, total_steps=5740000
2025-12-18 03:09:36,888: it=229600, lxP=0.00, lxG=0.03, lxGt=19.90, lp=0.02, lg=1.99, aP=100.00, aGinf=90.25, aGt=66.75
2025-12-18 03:10:05,812: MaxHebb=0.30846, T=1.00, F=1.00, L=1.00, train_i=229700, total_steps=5742500
2025-12-18 03:10:05,812: it=229700, lxP=0.00, lxG=0.22, lxGt=20.75, lp=0.04, lg=2.00, aP=100.00, aGinf=90.50, aGt=66.00
2025-12-18 03:10:33,205: MaxHebb=0.29740, T=1.00, F=1.00, L=1.00, train_i=229800, total_steps=5745000
2025-12-18 03:10:33,206: it=229800, lxP=0.00, lxG=0.06, lxGt=23.37, lp=0.01, lg=1.97, aP=100.00, aGinf=96.75, aGt=69.00
2025-12-18 03:11:00,595: MaxHebb=0.30422, T=1.00, F=1.00, L=1.00, train_i=229900, total_steps=5747500
2025-12-18 03:11:00,595: it=229900, lxP=0.00, lxG=0.98, lxGt=21.86, lp=0.01, lg=1.96, aP=100.00, aGinf=92.25, aGt=67.00
2025-12-18 03:11:28,051: MaxHebb=0.30963, T=1.00, F=1.00, L=1.00, train_i=230000, total_steps=5750000
2025-12-18 03:11:28,051: it=230000, lxP=0.02, lxG=0.84, lxGt=22.71, lp=0.03, lg=1.99, aP=100.00, aGinf=92.25, aGt=65.00
2025-12-18 03:11:29,563: save data time 0.10, train_i=230000.00, total_steps=5750000.00
2025-12-18 03:11:57,047: MaxHebb=0.30794, T=1.00, F=1.00, L=1.00, train_i=230100, total_steps=5752500
2025-12-18 03:11:57,047: it=230100, lxP=0.09, lxG=0.12, lxGt=22.17, lp=0.02, lg=1.97, aP=100.00, aGinf=95.75, aGt=71.00
2025-12-18 03:12:24,338: MaxHebb=0.30813, T=1.00, F=1.00, L=1.00, train_i=230200, total_steps=5755000
2025-12-18 03:12:24,339: it=230200, lxP=0.00, lxG=0.16, lxGt=20.16, lp=0.01, lg=1.99, aP=100.00, aGinf=95.75, aGt=71.25
2025-12-18 03:12:51,690: MaxHebb=0.30823, T=1.00, F=1.00, L=1.00, train_i=230300, total_steps=5757500
2025-12-18 03:12:51,690: it=230300, lxP=0.00, lxG=0.11, lxGt=19.57, lp=0.03, lg=2.04, aP=100.00, aGinf=85.50, aGt=61.25
2025-12-18 03:13:19,099: MaxHebb=0.30650, T=1.00, F=1.00, L=1.00, train_i=230400, total_steps=5760000
2025-12-18 03:13:19,100: it=230400, lxP=0.00, lxG=0.01, lxGt=21.94, lp=0.02, lg=1.99, aP=100.00, aGinf=92.25, aGt=66.25
2025-12-18 03:13:48,042: MaxHebb=0.30616, T=1.00, F=1.00, L=1.00, train_i=230500, total_steps=5762500
2025-12-18 03:13:48,042: it=230500, lxP=0.02, lxG=0.09, lxGt=18.81, lp=0.02, lg=1.99, aP=100.00, aGinf=92.25, aGt=65.50
2025-12-18 03:14:15,487: MaxHebb=0.30754, T=1.00, F=1.00, L=1.00, train_i=230600, total_steps=5765000
2025-12-18 03:14:15,488: it=230600, lxP=0.04, lxG=0.18, lxGt=20.95, lp=0.02, lg=1.94, aP=100.00, aGinf=91.50, aGt=65.00
2025-12-18 03:14:42,963: MaxHebb=0.30681, T=1.00, F=1.00, L=1.00, train_i=230700, total_steps=5767500
2025-12-18 03:14:42,963: it=230700, lxP=0.10, lxG=0.58, lxGt=17.85, lp=0.01, lg=1.94, aP=100.00, aGinf=88.75, aGt=63.50
2025-12-18 03:15:10,389: MaxHebb=0.30772, T=1.00, F=1.00, L=1.00, train_i=230800, total_steps=5770000
2025-12-18 03:15:10,389: it=230800, lxP=0.02, lxG=0.05, lxGt=19.34, lp=0.04, lg=1.97, aP=100.00, aGinf=87.00, aGt=61.75
2025-12-18 03:15:39,221: MaxHebb=0.30461, T=1.00, F=1.00, L=1.00, train_i=230900, total_steps=5772500
2025-12-18 03:15:39,221: it=230900, lxP=0.00, lxG=0.28, lxGt=18.53, lp=0.02, lg=2.00, aP=100.00, aGinf=94.75, aGt=71.75
2025-12-18 03:16:06,692: MaxHebb=0.30719, T=1.00, F=1.00, L=1.00, train_i=231000, total_steps=5775000
2025-12-18 03:16:06,692: it=231000, lxP=0.02, lxG=1.02, lxGt=19.00, lp=0.02, lg=1.96, aP=100.00, aGinf=93.50, aGt=73.00
2025-12-18 03:16:34,101: MaxHebb=0.30380, T=1.00, F=1.00, L=1.00, train_i=231100, total_steps=5777500
2025-12-18 03:16:34,101: it=231100, lxP=0.02, lxG=0.11, lxGt=21.33, lp=0.01, lg=1.96, aP=100.00, aGinf=90.75, aGt=64.25
2025-12-18 03:17:01,459: MaxHebb=0.30246, T=1.00, F=1.00, L=1.00, train_i=231200, total_steps=5780000
2025-12-18 03:17:01,459: it=231200, lxP=0.01, lxG=0.16, lxGt=20.68, lp=0.01, lg=1.99, aP=100.00, aGinf=91.50, aGt=68.50
2025-12-18 03:17:30,261: MaxHebb=0.30473, T=1.00, F=1.00, L=1.00, train_i=231300, total_steps=5782500
2025-12-18 03:17:30,261: it=231300, lxP=0.01, lxG=0.19, lxGt=16.48, lp=0.02, lg=1.96, aP=100.00, aGinf=91.25, aGt=66.75
2025-12-18 03:17:57,720: MaxHebb=0.30063, T=1.00, F=1.00, L=1.00, train_i=231400, total_steps=5785000
2025-12-18 03:17:57,720: it=231400, lxP=0.00, lxG=0.73, lxGt=18.62, lp=0.01, lg=1.98, aP=100.00, aGinf=92.25, aGt=65.25
2025-12-18 03:18:25,246: MaxHebb=0.29889, T=1.00, F=1.00, L=1.00, train_i=231500, total_steps=5787500
2025-12-18 03:18:25,246: it=231500, lxP=0.00, lxG=0.01, lxGt=22.00, lp=0.01, lg=2.00, aP=100.00, aGinf=95.75, aGt=72.75
2025-12-18 03:18:52,791: MaxHebb=0.30198, T=1.00, F=1.00, L=1.00, train_i=231600, total_steps=5790000
2025-12-18 03:18:52,791: it=231600, lxP=0.01, lxG=0.05, lxGt=17.80, lp=0.02, lg=1.98, aP=100.00, aGinf=91.00, aGt=65.25
2025-12-18 03:19:21,694: MaxHebb=0.29845, T=1.00, F=1.00, L=1.00, train_i=231700, total_steps=5792500
2025-12-18 03:19:21,694: it=231700, lxP=0.04, lxG=0.85, lxGt=19.79, lp=0.02, lg=1.95, aP=100.00, aGinf=93.00, aGt=71.00
2025-12-18 03:19:49,169: MaxHebb=0.30340, T=1.00, F=1.00, L=1.00, train_i=231800, total_steps=5795000
2025-12-18 03:19:49,169: it=231800, lxP=0.00, lxG=0.02, lxGt=17.52, lp=0.02, lg=1.96, aP=100.00, aGinf=86.50, aGt=65.00
2025-12-18 03:20:16,556: MaxHebb=0.30385, T=1.00, F=1.00, L=1.00, train_i=231900, total_steps=5797500
2025-12-18 03:20:16,556: it=231900, lxP=0.08, lxG=0.09, lxGt=20.34, lp=0.03, lg=1.93, aP=100.00, aGinf=94.50, aGt=70.25
2025-12-18 03:20:44,101: MaxHebb=0.30115, T=1.00, F=1.00, L=1.00, train_i=232000, total_steps=5800000
2025-12-18 03:20:44,101: it=232000, lxP=0.00, lxG=0.22, lxGt=22.44, lp=0.01, lg=1.99, aP=100.00, aGinf=90.75, aGt=63.25
2025-12-18 03:20:45,646: save data time 0.12, train_i=232000.00, total_steps=5800000.00
2025-12-18 03:21:13,114: MaxHebb=0.30431, T=1.00, F=1.00, L=1.00, train_i=232100, total_steps=5802500
2025-12-18 03:21:13,114: it=232100, lxP=0.02, lxG=0.10, lxGt=20.99, lp=0.01, lg=1.97, aP=100.00, aGinf=95.00, aGt=70.00
2025-12-18 03:21:40,591: MaxHebb=0.30205, T=1.00, F=1.00, L=1.00, train_i=232200, total_steps=5805000
2025-12-18 03:21:40,592: it=232200, lxP=0.00, lxG=0.03, lxGt=22.85, lp=0.01, lg=1.95, aP=100.00, aGinf=93.25, aGt=67.00
2025-12-18 03:22:08,015: MaxHebb=0.30120, T=1.00, F=1.00, L=1.00, train_i=232300, total_steps=5807500
2025-12-18 03:22:08,015: it=232300, lxP=0.01, lxG=0.03, lxGt=18.51, lp=0.02, lg=1.96, aP=100.00, aGinf=89.25, aGt=63.00
2025-12-18 03:22:35,537: MaxHebb=0.30407, T=1.00, F=1.00, L=1.00, train_i=232400, total_steps=5810000
2025-12-18 03:22:35,537: it=232400, lxP=0.00, lxG=0.03, lxGt=20.00, lp=0.02, lg=1.96, aP=100.00, aGinf=93.00, aGt=68.00
2025-12-18 03:23:04,374: MaxHebb=0.30176, T=1.00, F=1.00, L=1.00, train_i=232500, total_steps=5812500
2025-12-18 03:23:04,374: it=232500, lxP=0.00, lxG=0.03, lxGt=20.54, lp=0.03, lg=1.97, aP=100.00, aGinf=95.25, aGt=68.75
2025-12-18 03:23:31,791: MaxHebb=0.30493, T=1.00, F=1.00, L=1.00, train_i=232600, total_steps=5815000
2025-12-18 03:23:31,791: it=232600, lxP=0.00, lxG=0.09, lxGt=22.77, lp=0.02, lg=1.97, aP=100.00, aGinf=97.50, aGt=72.00
2025-12-18 03:23:59,271: MaxHebb=0.30366, T=1.00, F=1.00, L=1.00, train_i=232700, total_steps=5817500
2025-12-18 03:23:59,271: it=232700, lxP=0.00, lxG=0.06, lxGt=17.86, lp=0.03, lg=1.96, aP=100.00, aGinf=90.25, aGt=64.75
2025-12-18 03:24:26,676: MaxHebb=0.29644, T=1.00, F=1.00, L=1.00, train_i=232800, total_steps=5820000
2025-12-18 03:24:26,676: it=232800, lxP=0.00, lxG=0.19, lxGt=22.64, lp=0.02, lg=2.02, aP=100.00, aGinf=94.25, aGt=68.75
2025-12-18 03:24:55,492: MaxHebb=0.30188, T=1.00, F=1.00, L=1.00, train_i=232900, total_steps=5822500
2025-12-18 03:24:55,492: it=232900, lxP=0.01, lxG=0.74, lxGt=17.30, lp=0.01, lg=1.96, aP=100.00, aGinf=91.00, aGt=68.25
2025-12-18 03:25:22,921: MaxHebb=0.30406, T=1.00, F=1.00, L=1.00, train_i=233000, total_steps=5825000
2025-12-18 03:25:22,921: it=233000, lxP=0.02, lxG=0.04, lxGt=17.07, lp=0.04, lg=1.96, aP=100.00, aGinf=91.00, aGt=65.75
2025-12-18 03:25:50,388: MaxHebb=0.30486, T=1.00, F=1.00, L=1.00, train_i=233100, total_steps=5827500
2025-12-18 03:25:50,388: it=233100, lxP=0.02, lxG=0.10, lxGt=22.24, lp=0.03, lg=1.96, aP=100.00, aGinf=88.25, aGt=61.75
2025-12-18 03:26:17,849: MaxHebb=0.30288, T=1.00, F=1.00, L=1.00, train_i=233200, total_steps=5830000
2025-12-18 03:26:17,849: it=233200, lxP=0.00, lxG=0.31, lxGt=20.94, lp=0.02, lg=1.99, aP=100.00, aGinf=88.00, aGt=62.75
2025-12-18 03:26:46,748: MaxHebb=0.29254, T=1.00, F=1.00, L=1.00, train_i=233300, total_steps=5832500
2025-12-18 03:26:46,748: it=233300, lxP=0.00, lxG=0.37, lxGt=20.74, lp=0.02, lg=1.99, aP=100.00, aGinf=87.00, aGt=64.50
2025-12-18 03:27:14,182: MaxHebb=0.29788, T=1.00, F=1.00, L=1.00, train_i=233400, total_steps=5835000
2025-12-18 03:27:14,182: it=233400, lxP=0.02, lxG=0.02, lxGt=21.30, lp=0.02, lg=1.99, aP=100.00, aGinf=93.75, aGt=71.00
2025-12-18 03:27:41,712: MaxHebb=0.29968, T=1.00, F=1.00, L=1.00, train_i=233500, total_steps=5837500
2025-12-18 03:27:41,712: it=233500, lxP=0.01, lxG=0.15, lxGt=20.51, lp=0.03, lg=2.00, aP=100.00, aGinf=89.00, aGt=63.50
2025-12-18 03:28:09,188: MaxHebb=0.30308, T=1.00, F=1.00, L=1.00, train_i=233600, total_steps=5840000
2025-12-18 03:28:09,188: it=233600, lxP=0.00, lxG=0.03, lxGt=21.69, lp=0.02, lg=1.96, aP=100.00, aGinf=93.25, aGt=67.25
2025-12-18 03:28:38,045: MaxHebb=0.30566, T=1.00, F=1.00, L=1.00, train_i=233700, total_steps=5842500
2025-12-18 03:28:38,045: it=233700, lxP=0.08, lxG=0.28, lxGt=23.75, lp=0.03, lg=1.97, aP=100.00, aGinf=90.25, aGt=62.75
2025-12-18 03:29:05,444: MaxHebb=0.30379, T=1.00, F=1.00, L=1.00, train_i=233800, total_steps=5845000
2025-12-18 03:29:05,444: it=233800, lxP=0.01, lxG=0.14, lxGt=21.08, lp=0.03, lg=1.98, aP=100.00, aGinf=91.00, aGt=67.50
2025-12-18 03:29:32,840: MaxHebb=0.30366, T=1.00, F=1.00, L=1.00, train_i=233900, total_steps=5847500
2025-12-18 03:29:32,840: it=233900, lxP=0.03, lxG=0.21, lxGt=18.27, lp=0.03, lg=1.95, aP=100.00, aGinf=91.75, aGt=67.75
2025-12-18 03:30:00,281: MaxHebb=0.30018, T=1.00, F=1.00, L=1.00, train_i=234000, total_steps=5850000
2025-12-18 03:30:00,281: it=234000, lxP=0.00, lxG=0.18, lxGt=20.47, lp=0.02, lg=1.97, aP=100.00, aGinf=92.25, aGt=65.00
2025-12-18 03:30:01,812: save data time 0.11, train_i=234000.00, total_steps=5850000.00
2025-12-18 03:30:29,286: MaxHebb=0.30425, T=1.00, F=1.00, L=1.00, train_i=234100, total_steps=5852500
2025-12-18 03:30:29,286: it=234100, lxP=0.01, lxG=0.41, lxGt=23.62, lp=0.01, lg=1.94, aP=100.00, aGinf=92.50, aGt=66.75
2025-12-18 03:30:56,772: MaxHebb=0.29218, T=1.00, F=1.00, L=1.00, train_i=234200, total_steps=5855000
2025-12-18 03:30:56,772: it=234200, lxP=0.01, lxG=0.02, lxGt=24.65, lp=0.01, lg=1.95, aP=100.00, aGinf=91.50, aGt=63.50
2025-12-18 03:31:24,240: MaxHebb=0.30204, T=1.00, F=1.00, L=1.00, train_i=234300, total_steps=5857500
2025-12-18 03:31:24,240: it=234300, lxP=0.00, lxG=0.06, lxGt=19.14, lp=0.03, lg=1.96, aP=100.00, aGinf=92.25, aGt=67.75
2025-12-18 03:31:51,700: MaxHebb=0.30191, T=1.00, F=1.00, L=1.00, train_i=234400, total_steps=5860000
2025-12-18 03:31:51,700: it=234400, lxP=0.03, lxG=0.05, lxGt=20.03, lp=0.03, lg=1.97, aP=100.00, aGinf=90.50, aGt=65.50
2025-12-18 03:32:20,554: MaxHebb=0.30401, T=1.00, F=1.00, L=1.00, train_i=234500, total_steps=5862500
2025-12-18 03:32:20,554: it=234500, lxP=0.00, lxG=0.01, lxGt=18.81, lp=0.03, lg=1.99, aP=100.00, aGinf=87.00, aGt=61.50
2025-12-18 03:32:48,024: MaxHebb=0.30130, T=1.00, F=1.00, L=1.00, train_i=234600, total_steps=5865000
2025-12-18 03:32:48,024: it=234600, lxP=0.02, lxG=0.05, lxGt=21.60, lp=0.01, lg=1.93, aP=100.00, aGinf=89.50, aGt=65.25
2025-12-18 03:33:15,472: MaxHebb=0.29910, T=1.00, F=1.00, L=1.00, train_i=234700, total_steps=5867500
2025-12-18 03:33:15,472: it=234700, lxP=0.01, lxG=0.30, lxGt=19.13, lp=0.03, lg=1.98, aP=100.00, aGinf=94.00, aGt=68.25
2025-12-18 03:33:42,959: MaxHebb=0.30373, T=1.00, F=1.00, L=1.00, train_i=234800, total_steps=5870000
2025-12-18 03:33:42,959: it=234800, lxP=0.00, lxG=0.47, lxGt=19.91, lp=0.04, lg=1.98, aP=100.00, aGinf=89.75, aGt=65.00
2025-12-18 03:34:11,819: MaxHebb=0.30151, T=1.00, F=1.00, L=1.00, train_i=234900, total_steps=5872500
2025-12-18 03:34:11,820: it=234900, lxP=0.01, lxG=0.31, lxGt=21.38, lp=0.01, lg=1.97, aP=100.00, aGinf=93.00, aGt=70.00
2025-12-18 03:34:39,254: MaxHebb=0.30162, T=1.00, F=1.00, L=1.00, train_i=235000, total_steps=5875000
2025-12-18 03:34:39,254: it=235000, lxP=0.06, lxG=0.36, lxGt=21.19, lp=0.02, lg=1.94, aP=100.00, aGinf=90.25, aGt=64.50
2025-12-18 03:35:06,702: MaxHebb=0.30246, T=1.00, F=1.00, L=1.00, train_i=235100, total_steps=5877500
2025-12-18 03:35:06,702: it=235100, lxP=0.04, lxG=0.60, lxGt=18.15, lp=0.01, lg=1.97, aP=100.00, aGinf=88.00, aGt=65.50
2025-12-18 03:35:34,079: MaxHebb=0.30380, T=1.00, F=1.00, L=1.00, train_i=235200, total_steps=5880000
2025-12-18 03:35:34,079: it=235200, lxP=0.00, lxG=0.04, lxGt=21.34, lp=0.01, lg=1.97, aP=100.00, aGinf=90.75, aGt=66.00
2025-12-18 03:36:02,885: MaxHebb=0.30536, T=1.00, F=1.00, L=1.00, train_i=235300, total_steps=5882500
2025-12-18 03:36:02,885: it=235300, lxP=0.01, lxG=0.02, lxGt=22.60, lp=0.02, lg=1.95, aP=100.00, aGinf=93.25, aGt=69.00
2025-12-18 03:36:30,327: MaxHebb=0.30397, T=1.00, F=1.00, L=1.00, train_i=235400, total_steps=5885000
2025-12-18 03:36:30,327: it=235400, lxP=0.01, lxG=0.09, lxGt=19.29, lp=0.03, lg=1.96, aP=100.00, aGinf=93.25, aGt=68.75
2025-12-18 03:36:57,743: MaxHebb=0.30423, T=1.00, F=1.00, L=1.00, train_i=235500, total_steps=5887500
2025-12-18 03:36:57,744: it=235500, lxP=0.01, lxG=0.04, lxGt=21.44, lp=0.01, lg=1.98, aP=100.00, aGinf=94.25, aGt=67.00
2025-12-18 03:37:25,189: MaxHebb=0.30187, T=1.00, F=1.00, L=1.00, train_i=235600, total_steps=5890000
2025-12-18 03:37:25,189: it=235600, lxP=0.01, lxG=0.05, lxGt=22.70, lp=0.04, lg=1.95, aP=100.00, aGinf=84.00, aGt=57.50
2025-12-18 03:37:54,104: MaxHebb=0.30330, T=1.00, F=1.00, L=1.00, train_i=235700, total_steps=5892500
2025-12-18 03:37:54,104: it=235700, lxP=0.00, lxG=0.20, lxGt=22.25, lp=0.01, lg=1.96, aP=100.00, aGinf=91.50, aGt=67.75
2025-12-18 03:38:21,677: MaxHebb=0.30299, T=1.00, F=1.00, L=1.00, train_i=235800, total_steps=5895000
2025-12-18 03:38:21,677: it=235800, lxP=0.00, lxG=0.51, lxGt=22.56, lp=0.02, lg=1.99, aP=100.00, aGinf=92.50, aGt=67.00
2025-12-18 03:38:49,192: MaxHebb=0.30428, T=1.00, F=1.00, L=1.00, train_i=235900, total_steps=5897500
2025-12-18 03:38:49,192: it=235900, lxP=0.00, lxG=0.05, lxGt=17.09, lp=0.01, lg=1.98, aP=100.00, aGinf=88.75, aGt=68.00
2025-12-18 03:39:16,769: MaxHebb=0.30032, T=1.00, F=1.00, L=1.00, train_i=236000, total_steps=5900000
2025-12-18 03:39:16,769: it=236000, lxP=0.00, lxG=0.06, lxGt=21.07, lp=0.03, lg=1.96, aP=100.00, aGinf=93.25, aGt=68.75
2025-12-18 03:39:18,325: save data time 0.11, train_i=236000.00, total_steps=5900000.00
2025-12-18 03:39:45,857: MaxHebb=0.30125, T=1.00, F=1.00, L=1.00, train_i=236100, total_steps=5902500
2025-12-18 03:39:45,857: it=236100, lxP=0.05, lxG=0.65, lxGt=22.37, lp=0.02, lg=1.97, aP=100.00, aGinf=87.50, aGt=62.00
2025-12-18 03:40:13,287: MaxHebb=0.29785, T=1.00, F=1.00, L=1.00, train_i=236200, total_steps=5905000
2025-12-18 03:40:13,287: it=236200, lxP=0.00, lxG=0.09, lxGt=18.88, lp=0.03, lg=1.98, aP=100.00, aGinf=92.25, aGt=67.75
2025-12-18 03:40:40,799: MaxHebb=0.29609, T=1.00, F=1.00, L=1.00, train_i=236300, total_steps=5907500
2025-12-18 03:40:40,799: it=236300, lxP=0.01, lxG=0.05, lxGt=20.44, lp=0.01, lg=1.97, aP=100.00, aGinf=91.75, aGt=65.50
2025-12-18 03:41:08,251: MaxHebb=0.29940, T=1.00, F=1.00, L=1.00, train_i=236400, total_steps=5910000
2025-12-18 03:41:08,251: it=236400, lxP=0.00, lxG=0.03, lxGt=23.53, lp=0.01, lg=1.96, aP=100.00, aGinf=91.00, aGt=66.00
2025-12-18 03:41:37,018: MaxHebb=0.29788, T=1.00, F=1.00, L=1.00, train_i=236500, total_steps=5912500
2025-12-18 03:41:37,018: it=236500, lxP=0.00, lxG=0.07, lxGt=19.57, lp=0.01, lg=2.02, aP=100.00, aGinf=92.50, aGt=67.25
2025-12-18 03:42:04,415: MaxHebb=0.29876, T=1.00, F=1.00, L=1.00, train_i=236600, total_steps=5915000
2025-12-18 03:42:04,415: it=236600, lxP=0.00, lxG=0.10, lxGt=19.15, lp=0.02, lg=1.96, aP=100.00, aGinf=91.50, aGt=67.00
2025-12-18 03:42:31,837: MaxHebb=0.29649, T=1.00, F=1.00, L=1.00, train_i=236700, total_steps=5917500
2025-12-18 03:42:31,838: it=236700, lxP=0.00, lxG=0.13, lxGt=18.24, lp=0.01, lg=1.99, aP=100.00, aGinf=95.00, aGt=71.50
2025-12-18 03:42:59,204: MaxHebb=0.29560, T=1.00, F=1.00, L=1.00, train_i=236800, total_steps=5920000
2025-12-18 03:42:59,204: it=236800, lxP=0.00, lxG=0.02, lxGt=24.09, lp=0.01, lg=1.99, aP=100.00, aGinf=90.75, aGt=62.50
2025-12-18 03:43:28,102: MaxHebb=0.29431, T=1.00, F=1.00, L=1.00, train_i=236900, total_steps=5922500
2025-12-18 03:43:28,102: it=236900, lxP=0.01, lxG=0.20, lxGt=22.13, lp=0.02, lg=1.98, aP=100.00, aGinf=89.00, aGt=64.75
2025-12-18 03:43:55,573: MaxHebb=0.27975, T=1.00, F=1.00, L=1.00, train_i=237000, total_steps=5925000
2025-12-18 03:43:55,573: it=237000, lxP=0.03, lxG=0.76, lxGt=22.04, lp=0.02, lg=1.97, aP=100.00, aGinf=92.75, aGt=66.75
2025-12-18 03:44:23,113: MaxHebb=0.29266, T=1.00, F=1.00, L=1.00, train_i=237100, total_steps=5927500
2025-12-18 03:44:23,114: it=237100, lxP=0.01, lxG=0.02, lxGt=20.19, lp=0.01, lg=1.99, aP=100.00, aGinf=92.50, aGt=68.25
2025-12-18 03:44:50,598: MaxHebb=0.29648, T=1.00, F=1.00, L=1.00, train_i=237200, total_steps=5930000
2025-12-18 03:44:50,598: it=237200, lxP=0.00, lxG=0.02, lxGt=19.22, lp=0.02, lg=1.99, aP=100.00, aGinf=93.75, aGt=69.50
2025-12-18 03:45:19,456: MaxHebb=0.29779, T=1.00, F=1.00, L=1.00, train_i=237300, total_steps=5932500
2025-12-18 03:45:19,457: it=237300, lxP=0.02, lxG=0.24, lxGt=19.87, lp=0.02, lg=1.96, aP=100.00, aGinf=90.25, aGt=67.25
2025-12-18 03:45:46,887: MaxHebb=0.29530, T=1.00, F=1.00, L=1.00, train_i=237400, total_steps=5935000
2025-12-18 03:45:46,887: it=237400, lxP=0.00, lxG=0.03, lxGt=18.93, lp=0.01, lg=1.98, aP=100.00, aGinf=87.75, aGt=64.00
2025-12-18 03:46:14,331: MaxHebb=0.29168, T=1.00, F=1.00, L=1.00, train_i=237500, total_steps=5937500
2025-12-18 03:46:14,331: it=237500, lxP=0.00, lxG=0.04, lxGt=21.84, lp=0.01, lg=2.03, aP=100.00, aGinf=97.25, aGt=73.00
2025-12-18 03:46:41,753: MaxHebb=0.29511, T=1.00, F=1.00, L=1.00, train_i=237600, total_steps=5940000
2025-12-18 03:46:41,753: it=237600, lxP=0.01, lxG=0.39, lxGt=22.47, lp=0.01, lg=1.99, aP=100.00, aGinf=92.25, aGt=69.25
2025-12-18 03:47:10,592: MaxHebb=0.29566, T=1.00, F=1.00, L=1.00, train_i=237700, total_steps=5942500
2025-12-18 03:47:10,592: it=237700, lxP=0.00, lxG=0.16, lxGt=18.05, lp=0.04, lg=2.03, aP=100.00, aGinf=86.00, aGt=65.75
2025-12-18 03:47:38,065: MaxHebb=0.29490, T=1.00, F=1.00, L=1.00, train_i=237800, total_steps=5945000
2025-12-18 03:47:38,065: it=237800, lxP=0.00, lxG=0.02, lxGt=20.77, lp=0.03, lg=2.03, aP=100.00, aGinf=86.25, aGt=60.50
2025-12-18 03:48:05,483: MaxHebb=0.29550, T=1.00, F=1.00, L=1.00, train_i=237900, total_steps=5947500
2025-12-18 03:48:05,483: it=237900, lxP=0.00, lxG=0.08, lxGt=24.51, lp=0.01, lg=1.99, aP=100.00, aGinf=94.75, aGt=68.50
2025-12-18 03:48:32,998: MaxHebb=0.29223, T=1.00, F=1.00, L=1.00, train_i=238000, total_steps=5950000
2025-12-18 03:48:32,998: it=238000, lxP=0.01, lxG=0.06, lxGt=21.65, lp=0.02, lg=1.97, aP=100.00, aGinf=90.25, aGt=66.00
2025-12-18 03:48:34,534: save data time 0.11, train_i=238000.00, total_steps=5950000.00
2025-12-18 03:49:01,942: MaxHebb=0.29619, T=1.00, F=1.00, L=1.00, train_i=238100, total_steps=5952500
2025-12-18 03:49:01,942: it=238100, lxP=0.01, lxG=0.04, lxGt=22.00, lp=0.03, lg=1.96, aP=100.00, aGinf=90.50, aGt=62.25
2025-12-18 03:49:29,388: MaxHebb=0.29730, T=1.00, F=1.00, L=1.00, train_i=238200, total_steps=5955000
2025-12-18 03:49:29,388: it=238200, lxP=0.00, lxG=0.68, lxGt=19.28, lp=0.02, lg=1.97, aP=100.00, aGinf=89.00, aGt=62.75
2025-12-18 03:49:56,779: MaxHebb=0.29447, T=1.00, F=1.00, L=1.00, train_i=238300, total_steps=5957500
2025-12-18 03:49:56,779: it=238300, lxP=0.00, lxG=0.03, lxGt=18.70, lp=0.02, lg=2.00, aP=100.00, aGinf=92.00, aGt=67.00
2025-12-18 03:50:24,191: MaxHebb=0.29536, T=1.00, F=1.00, L=1.00, train_i=238400, total_steps=5960000
2025-12-18 03:50:24,191: it=238400, lxP=0.01, lxG=0.04, lxGt=23.46, lp=0.01, lg=1.99, aP=100.00, aGinf=91.75, aGt=67.00
2025-12-18 03:50:53,107: MaxHebb=0.29476, T=1.00, F=1.00, L=1.00, train_i=238500, total_steps=5962500
2025-12-18 03:50:53,107: it=238500, lxP=0.01, lxG=0.04, lxGt=20.22, lp=0.03, lg=1.95, aP=100.00, aGinf=92.75, aGt=67.50
2025-12-18 03:51:20,600: MaxHebb=0.29527, T=1.00, F=1.00, L=1.00, train_i=238600, total_steps=5965000
2025-12-18 03:51:20,600: it=238600, lxP=0.01, lxG=0.21, lxGt=18.37, lp=0.02, lg=1.98, aP=100.00, aGinf=90.50, aGt=64.00
2025-12-18 03:51:48,162: MaxHebb=0.29530, T=1.00, F=1.00, L=1.00, train_i=238700, total_steps=5967500
2025-12-18 03:51:48,163: it=238700, lxP=0.00, lxG=0.68, lxGt=23.30, lp=0.04, lg=1.98, aP=100.00, aGinf=84.00, aGt=59.50
2025-12-18 03:52:15,605: MaxHebb=0.29724, T=1.00, F=1.00, L=1.00, train_i=238800, total_steps=5970000
2025-12-18 03:52:15,606: it=238800, lxP=0.00, lxG=0.37, lxGt=17.92, lp=0.03, lg=1.99, aP=100.00, aGinf=89.25, aGt=66.50
2025-12-18 03:52:44,509: MaxHebb=0.29810, T=1.00, F=1.00, L=1.00, train_i=238900, total_steps=5972500
2025-12-18 03:52:44,509: it=238900, lxP=0.01, lxG=0.14, lxGt=20.77, lp=0.02, lg=1.98, aP=100.00, aGinf=96.50, aGt=72.25
2025-12-18 03:53:12,001: MaxHebb=0.29217, T=1.00, F=1.00, L=1.00, train_i=239000, total_steps=5975000
2025-12-18 03:53:12,001: it=239000, lxP=0.00, lxG=0.02, lxGt=20.07, lp=0.02, lg=1.98, aP=100.00, aGinf=93.50, aGt=66.50
2025-12-18 03:53:39,341: MaxHebb=0.29378, T=1.00, F=1.00, L=1.00, train_i=239100, total_steps=5977500
2025-12-18 03:53:39,341: it=239100, lxP=0.00, lxG=0.09, lxGt=19.12, lp=0.02, lg=2.00, aP=100.00, aGinf=92.00, aGt=68.00
2025-12-18 03:54:06,825: MaxHebb=0.29391, T=1.00, F=1.00, L=1.00, train_i=239200, total_steps=5980000
2025-12-18 03:54:06,825: it=239200, lxP=0.00, lxG=0.02, lxGt=21.11, lp=0.01, lg=2.01, aP=100.00, aGinf=88.00, aGt=60.75
2025-12-18 03:54:35,704: MaxHebb=0.29543, T=1.00, F=1.00, L=1.00, train_i=239300, total_steps=5982500
2025-12-18 03:54:35,704: it=239300, lxP=0.03, lxG=0.17, lxGt=20.15, lp=0.04, lg=2.01, aP=100.00, aGinf=91.75, aGt=66.50
2025-12-18 03:55:03,136: MaxHebb=0.29243, T=1.00, F=1.00, L=1.00, train_i=239400, total_steps=5985000
2025-12-18 03:55:03,137: it=239400, lxP=0.00, lxG=0.03, lxGt=20.45, lp=0.01, lg=1.99, aP=100.00, aGinf=91.00, aGt=66.00
2025-12-18 03:55:30,504: MaxHebb=0.29495, T=1.00, F=1.00, L=1.00, train_i=239500, total_steps=5987500
2025-12-18 03:55:30,504: it=239500, lxP=0.01, lxG=0.18, lxGt=20.92, lp=0.02, lg=1.96, aP=100.00, aGinf=89.50, aGt=63.75
2025-12-18 03:55:57,848: MaxHebb=0.29569, T=1.00, F=1.00, L=1.00, train_i=239600, total_steps=5990000
2025-12-18 03:55:57,848: it=239600, lxP=0.00, lxG=0.09, lxGt=20.11, lp=0.02, lg=1.98, aP=100.00, aGinf=90.00, aGt=61.50
2025-12-18 03:56:26,727: MaxHebb=0.29947, T=1.00, F=1.00, L=1.00, train_i=239700, total_steps=5992500
2025-12-18 03:56:26,728: it=239700, lxP=0.00, lxG=0.13, lxGt=22.40, lp=0.01, lg=2.03, aP=100.00, aGinf=91.75, aGt=67.75
2025-12-18 03:56:54,124: MaxHebb=0.29718, T=1.00, F=1.00, L=1.00, train_i=239800, total_steps=5995000
2025-12-18 03:56:54,124: it=239800, lxP=0.00, lxG=0.02, lxGt=22.26, lp=0.02, lg=1.99, aP=100.00, aGinf=88.50, aGt=62.75
2025-12-18 03:57:21,531: MaxHebb=0.29384, T=1.00, F=1.00, L=1.00, train_i=239900, total_steps=5997500
2025-12-18 03:57:21,532: it=239900, lxP=0.01, lxG=0.08, lxGt=22.00, lp=0.01, lg=1.98, aP=100.00, aGinf=90.75, aGt=68.00
2025-12-18 03:57:48,918: MaxHebb=0.29341, T=1.00, F=1.00, L=1.00, train_i=240000, total_steps=6000000
2025-12-18 03:57:48,918: it=240000, lxP=0.01, lxG=0.10, lxGt=15.26, lp=0.01, lg=1.94, aP=100.00, aGinf=91.25, aGt=67.50
2025-12-18 03:57:50,466: save data time 0.13, train_i=240000.00, total_steps=6000000.00
2025-12-18 03:58:17,967: MaxHebb=0.29184, T=1.00, F=1.00, L=1.00, train_i=240100, total_steps=6002500
2025-12-18 03:58:17,968: it=240100, lxP=0.06, lxG=1.64, lxGt=21.14, lp=0.01, lg=1.95, aP=100.00, aGinf=86.75, aGt=60.50
2025-12-18 03:58:45,465: MaxHebb=0.29426, T=1.00, F=1.00, L=1.00, train_i=240200, total_steps=6005000
2025-12-18 03:58:45,465: it=240200, lxP=0.00, lxG=0.04, lxGt=17.62, lp=0.01, lg=1.96, aP=100.00, aGinf=90.50, aGt=65.50
2025-12-18 03:59:12,915: MaxHebb=0.29900, T=1.00, F=1.00, L=1.00, train_i=240300, total_steps=6007500
2025-12-18 03:59:12,915: it=240300, lxP=0.00, lxG=0.61, lxGt=20.32, lp=0.03, lg=2.00, aP=100.00, aGinf=90.50, aGt=67.00
2025-12-18 03:59:40,469: MaxHebb=0.29720, T=1.00, F=1.00, L=1.00, train_i=240400, total_steps=6010000
2025-12-18 03:59:40,469: it=240400, lxP=0.02, lxG=0.05, lxGt=23.24, lp=0.02, lg=1.96, aP=100.00, aGinf=95.00, aGt=68.25
2025-12-18 04:00:09,462: MaxHebb=0.29474, T=1.00, F=1.00, L=1.00, train_i=240500, total_steps=6012500
2025-12-18 04:00:09,462: it=240500, lxP=0.02, lxG=0.09, lxGt=18.51, lp=0.03, lg=1.98, aP=100.00, aGinf=90.50, aGt=63.25
2025-12-18 04:00:36,944: MaxHebb=0.29785, T=1.00, F=1.00, L=1.00, train_i=240600, total_steps=6015000
2025-12-18 04:00:36,944: it=240600, lxP=0.01, lxG=0.03, lxGt=19.22, lp=0.01, lg=1.96, aP=100.00, aGinf=89.50, aGt=64.00
2025-12-18 04:01:04,383: MaxHebb=0.29884, T=1.00, F=1.00, L=1.00, train_i=240700, total_steps=6017500
2025-12-18 04:01:04,383: it=240700, lxP=0.01, lxG=0.71, lxGt=17.70, lp=0.03, lg=1.99, aP=100.00, aGinf=87.75, aGt=63.50
2025-12-18 04:01:31,868: MaxHebb=0.29471, T=1.00, F=1.00, L=1.00, train_i=240800, total_steps=6020000
2025-12-18 04:01:31,868: it=240800, lxP=0.01, lxG=0.06, lxGt=21.45, lp=0.03, lg=1.98, aP=100.00, aGinf=91.25, aGt=66.75
2025-12-18 04:02:00,710: MaxHebb=0.28445, T=1.00, F=1.00, L=1.00, train_i=240900, total_steps=6022500
2025-12-18 04:02:00,710: it=240900, lxP=0.01, lxG=0.32, lxGt=18.55, lp=0.02, lg=1.95, aP=100.00, aGinf=92.00, aGt=67.75
2025-12-18 04:02:28,144: MaxHebb=0.29772, T=1.00, F=1.00, L=1.00, train_i=241000, total_steps=6025000
2025-12-18 04:02:28,144: it=241000, lxP=0.00, lxG=0.06, lxGt=22.46, lp=0.03, lg=1.98, aP=100.00, aGinf=92.50, aGt=66.50
2025-12-18 04:02:55,599: MaxHebb=0.29462, T=1.00, F=1.00, L=1.00, train_i=241100, total_steps=6027500
2025-12-18 04:02:55,599: it=241100, lxP=0.01, lxG=0.39, lxGt=22.91, lp=0.01, lg=1.96, aP=100.00, aGinf=96.25, aGt=70.25
2025-12-18 04:03:23,088: MaxHebb=0.29497, T=1.00, F=1.00, L=1.00, train_i=241200, total_steps=6030000
2025-12-18 04:03:23,088: it=241200, lxP=0.00, lxG=0.21, lxGt=18.05, lp=0.02, lg=1.99, aP=100.00, aGinf=89.25, aGt=64.00
2025-12-18 04:03:52,013: MaxHebb=0.28959, T=1.00, F=1.00, L=1.00, train_i=241300, total_steps=6032500
2025-12-18 04:03:52,013: it=241300, lxP=0.03, lxG=0.05, lxGt=21.75, lp=0.03, lg=2.00, aP=100.00, aGinf=85.25, aGt=61.00
2025-12-18 04:04:19,446: MaxHebb=0.29069, T=1.00, F=1.00, L=1.00, train_i=241400, total_steps=6035000
2025-12-18 04:04:19,446: it=241400, lxP=0.01, lxG=0.11, lxGt=22.51, lp=0.02, lg=1.96, aP=100.00, aGinf=91.75, aGt=67.25
2025-12-18 04:04:46,896: MaxHebb=0.29521, T=1.00, F=1.00, L=1.00, train_i=241500, total_steps=6037500
2025-12-18 04:04:46,896: it=241500, lxP=0.01, lxG=0.05, lxGt=23.97, lp=0.02, lg=1.98, aP=100.00, aGinf=90.00, aGt=63.25
2025-12-18 04:05:14,308: MaxHebb=0.29222, T=1.00, F=1.00, L=1.00, train_i=241600, total_steps=6040000
2025-12-18 04:05:14,308: it=241600, lxP=0.00, lxG=0.05, lxGt=19.97, lp=0.02, lg=1.94, aP=100.00, aGinf=89.25, aGt=65.50
2025-12-18 04:05:43,247: MaxHebb=0.29469, T=1.00, F=1.00, L=1.00, train_i=241700, total_steps=6042500
2025-12-18 04:05:43,247: it=241700, lxP=0.02, lxG=0.07, lxGt=24.63, lp=0.01, lg=1.97, aP=100.00, aGinf=96.00, aGt=68.00
2025-12-18 04:06:10,829: MaxHebb=0.28900, T=1.00, F=1.00, L=1.00, train_i=241800, total_steps=6045000
2025-12-18 04:06:10,829: it=241800, lxP=0.01, lxG=0.07, lxGt=19.06, lp=0.04, lg=1.99, aP=100.00, aGinf=87.75, aGt=65.00
2025-12-18 04:06:38,396: MaxHebb=0.29521, T=1.00, F=1.00, L=1.00, train_i=241900, total_steps=6047500
2025-12-18 04:06:38,396: it=241900, lxP=0.02, lxG=0.31, lxGt=19.64, lp=0.02, lg=1.94, aP=100.00, aGinf=89.25, aGt=68.00
2025-12-18 04:07:05,817: MaxHebb=0.28795, T=1.00, F=1.00, L=1.00, train_i=242000, total_steps=6050000
2025-12-18 04:07:05,817: it=242000, lxP=0.08, lxG=0.11, lxGt=20.74, lp=0.03, lg=1.96, aP=100.00, aGinf=89.25, aGt=65.25
2025-12-18 04:07:07,401: save data time 0.13, train_i=242000.00, total_steps=6050000.00
2025-12-18 04:07:34,766: MaxHebb=0.29384, T=1.00, F=1.00, L=1.00, train_i=242100, total_steps=6052500
2025-12-18 04:07:34,766: it=242100, lxP=0.04, lxG=0.09, lxGt=22.56, lp=0.03, lg=1.97, aP=100.00, aGinf=89.75, aGt=62.75
2025-12-18 04:08:02,218: MaxHebb=0.29085, T=1.00, F=1.00, L=1.00, train_i=242200, total_steps=6055000
2025-12-18 04:08:02,218: it=242200, lxP=0.01, lxG=0.30, lxGt=16.27, lp=0.03, lg=1.97, aP=100.00, aGinf=88.75, aGt=64.75
2025-12-18 04:08:29,646: MaxHebb=0.29603, T=1.00, F=1.00, L=1.00, train_i=242300, total_steps=6057500
2025-12-18 04:08:29,646: it=242300, lxP=0.01, lxG=0.02, lxGt=24.27, lp=0.02, lg=1.99, aP=100.00, aGinf=92.75, aGt=65.50
2025-12-18 04:08:57,074: MaxHebb=0.28385, T=1.00, F=1.00, L=1.00, train_i=242400, total_steps=6060000
2025-12-18 04:08:57,074: it=242400, lxP=0.00, lxG=0.01, lxGt=20.94, lp=0.01, lg=2.00, aP=100.00, aGinf=89.75, aGt=64.50
2025-12-18 04:09:25,918: MaxHebb=0.29354, T=1.00, F=1.00, L=1.00, train_i=242500, total_steps=6062500
2025-12-18 04:09:25,918: it=242500, lxP=0.03, lxG=0.13, lxGt=24.50, lp=0.01, lg=1.99, aP=100.00, aGinf=89.00, aGt=61.50
2025-12-18 04:09:53,440: MaxHebb=0.29235, T=1.00, F=1.00, L=1.00, train_i=242600, total_steps=6065000
2025-12-18 04:09:53,440: it=242600, lxP=0.02, lxG=0.52, lxGt=16.02, lp=0.02, lg=1.93, aP=100.00, aGinf=91.25, aGt=68.25
2025-12-18 04:10:20,992: MaxHebb=0.29503, T=1.00, F=1.00, L=1.00, train_i=242700, total_steps=6067500
2025-12-18 04:10:20,992: it=242700, lxP=0.03, lxG=0.06, lxGt=17.60, lp=0.02, lg=1.94, aP=100.00, aGinf=89.25, aGt=67.75
2025-12-18 04:10:48,552: MaxHebb=0.29473, T=1.00, F=1.00, L=1.00, train_i=242800, total_steps=6070000
2025-12-18 04:10:48,552: it=242800, lxP=0.00, lxG=0.01, lxGt=18.01, lp=0.04, lg=2.00, aP=100.00, aGinf=90.75, aGt=69.25
2025-12-18 04:11:17,511: MaxHebb=0.29223, T=1.00, F=1.00, L=1.00, train_i=242900, total_steps=6072500
2025-12-18 04:11:17,511: it=242900, lxP=0.00, lxG=0.44, lxGt=23.71, lp=0.01, lg=1.96, aP=100.00, aGinf=96.25, aGt=69.25
2025-12-18 04:11:45,036: MaxHebb=0.28832, T=1.00, F=1.00, L=1.00, train_i=243000, total_steps=6075000
2025-12-18 04:11:45,036: it=243000, lxP=0.01, lxG=0.54, lxGt=23.54, lp=0.02, lg=2.03, aP=100.00, aGinf=90.00, aGt=64.00
2025-12-18 04:12:12,663: MaxHebb=0.29723, T=1.00, F=1.00, L=1.00, train_i=243100, total_steps=6077500
2025-12-18 04:12:12,663: it=243100, lxP=0.01, lxG=0.02, lxGt=24.97, lp=0.01, lg=1.98, aP=100.00, aGinf=87.50, aGt=57.75
2025-12-18 04:12:40,172: MaxHebb=0.29017, T=1.00, F=1.00, L=1.00, train_i=243200, total_steps=6080000
2025-12-18 04:12:40,172: it=243200, lxP=0.03, lxG=0.07, lxGt=21.38, lp=0.02, lg=1.99, aP=100.00, aGinf=93.75, aGt=66.50
2025-12-18 04:13:09,121: MaxHebb=0.29390, T=1.00, F=1.00, L=1.00, train_i=243300, total_steps=6082500
2025-12-18 04:13:09,121: it=243300, lxP=0.00, lxG=0.03, lxGt=20.95, lp=0.01, lg=2.02, aP=100.00, aGinf=92.00, aGt=66.75
2025-12-18 04:13:36,686: MaxHebb=0.29035, T=1.00, F=1.00, L=1.00, train_i=243400, total_steps=6085000
2025-12-18 04:13:36,686: it=243400, lxP=0.00, lxG=0.13, lxGt=22.11, lp=0.01, lg=1.97, aP=100.00, aGinf=94.25, aGt=69.00
2025-12-18 04:14:04,285: MaxHebb=0.29455, T=1.00, F=1.00, L=1.00, train_i=243500, total_steps=6087500
2025-12-18 04:14:04,285: it=243500, lxP=0.03, lxG=0.01, lxGt=21.58, lp=0.02, lg=1.96, aP=100.00, aGinf=90.75, aGt=65.75
2025-12-18 04:14:31,759: MaxHebb=0.28303, T=1.00, F=1.00, L=1.00, train_i=243600, total_steps=6090000
2025-12-18 04:14:31,759: it=243600, lxP=0.00, lxG=0.35, lxGt=23.76, lp=0.01, lg=1.97, aP=100.00, aGinf=92.25, aGt=63.75
2025-12-18 04:15:00,604: MaxHebb=0.29703, T=1.00, F=1.00, L=1.00, train_i=243700, total_steps=6092500
2025-12-18 04:15:00,604: it=243700, lxP=0.00, lxG=0.44, lxGt=19.92, lp=0.02, lg=1.98, aP=100.00, aGinf=91.50, aGt=67.75
2025-12-18 04:15:28,085: MaxHebb=0.29299, T=1.00, F=1.00, L=1.00, train_i=243800, total_steps=6095000
2025-12-18 04:15:28,085: it=243800, lxP=0.14, lxG=0.04, lxGt=21.65, lp=0.02, lg=1.97, aP=100.00, aGinf=92.25, aGt=67.50
2025-12-18 04:15:55,523: MaxHebb=0.29269, T=1.00, F=1.00, L=1.00, train_i=243900, total_steps=6097500
2025-12-18 04:15:55,523: it=243900, lxP=0.02, lxG=0.07, lxGt=16.32, lp=0.03, lg=1.96, aP=100.00, aGinf=88.75, aGt=67.50
2025-12-18 04:16:22,891: MaxHebb=0.29619, T=1.00, F=1.00, L=1.00, train_i=244000, total_steps=6100000
2025-12-18 04:16:22,892: it=244000, lxP=0.04, lxG=0.15, lxGt=18.18, lp=0.03, lg=1.92, aP=100.00, aGinf=93.50, aGt=68.25
2025-12-18 04:16:24,488: save data time 0.17, train_i=244000.00, total_steps=6100000.00
2025-12-18 04:16:51,884: MaxHebb=0.29112, T=1.00, F=1.00, L=1.00, train_i=244100, total_steps=6102500
2025-12-18 04:16:51,884: it=244100, lxP=0.00, lxG=0.03, lxGt=19.19, lp=0.03, lg=1.98, aP=100.00, aGinf=88.75, aGt=63.25
2025-12-18 04:17:19,298: MaxHebb=0.29031, T=1.00, F=1.00, L=1.00, train_i=244200, total_steps=6105000
2025-12-18 04:17:19,298: it=244200, lxP=0.01, lxG=0.06, lxGt=22.17, lp=0.02, lg=1.96, aP=100.00, aGinf=90.00, aGt=66.00
2025-12-18 04:17:46,792: MaxHebb=0.29543, T=1.00, F=1.00, L=1.00, train_i=244300, total_steps=6107500
2025-12-18 04:17:46,792: it=244300, lxP=0.00, lxG=0.39, lxGt=20.55, lp=0.04, lg=2.02, aP=100.00, aGinf=83.50, aGt=60.00
2025-12-18 04:18:14,235: MaxHebb=0.28898, T=1.00, F=1.00, L=1.00, train_i=244400, total_steps=6110000
2025-12-18 04:18:14,236: it=244400, lxP=0.00, lxG=1.35, lxGt=21.32, lp=0.02, lg=1.94, aP=100.00, aGinf=92.50, aGt=69.25
2025-12-18 04:18:43,082: MaxHebb=0.29609, T=1.00, F=1.00, L=1.00, train_i=244500, total_steps=6112500
2025-12-18 04:18:43,082: it=244500, lxP=0.00, lxG=0.03, lxGt=19.44, lp=0.04, lg=1.99, aP=100.00, aGinf=91.75, aGt=66.25
2025-12-18 04:19:10,390: MaxHebb=0.29173, T=1.00, F=1.00, L=1.00, train_i=244600, total_steps=6115000
2025-12-18 04:19:10,390: it=244600, lxP=0.00, lxG=0.08, lxGt=21.66, lp=0.02, lg=2.01, aP=100.00, aGinf=89.75, aGt=63.75
2025-12-18 04:19:37,854: MaxHebb=0.29335, T=1.00, F=1.00, L=1.00, train_i=244700, total_steps=6117500
2025-12-18 04:19:37,854: it=244700, lxP=0.00, lxG=0.03, lxGt=21.32, lp=0.01, lg=1.99, aP=100.00, aGinf=93.00, aGt=66.75
2025-12-18 04:20:05,284: MaxHebb=0.28093, T=1.00, F=1.00, L=1.00, train_i=244800, total_steps=6120000
2025-12-18 04:20:05,284: it=244800, lxP=0.01, lxG=0.03, lxGt=21.34, lp=0.03, lg=1.99, aP=100.00, aGinf=89.00, aGt=63.00
2025-12-18 04:20:34,229: MaxHebb=0.28973, T=1.00, F=1.00, L=1.00, train_i=244900, total_steps=6122500
2025-12-18 04:20:34,229: it=244900, lxP=0.03, lxG=0.13, lxGt=19.21, lp=0.05, lg=1.98, aP=100.00, aGinf=87.75, aGt=64.75
2025-12-18 04:21:01,776: MaxHebb=0.29699, T=1.00, F=1.00, L=1.00, train_i=245000, total_steps=6125000
2025-12-18 04:21:01,776: it=245000, lxP=0.00, lxG=0.01, lxGt=19.37, lp=0.02, lg=1.96, aP=100.00, aGinf=93.75, aGt=69.75
2025-12-18 04:21:29,196: MaxHebb=0.29247, T=1.00, F=1.00, L=1.00, train_i=245100, total_steps=6127500
2025-12-18 04:21:29,196: it=245100, lxP=0.01, lxG=0.24, lxGt=19.88, lp=0.02, lg=1.97, aP=100.00, aGinf=91.75, aGt=66.25
2025-12-18 04:21:56,726: MaxHebb=0.29031, T=1.00, F=1.00, L=1.00, train_i=245200, total_steps=6130000
2025-12-18 04:21:56,726: it=245200, lxP=0.00, lxG=0.01, lxGt=19.35, lp=0.03, lg=1.97, aP=100.00, aGinf=88.50, aGt=62.75
2025-12-18 04:22:25,590: MaxHebb=0.29379, T=1.00, F=1.00, L=1.00, train_i=245300, total_steps=6132500
2025-12-18 04:22:25,590: it=245300, lxP=0.01, lxG=0.04, lxGt=21.53, lp=0.01, lg=2.00, aP=100.00, aGinf=95.00, aGt=71.50
2025-12-18 04:22:53,002: MaxHebb=0.29214, T=1.00, F=1.00, L=1.00, train_i=245400, total_steps=6135000
2025-12-18 04:22:53,002: it=245400, lxP=0.01, lxG=0.30, lxGt=18.49, lp=0.01, lg=1.94, aP=100.00, aGinf=88.25, aGt=63.00
2025-12-18 04:23:20,464: MaxHebb=0.29027, T=1.00, F=1.00, L=1.00, train_i=245500, total_steps=6137500
2025-12-18 04:23:20,464: it=245500, lxP=0.01, lxG=0.08, lxGt=20.67, lp=0.03, lg=2.00, aP=100.00, aGinf=93.50, aGt=67.00
2025-12-18 04:23:47,918: MaxHebb=0.29371, T=1.00, F=1.00, L=1.00, train_i=245600, total_steps=6140000
2025-12-18 04:23:47,918: it=245600, lxP=0.01, lxG=0.07, lxGt=16.36, lp=0.03, lg=1.96, aP=100.00, aGinf=86.00, aGt=62.50
2025-12-18 04:24:16,824: MaxHebb=0.29083, T=1.00, F=1.00, L=1.00, train_i=245700, total_steps=6142500
2025-12-18 04:24:16,824: it=245700, lxP=0.01, lxG=0.05, lxGt=22.08, lp=0.02, lg=1.98, aP=100.00, aGinf=90.00, aGt=64.75
2025-12-18 04:24:44,261: MaxHebb=0.29304, T=1.00, F=1.00, L=1.00, train_i=245800, total_steps=6145000
2025-12-18 04:24:44,261: it=245800, lxP=0.00, lxG=0.59, lxGt=17.46, lp=0.02, lg=1.97, aP=100.00, aGinf=90.50, aGt=69.50
2025-12-18 04:25:11,757: MaxHebb=0.29032, T=1.00, F=1.00, L=1.00, train_i=245900, total_steps=6147500
2025-12-18 04:25:11,757: it=245900, lxP=0.00, lxG=0.74, lxGt=22.58, lp=0.01, lg=2.04, aP=100.00, aGinf=87.50, aGt=63.00
2025-12-18 04:25:39,227: MaxHebb=0.29021, T=1.00, F=1.00, L=1.00, train_i=246000, total_steps=6150000
2025-12-18 04:25:39,227: it=246000, lxP=0.03, lxG=0.12, lxGt=23.25, lp=0.01, lg=1.95, aP=100.00, aGinf=93.75, aGt=68.75
2025-12-18 04:25:40,787: save data time 0.10, train_i=246000.00, total_steps=6150000.00
2025-12-18 04:26:08,282: MaxHebb=0.29447, T=1.00, F=1.00, L=1.00, train_i=246100, total_steps=6152500
2025-12-18 04:26:08,282: it=246100, lxP=0.01, lxG=1.78, lxGt=19.29, lp=0.01, lg=1.93, aP=100.00, aGinf=87.00, aGt=62.25
2025-12-18 04:26:35,746: MaxHebb=0.29506, T=1.00, F=1.00, L=1.00, train_i=246200, total_steps=6155000
2025-12-18 04:26:35,746: it=246200, lxP=0.00, lxG=0.41, lxGt=19.09, lp=0.02, lg=1.98, aP=100.00, aGinf=93.50, aGt=70.25
2025-12-18 04:27:03,160: MaxHebb=0.29232, T=1.00, F=1.00, L=1.00, train_i=246300, total_steps=6157500
2025-12-18 04:27:03,160: it=246300, lxP=0.00, lxG=0.01, lxGt=19.07, lp=0.02, lg=2.01, aP=100.00, aGinf=92.50, aGt=67.75
2025-12-18 04:27:30,567: MaxHebb=0.29463, T=1.00, F=1.00, L=1.00, train_i=246400, total_steps=6160000
2025-12-18 04:27:30,567: it=246400, lxP=0.01, lxG=0.04, lxGt=18.22, lp=0.03, lg=1.99, aP=100.00, aGinf=88.75, aGt=68.00
2025-12-18 04:27:59,459: MaxHebb=0.29289, T=1.00, F=1.00, L=1.00, train_i=246500, total_steps=6162500
2025-12-18 04:27:59,459: it=246500, lxP=0.00, lxG=0.11, lxGt=20.52, lp=0.01, lg=2.00, aP=100.00, aGinf=87.75, aGt=64.25
2025-12-18 04:28:26,845: MaxHebb=0.29360, T=1.00, F=1.00, L=1.00, train_i=246600, total_steps=6165000
2025-12-18 04:28:26,845: it=246600, lxP=0.00, lxG=0.05, lxGt=16.98, lp=0.03, lg=1.99, aP=100.00, aGinf=92.25, aGt=69.00
2025-12-18 04:28:54,261: MaxHebb=0.29668, T=1.00, F=1.00, L=1.00, train_i=246700, total_steps=6167500
2025-12-18 04:28:54,261: it=246700, lxP=0.00, lxG=0.92, lxGt=20.31, lp=0.01, lg=2.01, aP=100.00, aGinf=88.25, aGt=64.00
2025-12-18 04:29:21,730: MaxHebb=0.29392, T=1.00, F=1.00, L=1.00, train_i=246800, total_steps=6170000
2025-12-18 04:29:21,730: it=246800, lxP=0.04, lxG=0.06, lxGt=21.74, lp=0.01, lg=2.01, aP=100.00, aGinf=94.50, aGt=69.25
2025-12-18 04:29:50,552: MaxHebb=0.28960, T=1.00, F=1.00, L=1.00, train_i=246900, total_steps=6172500
2025-12-18 04:29:50,552: it=246900, lxP=0.00, lxG=0.25, lxGt=14.87, lp=0.03, lg=2.03, aP=100.00, aGinf=85.50, aGt=57.50
2025-12-18 04:30:17,966: MaxHebb=0.28928, T=1.00, F=1.00, L=1.00, train_i=247000, total_steps=6175000
2025-12-18 04:30:17,966: it=247000, lxP=0.00, lxG=0.05, lxGt=21.60, lp=0.03, lg=2.02, aP=100.00, aGinf=94.75, aGt=67.25
2025-12-18 04:30:45,373: MaxHebb=0.29032, T=1.00, F=1.00, L=1.00, train_i=247100, total_steps=6177500
2025-12-18 04:30:45,373: it=247100, lxP=0.03, lxG=0.03, lxGt=14.89, lp=0.03, lg=2.00, aP=100.00, aGinf=91.00, aGt=68.00
2025-12-18 04:31:12,759: MaxHebb=0.28834, T=1.00, F=1.00, L=1.00, train_i=247200, total_steps=6180000
2025-12-18 04:31:12,759: it=247200, lxP=0.01, lxG=0.21, lxGt=21.75, lp=0.02, lg=2.01, aP=100.00, aGinf=92.25, aGt=69.75
2025-12-18 04:31:41,663: MaxHebb=0.29544, T=1.00, F=1.00, L=1.00, train_i=247300, total_steps=6182500
2025-12-18 04:31:41,663: it=247300, lxP=0.00, lxG=0.41, lxGt=21.02, lp=0.02, lg=2.00, aP=100.00, aGinf=88.25, aGt=65.75
2025-12-18 04:32:09,002: MaxHebb=0.28954, T=1.00, F=1.00, L=1.00, train_i=247400, total_steps=6185000
2025-12-18 04:32:09,002: it=247400, lxP=0.03, lxG=0.66, lxGt=20.61, lp=0.02, lg=1.95, aP=100.00, aGinf=90.00, aGt=63.75
2025-12-18 04:32:36,489: MaxHebb=0.28802, T=1.00, F=1.00, L=1.00, train_i=247500, total_steps=6187500
2025-12-18 04:32:36,489: it=247500, lxP=0.00, lxG=0.04, lxGt=22.18, lp=0.01, lg=2.00, aP=100.00, aGinf=90.00, aGt=63.50
2025-12-18 04:33:04,002: MaxHebb=0.29320, T=1.00, F=1.00, L=1.00, train_i=247600, total_steps=6190000
2025-12-18 04:33:04,002: it=247600, lxP=0.01, lxG=0.03, lxGt=18.05, lp=0.03, lg=2.00, aP=100.00, aGinf=82.25, aGt=59.00
2025-12-18 04:33:32,830: MaxHebb=0.29092, T=1.00, F=1.00, L=1.00, train_i=247700, total_steps=6192500
2025-12-18 04:33:32,830: it=247700, lxP=0.01, lxG=0.04, lxGt=20.25, lp=0.02, lg=2.01, aP=100.00, aGinf=83.75, aGt=61.00
2025-12-18 04:34:00,290: MaxHebb=0.29479, T=1.00, F=1.00, L=1.00, train_i=247800, total_steps=6195000
2025-12-18 04:34:00,290: it=247800, lxP=0.01, lxG=0.28, lxGt=22.28, lp=0.01, lg=1.99, aP=100.00, aGinf=85.75, aGt=61.75
2025-12-18 04:34:27,765: MaxHebb=0.29187, T=1.00, F=1.00, L=1.00, train_i=247900, total_steps=6197500
2025-12-18 04:34:27,765: it=247900, lxP=0.00, lxG=0.24, lxGt=19.61, lp=0.02, lg=1.99, aP=100.00, aGinf=94.75, aGt=68.75
2025-12-18 04:34:55,253: MaxHebb=0.29244, T=1.00, F=1.00, L=1.00, train_i=248000, total_steps=6200000
2025-12-18 04:34:55,254: it=248000, lxP=0.03, lxG=0.07, lxGt=24.00, lp=0.02, lg=1.99, aP=100.00, aGinf=89.25, aGt=64.00
2025-12-18 04:34:56,764: save data time 0.11, train_i=248000.00, total_steps=6200000.00
2025-12-18 04:35:24,172: MaxHebb=0.28982, T=1.00, F=1.00, L=1.00, train_i=248100, total_steps=6202500
2025-12-18 04:35:24,172: it=248100, lxP=0.03, lxG=0.68, lxGt=19.24, lp=0.02, lg=1.96, aP=100.00, aGinf=87.50, aGt=65.25
2025-12-18 04:35:51,643: MaxHebb=0.28982, T=1.00, F=1.00, L=1.00, train_i=248200, total_steps=6205000
2025-12-18 04:35:51,643: it=248200, lxP=0.00, lxG=0.07, lxGt=19.41, lp=0.02, lg=1.96, aP=100.00, aGinf=91.50, aGt=66.75
2025-12-18 04:36:19,126: MaxHebb=0.28872, T=1.00, F=1.00, L=1.00, train_i=248300, total_steps=6207500
2025-12-18 04:36:19,126: it=248300, lxP=0.01, lxG=0.02, lxGt=22.48, lp=0.02, lg=1.99, aP=100.00, aGinf=94.50, aGt=65.75
2025-12-18 04:36:46,650: MaxHebb=0.28541, T=1.00, F=1.00, L=1.00, train_i=248400, total_steps=6210000
2025-12-18 04:36:46,650: it=248400, lxP=0.01, lxG=0.12, lxGt=20.25, lp=0.02, lg=1.97, aP=100.00, aGinf=92.00, aGt=68.25
2025-12-18 04:37:15,686: MaxHebb=0.28593, T=1.00, F=1.00, L=1.00, train_i=248500, total_steps=6212500
2025-12-18 04:37:15,686: it=248500, lxP=0.01, lxG=0.08, lxGt=23.31, lp=0.03, lg=1.98, aP=100.00, aGinf=92.00, aGt=67.75
2025-12-18 04:37:43,141: MaxHebb=0.28718, T=1.00, F=1.00, L=1.00, train_i=248600, total_steps=6215000
2025-12-18 04:37:43,141: it=248600, lxP=0.00, lxG=0.19, lxGt=20.01, lp=0.02, lg=1.99, aP=100.00, aGinf=89.50, aGt=65.75
2025-12-18 04:38:10,631: MaxHebb=0.28968, T=1.00, F=1.00, L=1.00, train_i=248700, total_steps=6217500
2025-12-18 04:38:10,631: it=248700, lxP=0.00, lxG=0.01, lxGt=19.64, lp=0.01, lg=1.99, aP=100.00, aGinf=93.50, aGt=69.00
2025-12-18 04:38:38,093: MaxHebb=0.28488, T=1.00, F=1.00, L=1.00, train_i=248800, total_steps=6220000
2025-12-18 04:38:38,093: it=248800, lxP=0.00, lxG=0.00, lxGt=22.60, lp=0.02, lg=2.08, aP=100.00, aGinf=91.25, aGt=65.75
2025-12-18 04:39:06,965: MaxHebb=0.28496, T=1.00, F=1.00, L=1.00, train_i=248900, total_steps=6222500
2025-12-18 04:39:06,965: it=248900, lxP=0.01, lxG=0.02, lxGt=20.61, lp=0.03, lg=2.00, aP=100.00, aGinf=86.25, aGt=63.25
2025-12-18 04:39:34,394: MaxHebb=0.29100, T=1.00, F=1.00, L=1.00, train_i=249000, total_steps=6225000
2025-12-18 04:39:34,394: it=249000, lxP=0.00, lxG=0.02, lxGt=18.11, lp=0.03, lg=2.02, aP=100.00, aGinf=89.00, aGt=63.25
2025-12-18 04:40:01,827: MaxHebb=0.28574, T=1.00, F=1.00, L=1.00, train_i=249100, total_steps=6227500
2025-12-18 04:40:01,827: it=249100, lxP=0.01, lxG=0.14, lxGt=21.31, lp=0.01, lg=2.00, aP=100.00, aGinf=90.25, aGt=67.50
2025-12-18 04:40:29,244: MaxHebb=0.28333, T=1.00, F=1.00, L=1.00, train_i=249200, total_steps=6230000
2025-12-18 04:40:29,244: it=249200, lxP=0.00, lxG=0.08, lxGt=18.73, lp=0.02, lg=1.99, aP=100.00, aGinf=92.50, aGt=68.00
2025-12-18 04:40:58,184: MaxHebb=0.29058, T=1.00, F=1.00, L=1.00, train_i=249300, total_steps=6232500
2025-12-18 04:40:58,184: it=249300, lxP=0.02, lxG=0.18, lxGt=23.57, lp=0.01, lg=1.97, aP=100.00, aGinf=86.75, aGt=61.00
2025-12-18 04:41:25,639: MaxHebb=0.28711, T=1.00, F=1.00, L=1.00, train_i=249400, total_steps=6235000
2025-12-18 04:41:25,639: it=249400, lxP=0.00, lxG=0.03, lxGt=23.72, lp=0.02, lg=2.06, aP=100.00, aGinf=92.25, aGt=68.75
2025-12-18 04:41:53,132: MaxHebb=0.28507, T=1.00, F=1.00, L=1.00, train_i=249500, total_steps=6237500
2025-12-18 04:41:53,132: it=249500, lxP=0.01, lxG=0.05, lxGt=22.00, lp=0.01, lg=2.01, aP=100.00, aGinf=92.25, aGt=68.75
2025-12-18 04:42:20,622: MaxHebb=0.28275, T=1.00, F=1.00, L=1.00, train_i=249600, total_steps=6240000
2025-12-18 04:42:20,623: it=249600, lxP=0.00, lxG=0.38, lxGt=22.47, lp=0.02, lg=1.98, aP=100.00, aGinf=88.50, aGt=61.00
2025-12-18 04:42:49,489: MaxHebb=0.28400, T=1.00, F=1.00, L=1.00, train_i=249700, total_steps=6242500
2025-12-18 04:42:49,489: it=249700, lxP=0.00, lxG=0.31, lxGt=17.17, lp=0.04, lg=2.03, aP=100.00, aGinf=91.50, aGt=68.25
2025-12-18 04:43:16,920: MaxHebb=0.28619, T=1.00, F=1.00, L=1.00, train_i=249800, total_steps=6245000
2025-12-18 04:43:16,920: it=249800, lxP=0.00, lxG=0.01, lxGt=21.89, lp=0.04, lg=2.07, aP=100.00, aGinf=90.75, aGt=66.50
2025-12-18 04:43:44,350: MaxHebb=0.28693, T=1.00, F=1.00, L=1.00, train_i=249900, total_steps=6247500
2025-12-18 04:43:44,350: it=249900, lxP=0.01, lxG=0.04, lxGt=20.54, lp=0.02, lg=1.99, aP=100.00, aGinf=92.00, aGt=66.00
2025-12-18 04:44:11,804: MaxHebb=0.28196, T=1.00, F=1.00, L=1.00, train_i=250000, total_steps=6250000
2025-12-18 04:44:11,804: it=250000, lxP=0.01, lxG=0.07, lxGt=23.92, lp=0.02, lg=1.99, aP=100.00, aGinf=94.75, aGt=69.25
2025-12-18 04:44:13,388: save data time 0.13, train_i=250000.00, total_steps=6250000.00
2025-12-18 04:44:40,923: MaxHebb=0.28424, T=1.00, F=1.00, L=1.00, train_i=250100, total_steps=6252500
2025-12-18 04:44:40,923: it=250100, lxP=0.01, lxG=0.01, lxGt=24.35, lp=0.01, lg=2.00, aP=100.00, aGinf=90.75, aGt=64.25
2025-12-18 04:45:08,304: MaxHebb=0.28021, T=1.00, F=1.00, L=1.00, train_i=250200, total_steps=6255000
2025-12-18 04:45:08,304: it=250200, lxP=0.00, lxG=0.01, lxGt=18.94, lp=0.03, lg=1.99, aP=100.00, aGinf=91.25, aGt=67.50
2025-12-18 04:45:35,700: MaxHebb=0.28498, T=1.00, F=1.00, L=1.00, train_i=250300, total_steps=6257500
2025-12-18 04:45:35,700: it=250300, lxP=0.00, lxG=0.06, lxGt=21.10, lp=0.01, lg=2.01, aP=100.00, aGinf=91.75, aGt=66.50
2025-12-18 04:46:03,116: MaxHebb=0.27801, T=1.00, F=1.00, L=1.00, train_i=250400, total_steps=6260000
2025-12-18 04:46:03,116: it=250400, lxP=0.01, lxG=0.29, lxGt=22.30, lp=0.01, lg=1.98, aP=100.00, aGinf=90.25, aGt=66.25
2025-12-18 04:46:31,952: MaxHebb=0.28572, T=1.00, F=1.00, L=1.00, train_i=250500, total_steps=6262500
2025-12-18 04:46:31,952: it=250500, lxP=0.00, lxG=0.02, lxGt=20.01, lp=0.03, lg=2.01, aP=100.00, aGinf=89.25, aGt=67.75
2025-12-18 04:46:59,449: MaxHebb=0.28642, T=1.00, F=1.00, L=1.00, train_i=250600, total_steps=6265000
2025-12-18 04:46:59,449: it=250600, lxP=0.03, lxG=0.66, lxGt=22.06, lp=0.01, lg=1.95, aP=100.00, aGinf=92.00, aGt=67.75
2025-12-18 04:47:26,855: MaxHebb=0.28179, T=1.00, F=1.00, L=1.00, train_i=250700, total_steps=6267500
2025-12-18 04:47:26,855: it=250700, lxP=0.04, lxG=0.06, lxGt=23.05, lp=0.01, lg=1.97, aP=100.00, aGinf=94.75, aGt=70.50
2025-12-18 04:47:54,365: MaxHebb=0.28439, T=1.00, F=1.00, L=1.00, train_i=250800, total_steps=6270000
2025-12-18 04:47:54,365: it=250800, lxP=0.03, lxG=0.15, lxGt=22.72, lp=0.02, lg=1.95, aP=100.00, aGinf=91.25, aGt=64.00
2025-12-18 04:48:23,252: MaxHebb=0.28485, T=1.00, F=1.00, L=1.00, train_i=250900, total_steps=6272500
2025-12-18 04:48:23,252: it=250900, lxP=0.00, lxG=0.02, lxGt=18.38, lp=0.03, lg=1.98, aP=100.00, aGinf=92.50, aGt=68.50
2025-12-18 04:48:50,737: MaxHebb=0.28392, T=1.00, F=1.00, L=1.00, train_i=251000, total_steps=6275000
2025-12-18 04:48:50,737: it=251000, lxP=0.00, lxG=0.03, lxGt=22.10, lp=0.03, lg=2.00, aP=100.00, aGinf=91.25, aGt=65.25
2025-12-18 04:49:18,209: MaxHebb=0.28614, T=1.00, F=1.00, L=1.00, train_i=251100, total_steps=6277500
2025-12-18 04:49:18,209: it=251100, lxP=0.00, lxG=0.05, lxGt=21.55, lp=0.02, lg=1.98, aP=100.00, aGinf=94.00, aGt=68.50
2025-12-18 04:49:45,694: MaxHebb=0.28708, T=1.00, F=1.00, L=1.00, train_i=251200, total_steps=6280000
2025-12-18 04:49:45,694: it=251200, lxP=0.00, lxG=0.82, lxGt=20.71, lp=0.03, lg=1.98, aP=100.00, aGinf=89.00, aGt=66.00
2025-12-18 04:50:14,627: MaxHebb=0.28027, T=1.00, F=1.00, L=1.00, train_i=251300, total_steps=6282500
2025-12-18 04:50:14,627: it=251300, lxP=0.02, lxG=0.21, lxGt=19.11, lp=0.02, lg=1.98, aP=100.00, aGinf=88.25, aGt=63.25
2025-12-18 04:50:42,119: MaxHebb=0.28075, T=1.00, F=1.00, L=1.00, train_i=251400, total_steps=6285000
2025-12-18 04:50:42,120: it=251400, lxP=0.04, lxG=0.12, lxGt=23.67, lp=0.01, lg=1.98, aP=100.00, aGinf=91.50, aGt=65.25
2025-12-18 04:51:09,488: MaxHebb=0.25833, T=1.00, F=1.00, L=1.00, train_i=251500, total_steps=6287500
2025-12-18 04:51:09,488: it=251500, lxP=0.02, lxG=0.11, lxGt=22.71, lp=0.01, lg=1.95, aP=100.00, aGinf=94.75, aGt=69.25
2025-12-18 04:51:37,003: MaxHebb=0.28609, T=1.00, F=1.00, L=1.00, train_i=251600, total_steps=6290000
2025-12-18 04:51:37,003: it=251600, lxP=0.04, lxG=0.27, lxGt=20.70, lp=0.02, lg=1.98, aP=100.00, aGinf=94.50, aGt=68.75
2025-12-18 04:52:05,882: MaxHebb=0.28677, T=1.00, F=1.00, L=1.00, train_i=251700, total_steps=6292500
2025-12-18 04:52:05,883: it=251700, lxP=0.01, lxG=0.20, lxGt=17.78, lp=0.02, lg=1.98, aP=100.00, aGinf=89.00, aGt=70.25
2025-12-18 04:52:33,325: MaxHebb=0.28611, T=1.00, F=1.00, L=1.00, train_i=251800, total_steps=6295000
2025-12-18 04:52:33,325: it=251800, lxP=0.00, lxG=0.28, lxGt=21.20, lp=0.02, lg=2.04, aP=100.00, aGinf=90.75, aGt=66.75
2025-12-18 04:53:00,782: MaxHebb=0.28883, T=1.00, F=1.00, L=1.00, train_i=251900, total_steps=6297500
2025-12-18 04:53:00,783: it=251900, lxP=0.01, lxG=0.05, lxGt=19.36, lp=0.06, lg=2.00, aP=100.00, aGinf=87.75, aGt=63.75
2025-12-18 04:53:28,179: MaxHebb=0.28850, T=1.00, F=1.00, L=1.00, train_i=252000, total_steps=6300000
2025-12-18 04:53:28,179: it=252000, lxP=0.02, lxG=0.20, lxGt=20.34, lp=0.05, lg=1.98, aP=100.00, aGinf=85.00, aGt=61.75
2025-12-18 04:53:29,701: save data time 0.11, train_i=252000.00, total_steps=6300000.00
2025-12-18 04:53:57,145: MaxHebb=0.28151, T=1.00, F=1.00, L=1.00, train_i=252100, total_steps=6302500
2025-12-18 04:53:57,146: it=252100, lxP=0.01, lxG=0.60, lxGt=20.31, lp=0.02, lg=1.97, aP=100.00, aGinf=89.50, aGt=60.75
2025-12-18 04:54:24,593: MaxHebb=0.28289, T=1.00, F=1.00, L=1.00, train_i=252200, total_steps=6305000
2025-12-18 04:54:24,593: it=252200, lxP=0.01, lxG=0.47, lxGt=18.76, lp=0.05, lg=2.00, aP=100.00, aGinf=80.25, aGt=59.25
2025-12-18 04:54:52,002: MaxHebb=0.28312, T=1.00, F=1.00, L=1.00, train_i=252300, total_steps=6307500
2025-12-18 04:54:52,002: it=252300, lxP=0.00, lxG=0.22, lxGt=23.75, lp=0.01, lg=2.02, aP=100.00, aGinf=89.75, aGt=67.00
2025-12-18 04:55:19,469: MaxHebb=0.28026, T=1.00, F=1.00, L=1.00, train_i=252400, total_steps=6310000
2025-12-18 04:55:19,469: it=252400, lxP=0.01, lxG=0.13, lxGt=22.44, lp=0.01, lg=1.98, aP=100.00, aGinf=91.25, aGt=66.25
2025-12-18 04:55:48,372: MaxHebb=0.26985, T=1.00, F=1.00, L=1.00, train_i=252500, total_steps=6312500
2025-12-18 04:55:48,372: it=252500, lxP=0.00, lxG=0.03, lxGt=17.02, lp=0.03, lg=1.96, aP=100.00, aGinf=90.50, aGt=64.00
2025-12-18 04:56:15,884: MaxHebb=0.28536, T=1.00, F=1.00, L=1.00, train_i=252600, total_steps=6315000
2025-12-18 04:56:15,885: it=252600, lxP=0.00, lxG=0.79, lxGt=18.26, lp=0.02, lg=1.98, aP=100.00, aGinf=88.75, aGt=64.25
2025-12-18 04:56:43,285: MaxHebb=0.27958, T=1.00, F=1.00, L=1.00, train_i=252700, total_steps=6317500
2025-12-18 04:56:43,285: it=252700, lxP=0.03, lxG=0.06, lxGt=18.77, lp=0.01, lg=1.99, aP=100.00, aGinf=97.50, aGt=73.75
2025-12-18 04:57:10,843: MaxHebb=0.27978, T=1.00, F=1.00, L=1.00, train_i=252800, total_steps=6320000
2025-12-18 04:57:10,844: it=252800, lxP=0.01, lxG=0.11, lxGt=21.77, lp=0.03, lg=1.96, aP=100.00, aGinf=90.00, aGt=64.50
2025-12-18 04:57:39,686: MaxHebb=0.28089, T=1.00, F=1.00, L=1.00, train_i=252900, total_steps=6322500
2025-12-18 04:57:39,686: it=252900, lxP=0.01, lxG=0.05, lxGt=18.08, lp=0.05, lg=1.98, aP=100.00, aGinf=87.00, aGt=66.25
2025-12-18 04:58:07,155: MaxHebb=0.28360, T=1.00, F=1.00, L=1.00, train_i=253000, total_steps=6325000
2025-12-18 04:58:07,156: it=253000, lxP=0.00, lxG=0.06, lxGt=18.89, lp=0.04, lg=1.99, aP=100.00, aGinf=88.25, aGt=64.50
2025-12-18 04:58:34,584: MaxHebb=0.27942, T=1.00, F=1.00, L=1.00, train_i=253100, total_steps=6327500
2025-12-18 04:58:34,584: it=253100, lxP=0.00, lxG=0.31, lxGt=19.68, lp=0.01, lg=2.00, aP=100.00, aGinf=90.00, aGt=64.25
2025-12-18 04:59:02,023: MaxHebb=0.28409, T=1.00, F=1.00, L=1.00, train_i=253200, total_steps=6330000
2025-12-18 04:59:02,023: it=253200, lxP=0.01, lxG=0.15, lxGt=21.26, lp=0.02, lg=1.96, aP=100.00, aGinf=93.25, aGt=71.00
2025-12-18 04:59:31,028: MaxHebb=0.27937, T=1.00, F=1.00, L=1.00, train_i=253300, total_steps=6332500
2025-12-18 04:59:31,028: it=253300, lxP=0.01, lxG=0.02, lxGt=21.41, lp=0.02, lg=1.98, aP=100.00, aGinf=91.25, aGt=64.50
2025-12-18 04:59:58,525: MaxHebb=0.28167, T=1.00, F=1.00, L=1.00, train_i=253400, total_steps=6335000
2025-12-18 04:59:58,525: it=253400, lxP=0.00, lxG=0.93, lxGt=20.82, lp=0.02, lg=2.01, aP=100.00, aGinf=92.00, aGt=66.00
2025-12-18 05:00:26,000: MaxHebb=0.28130, T=1.00, F=1.00, L=1.00, train_i=253500, total_steps=6337500
2025-12-18 05:00:26,000: it=253500, lxP=0.00, lxG=0.01, lxGt=15.64, lp=0.01, lg=1.99, aP=100.00, aGinf=88.25, aGt=66.50
2025-12-18 05:00:53,530: MaxHebb=0.27951, T=1.00, F=1.00, L=1.00, train_i=253600, total_steps=6340000
2025-12-18 05:00:53,530: it=253600, lxP=0.00, lxG=0.93, lxGt=18.24, lp=0.02, lg=1.98, aP=100.00, aGinf=89.25, aGt=65.75
2025-12-18 05:01:22,310: MaxHebb=0.28775, T=1.00, F=1.00, L=1.00, train_i=253700, total_steps=6342500
2025-12-18 05:01:22,310: it=253700, lxP=0.01, lxG=0.08, lxGt=19.44, lp=0.03, lg=1.94, aP=100.00, aGinf=91.00, aGt=67.25
2025-12-18 05:01:49,786: MaxHebb=0.27053, T=1.00, F=1.00, L=1.00, train_i=253800, total_steps=6345000
2025-12-18 05:01:49,786: it=253800, lxP=0.04, lxG=0.91, lxGt=21.57, lp=0.02, lg=1.96, aP=100.00, aGinf=90.75, aGt=65.75
2025-12-18 05:02:17,304: MaxHebb=0.28364, T=1.00, F=1.00, L=1.00, train_i=253900, total_steps=6347500
2025-12-18 05:02:17,304: it=253900, lxP=0.03, lxG=0.07, lxGt=19.88, lp=0.04, lg=1.96, aP=100.00, aGinf=89.25, aGt=66.00
2025-12-18 05:02:44,728: MaxHebb=0.28748, T=1.00, F=1.00, L=1.00, train_i=254000, total_steps=6350000
2025-12-18 05:02:44,728: it=254000, lxP=0.00, lxG=0.01, lxGt=22.03, lp=0.01, lg=1.95, aP=100.00, aGinf=89.50, aGt=64.25
2025-12-18 05:02:46,225: save data time 0.11, train_i=254000.00, total_steps=6350000.00
2025-12-18 05:03:13,725: MaxHebb=0.27731, T=1.00, F=1.00, L=1.00, train_i=254100, total_steps=6352500
2025-12-18 05:03:13,725: it=254100, lxP=0.01, lxG=0.11, lxGt=17.74, lp=0.01, lg=1.95, aP=100.00, aGinf=92.50, aGt=68.00
2025-12-18 05:03:41,185: MaxHebb=0.28124, T=1.00, F=1.00, L=1.00, train_i=254200, total_steps=6355000
2025-12-18 05:03:41,185: it=254200, lxP=0.00, lxG=0.77, lxGt=18.55, lp=0.03, lg=1.96, aP=100.00, aGinf=92.00, aGt=68.25
2025-12-18 05:04:08,660: MaxHebb=0.28105, T=1.00, F=1.00, L=1.00, train_i=254300, total_steps=6357500
2025-12-18 05:04:08,660: it=254300, lxP=0.01, lxG=0.12, lxGt=18.97, lp=0.02, lg=1.98, aP=100.00, aGinf=86.25, aGt=63.00
2025-12-18 05:04:36,083: MaxHebb=0.28693, T=1.00, F=1.00, L=1.00, train_i=254400, total_steps=6360000
2025-12-18 05:04:36,084: it=254400, lxP=0.00, lxG=0.14, lxGt=19.12, lp=0.04, lg=1.98, aP=100.00, aGinf=91.25, aGt=63.75
2025-12-18 05:05:04,897: MaxHebb=0.28124, T=1.00, F=1.00, L=1.00, train_i=254500, total_steps=6362500
2025-12-18 05:05:04,897: it=254500, lxP=0.01, lxG=0.61, lxGt=21.11, lp=0.03, lg=1.96, aP=100.00, aGinf=90.75, aGt=65.00
2025-12-18 05:05:32,456: MaxHebb=0.28477, T=1.00, F=1.00, L=1.00, train_i=254600, total_steps=6365000
2025-12-18 05:05:32,456: it=254600, lxP=0.01, lxG=0.06, lxGt=22.49, lp=0.02, lg=1.98, aP=100.00, aGinf=93.00, aGt=67.00
2025-12-18 05:06:00,011: MaxHebb=0.28254, T=1.00, F=1.00, L=1.00, train_i=254700, total_steps=6367500
2025-12-18 05:06:00,011: it=254700, lxP=0.01, lxG=0.05, lxGt=20.12, lp=0.04, lg=1.97, aP=100.00, aGinf=88.25, aGt=64.75
2025-12-18 05:06:27,464: MaxHebb=0.28195, T=1.00, F=1.00, L=1.00, train_i=254800, total_steps=6370000
2025-12-18 05:06:27,464: it=254800, lxP=0.00, lxG=0.15, lxGt=19.27, lp=0.03, lg=1.97, aP=100.00, aGinf=90.50, aGt=65.50
2025-12-18 05:06:56,335: MaxHebb=0.28714, T=1.00, F=1.00, L=1.00, train_i=254900, total_steps=6372500
2025-12-18 05:06:56,335: it=254900, lxP=0.01, lxG=0.25, lxGt=19.82, lp=0.02, lg=1.95, aP=100.00, aGinf=86.50, aGt=64.75
2025-12-18 05:07:23,770: MaxHebb=0.28679, T=1.00, F=1.00, L=1.00, train_i=255000, total_steps=6375000
2025-12-18 05:07:23,770: it=255000, lxP=0.01, lxG=0.02, lxGt=13.60, lp=0.06, lg=1.95, aP=100.00, aGinf=83.75, aGt=61.75
2025-12-18 05:07:51,141: MaxHebb=0.28724, T=1.00, F=1.00, L=1.00, train_i=255100, total_steps=6377500
2025-12-18 05:07:51,141: it=255100, lxP=0.00, lxG=0.01, lxGt=21.05, lp=0.02, lg=1.99, aP=100.00, aGinf=94.50, aGt=71.00
2025-12-18 05:08:18,535: MaxHebb=0.28562, T=1.00, F=1.00, L=1.00, train_i=255200, total_steps=6380000
2025-12-18 05:08:18,535: it=255200, lxP=0.02, lxG=0.03, lxGt=21.11, lp=0.01, lg=1.91, aP=100.00, aGinf=89.75, aGt=63.50
2025-12-18 05:08:47,320: MaxHebb=0.28966, T=1.00, F=1.00, L=1.00, train_i=255300, total_steps=6382500
2025-12-18 05:08:47,321: it=255300, lxP=0.00, lxG=0.02, lxGt=20.87, lp=0.01, lg=2.00, aP=100.00, aGinf=88.75, aGt=64.75
2025-12-18 05:09:14,745: MaxHebb=0.28417, T=1.00, F=1.00, L=1.00, train_i=255400, total_steps=6385000
2025-12-18 05:09:14,745: it=255400, lxP=0.02, lxG=0.04, lxGt=21.92, lp=0.01, lg=1.97, aP=100.00, aGinf=91.75, aGt=66.75
2025-12-18 05:09:42,151: MaxHebb=0.29011, T=1.00, F=1.00, L=1.00, train_i=255500, total_steps=6387500
2025-12-18 05:09:42,151: it=255500, lxP=0.00, lxG=0.04, lxGt=21.77, lp=0.03, lg=1.97, aP=100.00, aGinf=90.25, aGt=65.50
2025-12-18 05:10:09,620: MaxHebb=0.28500, T=1.00, F=1.00, L=1.00, train_i=255600, total_steps=6390000
2025-12-18 05:10:09,620: it=255600, lxP=0.01, lxG=0.32, lxGt=21.83, lp=0.01, lg=1.98, aP=100.00, aGinf=92.75, aGt=66.50
2025-12-18 05:10:38,447: MaxHebb=0.28772, T=1.00, F=1.00, L=1.00, train_i=255700, total_steps=6392500
2025-12-18 05:10:38,447: it=255700, lxP=0.00, lxG=0.05, lxGt=20.86, lp=0.03, lg=1.94, aP=100.00, aGinf=92.00, aGt=66.50
2025-12-18 05:11:05,888: MaxHebb=0.28326, T=1.00, F=1.00, L=1.00, train_i=255800, total_steps=6395000
2025-12-18 05:11:05,888: it=255800, lxP=0.00, lxG=0.37, lxGt=24.50, lp=0.01, lg=2.00, aP=100.00, aGinf=91.00, aGt=65.25
2025-12-18 05:11:33,324: MaxHebb=0.28940, T=1.00, F=1.00, L=1.00, train_i=255900, total_steps=6397500
2025-12-18 05:11:33,324: it=255900, lxP=0.00, lxG=0.04, lxGt=22.52, lp=0.03, lg=1.99, aP=100.00, aGinf=87.50, aGt=63.50
2025-12-18 05:12:00,764: MaxHebb=0.28245, T=1.00, F=1.00, L=1.00, train_i=256000, total_steps=6400000
2025-12-18 05:12:00,764: it=256000, lxP=0.15, lxG=0.08, lxGt=19.99, lp=0.03, lg=1.99, aP=100.00, aGinf=89.00, aGt=68.25
2025-12-18 05:12:02,278: save data time 0.13, train_i=256000.00, total_steps=6400000.00
2025-12-18 05:12:29,679: MaxHebb=0.28707, T=1.00, F=1.00, L=1.00, train_i=256100, total_steps=6402500
2025-12-18 05:12:29,680: it=256100, lxP=0.00, lxG=0.68, lxGt=18.86, lp=0.03, lg=2.00, aP=100.00, aGinf=86.00, aGt=64.50
2025-12-18 05:12:57,097: MaxHebb=0.28432, T=1.00, F=1.00, L=1.00, train_i=256200, total_steps=6405000
2025-12-18 05:12:57,097: it=256200, lxP=0.00, lxG=0.52, lxGt=21.21, lp=0.01, lg=2.00, aP=100.00, aGinf=88.50, aGt=67.25
2025-12-18 05:13:24,516: MaxHebb=0.28612, T=1.00, F=1.00, L=1.00, train_i=256300, total_steps=6407500
2025-12-18 05:13:24,516: it=256300, lxP=0.00, lxG=0.01, lxGt=18.50, lp=0.01, lg=1.97, aP=100.00, aGinf=87.50, aGt=63.00
2025-12-18 05:13:51,969: MaxHebb=0.28884, T=1.00, F=1.00, L=1.00, train_i=256400, total_steps=6410000
2025-12-18 05:13:51,969: it=256400, lxP=0.00, lxG=0.05, lxGt=19.35, lp=0.04, lg=1.99, aP=100.00, aGinf=87.00, aGt=65.00
2025-12-18 05:14:20,733: MaxHebb=0.28788, T=1.00, F=1.00, L=1.00, train_i=256500, total_steps=6412500
2025-12-18 05:14:20,733: it=256500, lxP=0.00, lxG=0.02, lxGt=21.01, lp=0.03, lg=2.04, aP=100.00, aGinf=96.00, aGt=69.75
2025-12-18 05:14:48,138: MaxHebb=0.28200, T=1.00, F=1.00, L=1.00, train_i=256600, total_steps=6415000
2025-12-18 05:14:48,138: it=256600, lxP=0.00, lxG=0.01, lxGt=19.02, lp=0.03, lg=1.98, aP=100.00, aGinf=94.00, aGt=68.75
2025-12-18 05:15:15,590: MaxHebb=0.28763, T=1.00, F=1.00, L=1.00, train_i=256700, total_steps=6417500
2025-12-18 05:15:15,590: it=256700, lxP=0.01, lxG=0.06, lxGt=22.35, lp=0.01, lg=1.92, aP=100.00, aGinf=92.75, aGt=65.25
2025-12-18 05:15:43,039: MaxHebb=0.28340, T=1.00, F=1.00, L=1.00, train_i=256800, total_steps=6420000
2025-12-18 05:15:43,039: it=256800, lxP=0.01, lxG=0.03, lxGt=20.65, lp=0.02, lg=1.97, aP=100.00, aGinf=86.50, aGt=61.50
2025-12-18 05:16:11,912: MaxHebb=0.28369, T=1.00, F=1.00, L=1.00, train_i=256900, total_steps=6422500
2025-12-18 05:16:11,912: it=256900, lxP=0.01, lxG=0.16, lxGt=19.88, lp=0.02, lg=1.95, aP=100.00, aGinf=87.25, aGt=63.25
2025-12-18 05:16:39,267: MaxHebb=0.28369, T=1.00, F=1.00, L=1.00, train_i=257000, total_steps=6425000
2025-12-18 05:16:39,267: it=257000, lxP=0.00, lxG=0.02, lxGt=20.07, lp=0.01, lg=1.98, aP=100.00, aGinf=91.00, aGt=68.00
2025-12-18 05:17:06,730: MaxHebb=0.28080, T=1.00, F=1.00, L=1.00, train_i=257100, total_steps=6427500
2025-12-18 05:17:06,730: it=257100, lxP=0.00, lxG=0.73, lxGt=20.51, lp=0.03, lg=1.99, aP=100.00, aGinf=88.25, aGt=64.25
2025-12-18 05:17:34,179: MaxHebb=0.27878, T=1.00, F=1.00, L=1.00, train_i=257200, total_steps=6430000
2025-12-18 05:17:34,179: it=257200, lxP=0.00, lxG=0.09, lxGt=21.37, lp=0.02, lg=1.99, aP=100.00, aGinf=97.25, aGt=69.50
2025-12-18 05:18:02,953: MaxHebb=0.28622, T=1.00, F=1.00, L=1.00, train_i=257300, total_steps=6432500
2025-12-18 05:18:02,953: it=257300, lxP=0.01, lxG=0.49, lxGt=19.09, lp=0.05, lg=1.99, aP=100.00, aGinf=89.25, aGt=69.00
2025-12-18 05:18:30,341: MaxHebb=0.28597, T=1.00, F=1.00, L=1.00, train_i=257400, total_steps=6435000
2025-12-18 05:18:30,342: it=257400, lxP=0.01, lxG=0.04, lxGt=18.06, lp=0.02, lg=1.92, aP=100.00, aGinf=90.50, aGt=67.25
2025-12-18 05:18:57,762: MaxHebb=0.28610, T=1.00, F=1.00, L=1.00, train_i=257500, total_steps=6437500
2025-12-18 05:18:57,762: it=257500, lxP=0.01, lxG=0.13, lxGt=17.70, lp=0.01, lg=1.97, aP=100.00, aGinf=91.50, aGt=68.50
2025-12-18 05:19:25,171: MaxHebb=0.28476, T=1.00, F=1.00, L=1.00, train_i=257600, total_steps=6440000
2025-12-18 05:19:25,172: it=257600, lxP=0.00, lxG=0.03, lxGt=23.16, lp=0.02, lg=1.98, aP=100.00, aGinf=93.25, aGt=65.75
2025-12-18 05:19:53,989: MaxHebb=0.28112, T=1.00, F=1.00, L=1.00, train_i=257700, total_steps=6442500
2025-12-18 05:19:53,989: it=257700, lxP=0.06, lxG=0.12, lxGt=17.46, lp=0.02, lg=1.94, aP=100.00, aGinf=93.25, aGt=70.00
2025-12-18 05:20:21,443: MaxHebb=0.28267, T=1.00, F=1.00, L=1.00, train_i=257800, total_steps=6445000
2025-12-18 05:20:21,443: it=257800, lxP=0.00, lxG=0.04, lxGt=17.64, lp=0.03, lg=1.98, aP=100.00, aGinf=90.00, aGt=66.25
2025-12-18 05:20:48,867: MaxHebb=0.28660, T=1.00, F=1.00, L=1.00, train_i=257900, total_steps=6447500
2025-12-18 05:20:48,867: it=257900, lxP=0.00, lxG=0.16, lxGt=20.30, lp=0.03, lg=1.98, aP=100.00, aGinf=87.25, aGt=63.00
2025-12-18 05:21:16,302: MaxHebb=0.28053, T=1.00, F=1.00, L=1.00, train_i=258000, total_steps=6450000
2025-12-18 05:21:16,302: it=258000, lxP=0.02, lxG=0.13, lxGt=20.52, lp=0.01, lg=1.94, aP=100.00, aGinf=92.75, aGt=68.75
2025-12-18 05:21:17,839: save data time 0.13, train_i=258000.00, total_steps=6450000.00
2025-12-18 05:21:45,317: MaxHebb=0.28464, T=1.00, F=1.00, L=1.00, train_i=258100, total_steps=6452500
2025-12-18 05:21:45,317: it=258100, lxP=0.00, lxG=0.02, lxGt=18.80, lp=0.02, lg=1.98, aP=100.00, aGinf=93.50, aGt=70.00
2025-12-18 05:22:12,737: MaxHebb=0.28342, T=1.00, F=1.00, L=1.00, train_i=258200, total_steps=6455000
2025-12-18 05:22:12,737: it=258200, lxP=0.04, lxG=0.09, lxGt=18.88, lp=0.03, lg=2.00, aP=100.00, aGinf=90.50, aGt=68.25
2025-12-18 05:22:40,237: MaxHebb=0.28398, T=1.00, F=1.00, L=1.00, train_i=258300, total_steps=6457500
2025-12-18 05:22:40,237: it=258300, lxP=0.01, lxG=0.04, lxGt=19.90, lp=0.05, lg=2.00, aP=100.00, aGinf=84.25, aGt=61.00
2025-12-18 05:23:08,006: MaxHebb=0.28637, T=1.00, F=1.00, L=1.00, train_i=258400, total_steps=6460000
2025-12-18 05:23:08,006: it=258400, lxP=0.00, lxG=0.20, lxGt=20.06, lp=0.01, lg=1.96, aP=100.00, aGinf=91.75, aGt=66.50
2025-12-18 05:23:37,066: MaxHebb=0.28283, T=1.00, F=1.00, L=1.00, train_i=258500, total_steps=6462500
2025-12-18 05:23:37,067: it=258500, lxP=0.01, lxG=0.20, lxGt=19.25, lp=0.01, lg=1.94, aP=100.00, aGinf=89.75, aGt=65.00
2025-12-18 05:24:04,738: MaxHebb=0.27614, T=1.00, F=1.00, L=1.00, train_i=258600, total_steps=6465000
2025-12-18 05:24:04,738: it=258600, lxP=0.00, lxG=0.04, lxGt=20.83, lp=0.01, lg=1.96, aP=100.00, aGinf=89.50, aGt=64.00
2025-12-18 05:24:32,372: MaxHebb=0.28594, T=1.00, F=1.00, L=1.00, train_i=258700, total_steps=6467500
2025-12-18 05:24:32,372: it=258700, lxP=0.00, lxG=0.00, lxGt=20.32, lp=0.03, lg=2.03, aP=100.00, aGinf=89.50, aGt=67.00
2025-12-18 05:25:00,070: MaxHebb=0.28692, T=1.00, F=1.00, L=1.00, train_i=258800, total_steps=6470000
2025-12-18 05:25:00,070: it=258800, lxP=0.00, lxG=0.02, lxGt=19.24, lp=0.02, lg=1.96, aP=100.00, aGinf=91.00, aGt=65.25
2025-12-18 05:25:29,242: MaxHebb=0.28113, T=1.00, F=1.00, L=1.00, train_i=258900, total_steps=6472500
2025-12-18 05:25:29,242: it=258900, lxP=0.02, lxG=0.70, lxGt=18.91, lp=0.01, lg=1.95, aP=100.00, aGinf=93.50, aGt=68.25
2025-12-18 05:25:56,940: MaxHebb=0.28046, T=1.00, F=1.00, L=1.00, train_i=259000, total_steps=6475000
2025-12-18 05:25:56,940: it=259000, lxP=0.01, lxG=0.86, lxGt=22.52, lp=0.01, lg=1.93, aP=100.00, aGinf=91.75, aGt=63.50
2025-12-18 05:26:24,605: MaxHebb=0.28229, T=1.00, F=1.00, L=1.00, train_i=259100, total_steps=6477500
2025-12-18 05:26:24,606: it=259100, lxP=0.01, lxG=0.19, lxGt=20.91, lp=0.01, lg=1.92, aP=100.00, aGinf=92.00, aGt=65.00
2025-12-18 05:26:52,319: MaxHebb=0.27718, T=1.00, F=1.00, L=1.00, train_i=259200, total_steps=6480000
2025-12-18 05:26:52,319: it=259200, lxP=0.02, lxG=0.05, lxGt=24.02, lp=0.03, lg=1.96, aP=100.00, aGinf=91.75, aGt=65.75
2025-12-18 05:27:21,413: MaxHebb=0.28582, T=1.00, F=1.00, L=1.00, train_i=259300, total_steps=6482500
2025-12-18 05:27:21,413: it=259300, lxP=0.00, lxG=0.05, lxGt=22.54, lp=0.01, lg=1.94, aP=100.00, aGinf=91.50, aGt=67.25
2025-12-18 05:27:49,032: MaxHebb=0.28112, T=1.00, F=1.00, L=1.00, train_i=259400, total_steps=6485000
2025-12-18 05:27:49,032: it=259400, lxP=0.04, lxG=0.30, lxGt=22.64, lp=0.01, lg=1.93, aP=100.00, aGinf=91.75, aGt=66.75
2025-12-18 05:28:16,756: MaxHebb=0.28009, T=1.00, F=1.00, L=1.00, train_i=259500, total_steps=6487500
2025-12-18 05:28:16,756: it=259500, lxP=0.00, lxG=0.04, lxGt=20.42, lp=0.02, lg=1.95, aP=100.00, aGinf=89.25, aGt=63.50
2025-12-18 05:28:44,624: MaxHebb=0.28526, T=1.00, F=1.00, L=1.00, train_i=259600, total_steps=6490000
2025-12-18 05:28:44,624: it=259600, lxP=0.02, lxG=0.07, lxGt=20.26, lp=0.02, lg=1.97, aP=100.00, aGinf=88.00, aGt=64.00
2025-12-18 05:29:13,726: MaxHebb=0.28683, T=1.00, F=1.00, L=1.00, train_i=259700, total_steps=6492500
2025-12-18 05:29:13,726: it=259700, lxP=0.01, lxG=0.16, lxGt=18.09, lp=0.01, lg=1.94, aP=100.00, aGinf=93.00, aGt=71.50
2025-12-18 05:29:41,416: MaxHebb=0.28169, T=1.00, F=1.00, L=1.00, train_i=259800, total_steps=6495000
2025-12-18 05:29:41,416: it=259800, lxP=0.00, lxG=0.05, lxGt=20.39, lp=0.02, lg=1.98, aP=100.00, aGinf=93.75, aGt=68.50
2025-12-18 05:30:09,114: MaxHebb=0.28049, T=1.00, F=1.00, L=1.00, train_i=259900, total_steps=6497500
2025-12-18 05:30:09,114: it=259900, lxP=0.00, lxG=0.02, lxGt=23.24, lp=0.02, lg=1.98, aP=100.00, aGinf=94.75, aGt=69.75
2025-12-18 05:30:36,719: MaxHebb=0.28247, T=1.00, F=1.00, L=1.00, train_i=260000, total_steps=6500000
2025-12-18 05:30:36,719: it=260000, lxP=0.09, lxG=0.04, lxGt=20.47, lp=0.02, lg=1.96, aP=100.00, aGinf=90.25, aGt=64.50
2025-12-18 05:30:38,255: save data time 0.11, train_i=260000.00, total_steps=6500000.00
2025-12-18 05:31:06,002: MaxHebb=0.28675, T=1.00, F=1.00, L=1.00, train_i=260100, total_steps=6502500
2025-12-18 05:31:06,002: it=260100, lxP=0.01, lxG=0.24, lxGt=15.81, lp=0.05, lg=2.00, aP=100.00, aGinf=86.00, aGt=67.00
2025-12-18 05:31:33,705: MaxHebb=0.28233, T=1.00, F=1.00, L=1.00, train_i=260200, total_steps=6505000
2025-12-18 05:31:33,705: it=260200, lxP=0.00, lxG=0.13, lxGt=21.79, lp=0.02, lg=1.97, aP=100.00, aGinf=94.50, aGt=68.75
2025-12-18 05:32:01,373: MaxHebb=0.27860, T=1.00, F=1.00, L=1.00, train_i=260300, total_steps=6507500
2025-12-18 05:32:01,373: it=260300, lxP=0.01, lxG=0.17, lxGt=20.68, lp=0.01, lg=2.00, aP=100.00, aGinf=92.50, aGt=67.25
2025-12-18 05:32:28,980: MaxHebb=0.28056, T=1.00, F=1.00, L=1.00, train_i=260400, total_steps=6510000
2025-12-18 05:32:28,980: it=260400, lxP=0.00, lxG=0.04, lxGt=18.89, lp=0.04, lg=1.99, aP=100.00, aGinf=86.25, aGt=62.00
2025-12-18 05:32:58,078: MaxHebb=0.27700, T=1.00, F=1.00, L=1.00, train_i=260500, total_steps=6512500
2025-12-18 05:32:58,078: it=260500, lxP=0.17, lxG=0.12, lxGt=21.35, lp=0.02, lg=1.97, aP=100.00, aGinf=86.25, aGt=60.75
2025-12-18 05:33:25,728: MaxHebb=0.28429, T=1.00, F=1.00, L=1.00, train_i=260600, total_steps=6515000
2025-12-18 05:33:25,728: it=260600, lxP=0.00, lxG=0.01, lxGt=21.09, lp=0.02, lg=1.96, aP=100.00, aGinf=90.50, aGt=65.50
2025-12-18 05:33:53,311: MaxHebb=0.28443, T=1.00, F=1.00, L=1.00, train_i=260700, total_steps=6517500
2025-12-18 05:33:53,311: it=260700, lxP=0.00, lxG=0.08, lxGt=22.18, lp=0.02, lg=1.97, aP=100.00, aGinf=92.00, aGt=62.50
2025-12-18 05:34:20,988: MaxHebb=0.28300, T=1.00, F=1.00, L=1.00, train_i=260800, total_steps=6520000
2025-12-18 05:34:20,988: it=260800, lxP=0.02, lxG=0.06, lxGt=19.92, lp=0.02, lg=1.94, aP=100.00, aGinf=91.75, aGt=64.00
2025-12-18 05:34:50,019: MaxHebb=0.28301, T=1.00, F=1.00, L=1.00, train_i=260900, total_steps=6522500
2025-12-18 05:34:50,019: it=260900, lxP=0.00, lxG=0.09, lxGt=22.96, lp=0.03, lg=1.98, aP=100.00, aGinf=92.50, aGt=63.50
2025-12-18 05:35:17,643: MaxHebb=0.27886, T=1.00, F=1.00, L=1.00, train_i=261000, total_steps=6525000
2025-12-18 05:35:17,643: it=261000, lxP=0.00, lxG=0.02, lxGt=21.43, lp=0.02, lg=1.99, aP=100.00, aGinf=87.25, aGt=60.25
2025-12-18 05:35:45,265: MaxHebb=0.28539, T=1.00, F=1.00, L=1.00, train_i=261100, total_steps=6527500
2025-12-18 05:35:45,265: it=261100, lxP=0.00, lxG=0.03, lxGt=21.95, lp=0.01, lg=1.96, aP=100.00, aGinf=90.50, aGt=66.50
2025-12-18 05:36:12,940: MaxHebb=0.27390, T=1.00, F=1.00, L=1.00, train_i=261200, total_steps=6530000
2025-12-18 05:36:12,940: it=261200, lxP=0.00, lxG=0.06, lxGt=16.71, lp=0.04, lg=1.98, aP=100.00, aGinf=85.75, aGt=63.75
2025-12-18 05:36:42,005: MaxHebb=0.28248, T=1.00, F=1.00, L=1.00, train_i=261300, total_steps=6532500
2025-12-18 05:36:42,005: it=261300, lxP=0.00, lxG=0.06, lxGt=20.56, lp=0.03, lg=2.01, aP=100.00, aGinf=91.25, aGt=66.50
2025-12-18 05:37:09,617: MaxHebb=0.28384, T=1.00, F=1.00, L=1.00, train_i=261400, total_steps=6535000
2025-12-18 05:37:09,618: it=261400, lxP=0.05, lxG=0.15, lxGt=21.01, lp=0.03, lg=1.98, aP=100.00, aGinf=88.75, aGt=66.25
2025-12-18 05:37:37,153: MaxHebb=0.28536, T=1.00, F=1.00, L=1.00, train_i=261500, total_steps=6537500
2025-12-18 05:37:37,153: it=261500, lxP=0.00, lxG=0.26, lxGt=20.03, lp=0.01, lg=1.97, aP=100.00, aGinf=94.50, aGt=70.75
2025-12-18 05:38:04,641: MaxHebb=0.28266, T=1.00, F=1.00, L=1.00, train_i=261600, total_steps=6540000
2025-12-18 05:38:04,641: it=261600, lxP=0.00, lxG=0.25, lxGt=23.63, lp=0.01, lg=1.95, aP=100.00, aGinf=90.50, aGt=62.50
2025-12-18 05:38:33,617: MaxHebb=0.27889, T=1.00, F=1.00, L=1.00, train_i=261700, total_steps=6542500
2025-12-18 05:38:33,617: it=261700, lxP=0.01, lxG=0.02, lxGt=23.32, lp=0.03, lg=1.97, aP=100.00, aGinf=91.25, aGt=64.75
2025-12-18 05:39:01,160: MaxHebb=0.28169, T=1.00, F=1.00, L=1.00, train_i=261800, total_steps=6545000
2025-12-18 05:39:01,161: it=261800, lxP=0.00, lxG=0.05, lxGt=20.10, lp=0.02, lg=2.00, aP=100.00, aGinf=89.75, aGt=65.25
2025-12-18 05:39:28,747: MaxHebb=0.28057, T=1.00, F=1.00, L=1.00, train_i=261900, total_steps=6547500
2025-12-18 05:39:28,747: it=261900, lxP=0.02, lxG=0.07, lxGt=19.06, lp=0.02, lg=1.95, aP=100.00, aGinf=91.00, aGt=68.50
2025-12-18 05:39:56,301: MaxHebb=0.28466, T=1.00, F=1.00, L=1.00, train_i=262000, total_steps=6550000
2025-12-18 05:39:56,301: it=262000, lxP=0.00, lxG=0.10, lxGt=21.03, lp=0.02, lg=1.98, aP=100.00, aGinf=89.75, aGt=65.25
2025-12-18 05:39:57,834: save data time 0.12, train_i=262000.00, total_steps=6550000.00
2025-12-18 05:40:25,402: MaxHebb=0.27775, T=1.00, F=1.00, L=1.00, train_i=262100, total_steps=6552500
2025-12-18 05:40:25,402: it=262100, lxP=0.07, lxG=0.80, lxGt=22.38, lp=0.05, lg=1.95, aP=100.00, aGinf=88.25, aGt=62.25
2025-12-18 05:40:52,989: MaxHebb=0.28486, T=1.00, F=1.00, L=1.00, train_i=262200, total_steps=6555000
2025-12-18 05:40:52,990: it=262200, lxP=0.02, lxG=0.14, lxGt=22.05, lp=0.02, lg=1.96, aP=100.00, aGinf=89.25, aGt=65.75
2025-12-18 05:41:20,666: MaxHebb=0.28471, T=1.00, F=1.00, L=1.00, train_i=262300, total_steps=6557500
2025-12-18 05:41:20,666: it=262300, lxP=0.00, lxG=0.02, lxGt=20.67, lp=0.02, lg=1.99, aP=100.00, aGinf=92.25, aGt=67.25
2025-12-18 05:41:48,244: MaxHebb=0.27916, T=1.00, F=1.00, L=1.00, train_i=262400, total_steps=6560000
2025-12-18 05:41:48,244: it=262400, lxP=0.02, lxG=0.08, lxGt=19.38, lp=0.03, lg=1.97, aP=100.00, aGinf=90.50, aGt=66.00
2025-12-18 05:42:17,329: MaxHebb=0.27822, T=1.00, F=1.00, L=1.00, train_i=262500, total_steps=6562500
2025-12-18 05:42:17,329: it=262500, lxP=0.00, lxG=0.88, lxGt=20.70, lp=0.02, lg=2.00, aP=100.00, aGinf=89.25, aGt=68.75
2025-12-18 05:42:44,997: MaxHebb=0.28350, T=1.00, F=1.00, L=1.00, train_i=262600, total_steps=6565000
2025-12-18 05:42:44,997: it=262600, lxP=0.02, lxG=0.07, lxGt=16.95, lp=0.02, lg=1.99, aP=100.00, aGinf=91.75, aGt=69.00
2025-12-18 05:43:12,581: MaxHebb=0.27398, T=1.00, F=1.00, L=1.00, train_i=262700, total_steps=6567500
2025-12-18 05:43:12,581: it=262700, lxP=0.00, lxG=1.07, lxGt=22.35, lp=0.02, lg=2.00, aP=100.00, aGinf=89.00, aGt=63.25
2025-12-18 05:43:40,138: MaxHebb=0.27741, T=1.00, F=1.00, L=1.00, train_i=262800, total_steps=6570000
2025-12-18 05:43:40,138: it=262800, lxP=0.01, lxG=0.04, lxGt=18.51, lp=0.02, lg=1.95, aP=100.00, aGinf=93.25, aGt=70.75
2025-12-18 05:44:09,028: MaxHebb=0.28191, T=1.00, F=1.00, L=1.00, train_i=262900, total_steps=6572500
2025-12-18 05:44:09,028: it=262900, lxP=0.01, lxG=0.07, lxGt=19.92, lp=0.01, lg=1.99, aP=100.00, aGinf=94.50, aGt=70.00
2025-12-18 05:44:36,569: MaxHebb=0.27789, T=1.00, F=1.00, L=1.00, train_i=263000, total_steps=6575000
2025-12-18 05:44:36,569: it=263000, lxP=0.01, lxG=0.06, lxGt=19.94, lp=0.01, lg=1.94, aP=100.00, aGinf=92.50, aGt=67.75
2025-12-18 05:45:04,095: MaxHebb=0.28706, T=1.00, F=1.00, L=1.00, train_i=263100, total_steps=6577500
2025-12-18 05:45:04,095: it=263100, lxP=0.00, lxG=0.13, lxGt=20.23, lp=0.02, lg=1.96, aP=100.00, aGinf=90.75, aGt=67.50
2025-12-18 05:45:31,591: MaxHebb=0.28625, T=1.00, F=1.00, L=1.00, train_i=263200, total_steps=6580000
2025-12-18 05:45:31,591: it=263200, lxP=0.00, lxG=0.03, lxGt=19.77, lp=0.01, lg=1.96, aP=100.00, aGinf=90.25, aGt=64.50
2025-12-18 05:46:00,441: MaxHebb=0.27288, T=1.00, F=1.00, L=1.00, train_i=263300, total_steps=6582500
2025-12-18 05:46:00,441: it=263300, lxP=0.00, lxG=0.06, lxGt=17.90, lp=0.04, lg=1.96, aP=100.00, aGinf=90.50, aGt=66.75
2025-12-18 05:46:27,945: MaxHebb=0.28458, T=1.00, F=1.00, L=1.00, train_i=263400, total_steps=6585000
2025-12-18 05:46:27,946: it=263400, lxP=0.00, lxG=0.08, lxGt=22.49, lp=0.02, lg=1.94, aP=100.00, aGinf=96.00, aGt=69.00
2025-12-18 05:46:55,493: MaxHebb=0.28348, T=1.00, F=1.00, L=1.00, train_i=263500, total_steps=6587500
2025-12-18 05:46:55,493: it=263500, lxP=0.01, lxG=0.06, lxGt=20.13, lp=0.01, lg=1.96, aP=100.00, aGinf=90.75, aGt=67.75
2025-12-18 05:47:23,082: MaxHebb=0.28392, T=1.00, F=1.00, L=1.00, train_i=263600, total_steps=6590000
2025-12-18 05:47:23,082: it=263600, lxP=0.00, lxG=0.02, lxGt=21.20, lp=0.01, lg=1.98, aP=100.00, aGinf=94.00, aGt=70.75
2025-12-18 05:47:52,004: MaxHebb=0.28012, T=1.00, F=1.00, L=1.00, train_i=263700, total_steps=6592500
2025-12-18 05:47:52,005: it=263700, lxP=0.00, lxG=0.01, lxGt=23.58, lp=0.01, lg=1.99, aP=100.00, aGinf=92.75, aGt=67.00
2025-12-18 05:48:19,588: MaxHebb=0.27912, T=1.00, F=1.00, L=1.00, train_i=263800, total_steps=6595000
2025-12-18 05:48:19,589: it=263800, lxP=0.01, lxG=0.28, lxGt=21.50, lp=0.02, lg=1.97, aP=100.00, aGinf=92.25, aGt=62.75
2025-12-18 05:48:47,091: MaxHebb=0.27816, T=1.00, F=1.00, L=1.00, train_i=263900, total_steps=6597500
2025-12-18 05:48:47,091: it=263900, lxP=0.00, lxG=0.02, lxGt=19.14, lp=0.02, lg=1.96, aP=100.00, aGinf=90.50, aGt=67.75
2025-12-18 05:49:14,616: MaxHebb=0.27883, T=1.00, F=1.00, L=1.00, train_i=264000, total_steps=6600000
2025-12-18 05:49:14,617: it=264000, lxP=0.01, lxG=0.17, lxGt=23.00, lp=0.02, lg=1.96, aP=100.00, aGinf=92.75, aGt=65.50
2025-12-18 05:49:16,166: save data time 0.13, train_i=264000.00, total_steps=6600000.00
2025-12-18 05:49:43,713: MaxHebb=0.27907, T=1.00, F=1.00, L=1.00, train_i=264100, total_steps=6602500
2025-12-18 05:49:43,713: it=264100, lxP=0.01, lxG=0.02, lxGt=22.40, lp=0.04, lg=1.95, aP=100.00, aGinf=89.50, aGt=62.50
2025-12-18 05:50:11,279: MaxHebb=0.27622, T=1.00, F=1.00, L=1.00, train_i=264200, total_steps=6605000
2025-12-18 05:50:11,279: it=264200, lxP=0.00, lxG=0.04, lxGt=17.44, lp=0.03, lg=1.95, aP=100.00, aGinf=86.75, aGt=61.00
2025-12-18 05:50:38,754: MaxHebb=0.28166, T=1.00, F=1.00, L=1.00, train_i=264300, total_steps=6607500
2025-12-18 05:50:38,754: it=264300, lxP=0.02, lxG=0.10, lxGt=21.38, lp=0.01, lg=1.94, aP=100.00, aGinf=92.75, aGt=68.50
2025-12-18 05:51:06,345: MaxHebb=0.28201, T=1.00, F=1.00, L=1.00, train_i=264400, total_steps=6610000
2025-12-18 05:51:06,346: it=264400, lxP=0.00, lxG=0.03, lxGt=21.92, lp=0.01, lg=1.94, aP=100.00, aGinf=91.75, aGt=66.50
2025-12-18 05:51:35,229: MaxHebb=0.27866, T=1.00, F=1.00, L=1.00, train_i=264500, total_steps=6612500
2025-12-18 05:51:35,230: it=264500, lxP=0.00, lxG=0.33, lxGt=20.53, lp=0.01, lg=1.93, aP=100.00, aGinf=90.50, aGt=67.25
2025-12-18 05:52:02,754: MaxHebb=0.27955, T=1.00, F=1.00, L=1.00, train_i=264600, total_steps=6615000
2025-12-18 05:52:02,754: it=264600, lxP=0.00, lxG=1.44, lxGt=20.82, lp=0.02, lg=1.96, aP=100.00, aGinf=89.25, aGt=66.25
2025-12-18 05:52:30,280: MaxHebb=0.27558, T=1.00, F=1.00, L=1.00, train_i=264700, total_steps=6617500
2025-12-18 05:52:30,280: it=264700, lxP=0.02, lxG=0.13, lxGt=19.85, lp=0.01, lg=1.91, aP=100.00, aGinf=95.25, aGt=71.00
2025-12-18 05:52:57,803: MaxHebb=0.27805, T=1.00, F=1.00, L=1.00, train_i=264800, total_steps=6620000
2025-12-18 05:52:57,803: it=264800, lxP=0.00, lxG=0.01, lxGt=20.30, lp=0.02, lg=1.96, aP=100.00, aGinf=93.75, aGt=69.75
2025-12-18 05:53:26,779: MaxHebb=0.28417, T=1.00, F=1.00, L=1.00, train_i=264900, total_steps=6622500
2025-12-18 05:53:26,779: it=264900, lxP=0.00, lxG=0.20, lxGt=19.98, lp=0.01, lg=1.96, aP=100.00, aGinf=91.75, aGt=66.50
2025-12-18 05:53:54,325: MaxHebb=0.28135, T=1.00, F=1.00, L=1.00, train_i=265000, total_steps=6625000
2025-12-18 05:53:54,326: it=265000, lxP=0.08, lxG=0.06, lxGt=25.02, lp=0.02, lg=1.95, aP=100.00, aGinf=92.75, aGt=65.50
2025-12-18 05:54:21,863: MaxHebb=0.27962, T=1.00, F=1.00, L=1.00, train_i=265100, total_steps=6627500
2025-12-18 05:54:21,863: it=265100, lxP=0.00, lxG=0.04, lxGt=19.68, lp=0.02, lg=1.95, aP=100.00, aGinf=86.25, aGt=63.50
2025-12-18 05:54:49,349: MaxHebb=0.27712, T=1.00, F=1.00, L=1.00, train_i=265200, total_steps=6630000
2025-12-18 05:54:49,349: it=265200, lxP=0.00, lxG=0.34, lxGt=24.12, lp=0.01, lg=1.99, aP=100.00, aGinf=88.00, aGt=64.00
2025-12-18 05:55:18,321: MaxHebb=0.28422, T=1.00, F=1.00, L=1.00, train_i=265300, total_steps=6632500
2025-12-18 05:55:18,321: it=265300, lxP=0.02, lxG=0.70, lxGt=21.81, lp=0.02, lg=1.95, aP=100.00, aGinf=92.25, aGt=66.25
2025-12-18 05:55:45,869: MaxHebb=0.28041, T=1.00, F=1.00, L=1.00, train_i=265400, total_steps=6635000
2025-12-18 05:55:45,869: it=265400, lxP=0.00, lxG=0.06, lxGt=22.45, lp=0.02, lg=1.95, aP=100.00, aGinf=90.00, aGt=64.75
2025-12-18 05:56:13,368: MaxHebb=0.27892, T=1.00, F=1.00, L=1.00, train_i=265500, total_steps=6637500
2025-12-18 05:56:13,368: it=265500, lxP=0.00, lxG=0.25, lxGt=21.01, lp=0.02, lg=1.99, aP=100.00, aGinf=89.00, aGt=61.25
2025-12-18 05:56:41,057: MaxHebb=0.28394, T=1.00, F=1.00, L=1.00, train_i=265600, total_steps=6640000
2025-12-18 05:56:41,058: it=265600, lxP=0.02, lxG=0.05, lxGt=21.05, lp=0.02, lg=1.96, aP=100.00, aGinf=93.50, aGt=67.00
2025-12-18 05:57:10,020: MaxHebb=0.28116, T=1.00, F=1.00, L=1.00, train_i=265700, total_steps=6642500
2025-12-18 05:57:10,021: it=265700, lxP=0.00, lxG=0.05, lxGt=22.85, lp=0.02, lg=1.96, aP=100.00, aGinf=93.25, aGt=72.25
2025-12-18 05:57:37,599: MaxHebb=0.28259, T=1.00, F=1.00, L=1.00, train_i=265800, total_steps=6645000
2025-12-18 05:57:37,599: it=265800, lxP=0.01, lxG=0.04, lxGt=20.59, lp=0.01, lg=1.96, aP=100.00, aGinf=92.75, aGt=70.00
2025-12-18 05:58:05,164: MaxHebb=0.28198, T=1.00, F=1.00, L=1.00, train_i=265900, total_steps=6647500
2025-12-18 05:58:05,165: it=265900, lxP=0.00, lxG=0.01, lxGt=23.62, lp=0.01, lg=2.02, aP=100.00, aGinf=92.50, aGt=67.50
2025-12-18 05:58:32,661: MaxHebb=0.27821, T=1.00, F=1.00, L=1.00, train_i=266000, total_steps=6650000
2025-12-18 05:58:32,661: it=266000, lxP=0.00, lxG=0.00, lxGt=21.81, lp=0.02, lg=2.00, aP=100.00, aGinf=92.75, aGt=68.50
2025-12-18 05:58:34,218: save data time 0.11, train_i=266000.00, total_steps=6650000.00
2025-12-18 05:59:01,826: MaxHebb=0.28656, T=1.00, F=1.00, L=1.00, train_i=266100, total_steps=6652500
2025-12-18 05:59:01,826: it=266100, lxP=0.01, lxG=0.06, lxGt=21.79, lp=0.02, lg=1.97, aP=100.00, aGinf=89.50, aGt=62.50
2025-12-18 05:59:29,353: MaxHebb=0.27785, T=1.00, F=1.00, L=1.00, train_i=266200, total_steps=6655000
2025-12-18 05:59:29,353: it=266200, lxP=0.00, lxG=0.40, lxGt=19.48, lp=0.02, lg=1.98, aP=100.00, aGinf=92.00, aGt=68.00
2025-12-18 05:59:56,987: MaxHebb=0.27802, T=1.00, F=1.00, L=1.00, train_i=266300, total_steps=6657500
2025-12-18 05:59:56,987: it=266300, lxP=0.01, lxG=0.03, lxGt=22.97, lp=0.02, lg=1.95, aP=100.00, aGinf=93.50, aGt=67.75
2025-12-18 06:00:24,554: MaxHebb=0.28006, T=1.00, F=1.00, L=1.00, train_i=266400, total_steps=6660000
2025-12-18 06:00:24,554: it=266400, lxP=0.01, lxG=0.06, lxGt=21.33, lp=0.02, lg=1.95, aP=100.00, aGinf=94.25, aGt=68.00
2025-12-18 06:00:53,492: MaxHebb=0.28468, T=1.00, F=1.00, L=1.00, train_i=266500, total_steps=6662500
2025-12-18 06:00:53,492: it=266500, lxP=0.01, lxG=0.11, lxGt=18.41, lp=0.02, lg=1.94, aP=100.00, aGinf=90.00, aGt=66.00
2025-12-18 06:01:21,108: MaxHebb=0.27621, T=1.00, F=1.00, L=1.00, train_i=266600, total_steps=6665000
2025-12-18 06:01:21,108: it=266600, lxP=0.01, lxG=0.28, lxGt=18.27, lp=0.02, lg=1.99, aP=100.00, aGinf=90.50, aGt=65.25
2025-12-18 06:01:48,608: MaxHebb=0.27422, T=1.00, F=1.00, L=1.00, train_i=266700, total_steps=6667500
2025-12-18 06:01:48,608: it=266700, lxP=0.00, lxG=0.09, lxGt=21.51, lp=0.03, lg=2.00, aP=100.00, aGinf=92.25, aGt=63.75
2025-12-18 06:02:16,168: MaxHebb=0.28206, T=1.00, F=1.00, L=1.00, train_i=266800, total_steps=6670000
2025-12-18 06:02:16,168: it=266800, lxP=0.00, lxG=0.01, lxGt=16.41, lp=0.02, lg=1.99, aP=100.00, aGinf=91.00, aGt=69.25
2025-12-18 06:02:45,191: MaxHebb=0.27765, T=1.00, F=1.00, L=1.00, train_i=266900, total_steps=6672500
2025-12-18 06:02:45,191: it=266900, lxP=0.00, lxG=0.02, lxGt=17.88, lp=0.03, lg=2.02, aP=100.00, aGinf=90.00, aGt=68.75
2025-12-18 06:03:12,768: MaxHebb=0.27857, T=1.00, F=1.00, L=1.00, train_i=267000, total_steps=6675000
2025-12-18 06:03:12,769: it=267000, lxP=0.00, lxG=0.01, lxGt=21.06, lp=0.01, lg=2.02, aP=100.00, aGinf=87.50, aGt=60.75
2025-12-18 06:03:40,393: MaxHebb=0.27488, T=1.00, F=1.00, L=1.00, train_i=267100, total_steps=6677500
2025-12-18 06:03:40,393: it=267100, lxP=0.00, lxG=0.01, lxGt=22.44, lp=0.02, lg=2.01, aP=100.00, aGinf=87.25, aGt=64.00
2025-12-18 06:04:08,023: MaxHebb=0.27277, T=1.00, F=1.00, L=1.00, train_i=267200, total_steps=6680000
2025-12-18 06:04:08,023: it=267200, lxP=0.01, lxG=0.02, lxGt=20.25, lp=0.01, lg=1.99, aP=100.00, aGinf=93.00, aGt=68.75
2025-12-18 06:04:37,135: MaxHebb=0.27144, T=1.00, F=1.00, L=1.00, train_i=267300, total_steps=6682500
2025-12-18 06:04:37,135: it=267300, lxP=0.00, lxG=0.16, lxGt=18.32, lp=0.02, lg=2.00, aP=100.00, aGinf=94.00, aGt=68.75
2025-12-18 06:05:04,796: MaxHebb=0.27646, T=1.00, F=1.00, L=1.00, train_i=267400, total_steps=6685000
2025-12-18 06:05:04,797: it=267400, lxP=0.00, lxG=0.04, lxGt=21.69, lp=0.01, lg=2.00, aP=100.00, aGinf=92.00, aGt=64.75
2025-12-18 06:05:32,409: MaxHebb=0.27886, T=1.00, F=1.00, L=1.00, train_i=267500, total_steps=6687500
2025-12-18 06:05:32,410: it=267500, lxP=0.01, lxG=0.22, lxGt=23.30, lp=0.02, lg=1.95, aP=100.00, aGinf=90.50, aGt=66.75
2025-12-18 06:05:59,933: MaxHebb=0.27758, T=1.00, F=1.00, L=1.00, train_i=267600, total_steps=6690000
2025-12-18 06:05:59,933: it=267600, lxP=0.00, lxG=0.39, lxGt=21.99, lp=0.01, lg=1.98, aP=100.00, aGinf=94.50, aGt=70.00
2025-12-18 06:06:28,855: MaxHebb=0.27805, T=1.00, F=1.00, L=1.00, train_i=267700, total_steps=6692500
2025-12-18 06:06:28,856: it=267700, lxP=0.01, lxG=0.07, lxGt=20.44, lp=0.02, lg=1.99, aP=100.00, aGinf=89.50, aGt=62.75
2025-12-18 06:06:56,355: MaxHebb=0.27932, T=1.00, F=1.00, L=1.00, train_i=267800, total_steps=6695000
2025-12-18 06:06:56,356: it=267800, lxP=0.03, lxG=0.18, lxGt=21.52, lp=0.03, lg=1.99, aP=100.00, aGinf=91.25, aGt=67.75
2025-12-18 06:07:23,914: MaxHebb=0.27995, T=1.00, F=1.00, L=1.00, train_i=267900, total_steps=6697500
2025-12-18 06:07:23,914: it=267900, lxP=0.04, lxG=0.11, lxGt=24.19, lp=0.01, lg=1.98, aP=100.00, aGinf=91.75, aGt=65.50
2025-12-18 06:07:51,410: MaxHebb=0.28107, T=1.00, F=1.00, L=1.00, train_i=268000, total_steps=6700000
2025-12-18 06:07:51,410: it=268000, lxP=0.00, lxG=0.03, lxGt=20.89, lp=0.02, lg=2.03, aP=100.00, aGinf=94.50, aGt=68.00
2025-12-18 06:07:52,973: save data time 0.13, train_i=268000.00, total_steps=6700000.00
2025-12-18 06:08:20,526: MaxHebb=0.27962, T=1.00, F=1.00, L=1.00, train_i=268100, total_steps=6702500
2025-12-18 06:08:20,526: it=268100, lxP=0.00, lxG=0.11, lxGt=18.17, lp=0.01, lg=1.99, aP=100.00, aGinf=91.50, aGt=68.00
2025-12-18 06:08:48,065: MaxHebb=0.27526, T=1.00, F=1.00, L=1.00, train_i=268200, total_steps=6705000
2025-12-18 06:08:48,065: it=268200, lxP=0.02, lxG=0.04, lxGt=21.14, lp=0.01, lg=2.01, aP=100.00, aGinf=91.75, aGt=67.00
2025-12-18 06:09:15,652: MaxHebb=0.27718, T=1.00, F=1.00, L=1.00, train_i=268300, total_steps=6707500
2025-12-18 06:09:15,652: it=268300, lxP=0.01, lxG=0.03, lxGt=17.95, lp=0.03, lg=1.98, aP=100.00, aGinf=84.75, aGt=60.75
2025-12-18 06:09:43,214: MaxHebb=0.27532, T=1.00, F=1.00, L=1.00, train_i=268400, total_steps=6710000
2025-12-18 06:09:43,214: it=268400, lxP=0.01, lxG=0.13, lxGt=22.63, lp=0.01, lg=1.98, aP=100.00, aGinf=86.50, aGt=59.50
2025-12-18 06:10:12,199: MaxHebb=0.27398, T=1.00, F=1.00, L=1.00, train_i=268500, total_steps=6712500
2025-12-18 06:10:12,199: it=268500, lxP=0.00, lxG=1.11, lxGt=20.92, lp=0.03, lg=1.98, aP=100.00, aGinf=89.25, aGt=64.25
2025-12-18 06:10:39,821: MaxHebb=0.26274, T=1.00, F=1.00, L=1.00, train_i=268600, total_steps=6715000
2025-12-18 06:10:39,821: it=268600, lxP=0.01, lxG=0.26, lxGt=21.91, lp=0.03, lg=2.01, aP=100.00, aGinf=87.75, aGt=65.75
2025-12-18 06:11:07,402: MaxHebb=0.26801, T=1.00, F=1.00, L=1.00, train_i=268700, total_steps=6717500
2025-12-18 06:11:07,402: it=268700, lxP=0.03, lxG=0.10, lxGt=21.64, lp=0.01, lg=1.98, aP=100.00, aGinf=91.50, aGt=70.50
2025-12-18 06:11:34,906: MaxHebb=0.27062, T=1.00, F=1.00, L=1.00, train_i=268800, total_steps=6720000
2025-12-18 06:11:34,906: it=268800, lxP=0.00, lxG=0.01, lxGt=22.51, lp=0.01, lg=2.01, aP=100.00, aGinf=88.25, aGt=62.50
2025-12-18 06:12:03,930: MaxHebb=0.26372, T=1.00, F=1.00, L=1.00, train_i=268900, total_steps=6722500
2025-12-18 06:12:03,930: it=268900, lxP=0.00, lxG=0.04, lxGt=23.27, lp=0.02, lg=2.02, aP=100.00, aGinf=91.00, aGt=66.50
2025-12-18 06:12:31,444: MaxHebb=0.26848, T=1.00, F=1.00, L=1.00, train_i=269000, total_steps=6725000
2025-12-18 06:12:31,444: it=269000, lxP=0.02, lxG=0.52, lxGt=21.47, lp=0.01, lg=1.96, aP=100.00, aGinf=93.50, aGt=65.75
2025-12-18 06:12:59,072: MaxHebb=0.27354, T=1.00, F=1.00, L=1.00, train_i=269100, total_steps=6727500
2025-12-18 06:12:59,072: it=269100, lxP=0.01, lxG=0.39, lxGt=21.91, lp=0.02, lg=2.01, aP=100.00, aGinf=91.50, aGt=66.25
2025-12-18 06:13:26,620: MaxHebb=0.27059, T=1.00, F=1.00, L=1.00, train_i=269200, total_steps=6730000
2025-12-18 06:13:26,620: it=269200, lxP=0.01, lxG=0.56, lxGt=21.43, lp=0.01, lg=1.96, aP=100.00, aGinf=96.75, aGt=72.50
2025-12-18 06:13:55,545: MaxHebb=0.26733, T=1.00, F=1.00, L=1.00, train_i=269300, total_steps=6732500
2025-12-18 06:13:55,546: it=269300, lxP=0.00, lxG=0.10, lxGt=18.75, lp=0.01, lg=1.97, aP=100.00, aGinf=92.75, aGt=68.00
2025-12-18 06:14:23,058: MaxHebb=0.26954, T=1.00, F=1.00, L=1.00, train_i=269400, total_steps=6735000
2025-12-18 06:14:23,058: it=269400, lxP=0.00, lxG=0.03, lxGt=21.64, lp=0.02, lg=1.96, aP=100.00, aGinf=89.25, aGt=65.50
2025-12-18 06:14:50,652: MaxHebb=0.27114, T=1.00, F=1.00, L=1.00, train_i=269500, total_steps=6737500
2025-12-18 06:14:50,652: it=269500, lxP=0.00, lxG=0.02, lxGt=16.68, lp=0.02, lg=1.98, aP=100.00, aGinf=92.50, aGt=68.75
2025-12-18 06:15:18,087: MaxHebb=0.26641, T=1.00, F=1.00, L=1.00, train_i=269600, total_steps=6740000
2025-12-18 06:15:18,087: it=269600, lxP=0.05, lxG=0.09, lxGt=24.87, lp=0.01, lg=1.96, aP=100.00, aGinf=95.50, aGt=68.75
2025-12-18 06:15:47,035: MaxHebb=0.26465, T=1.00, F=1.00, L=1.00, train_i=269700, total_steps=6742500
2025-12-18 06:15:47,035: it=269700, lxP=0.02, lxG=0.07, lxGt=24.33, lp=0.02, lg=2.04, aP=100.00, aGinf=91.25, aGt=64.50
2025-12-18 06:16:14,578: MaxHebb=0.27538, T=1.00, F=1.00, L=1.00, train_i=269800, total_steps=6745000
2025-12-18 06:16:14,578: it=269800, lxP=0.00, lxG=0.07, lxGt=21.93, lp=0.02, lg=1.98, aP=100.00, aGinf=92.25, aGt=63.25
2025-12-18 06:16:42,139: MaxHebb=0.27245, T=1.00, F=1.00, L=1.00, train_i=269900, total_steps=6747500
2025-12-18 06:16:42,139: it=269900, lxP=0.01, lxG=0.07, lxGt=22.20, lp=0.02, lg=1.99, aP=100.00, aGinf=96.25, aGt=66.75
2025-12-18 06:17:09,685: MaxHebb=0.26515, T=1.00, F=1.00, L=1.00, train_i=270000, total_steps=6750000
2025-12-18 06:17:09,685: it=270000, lxP=0.01, lxG=5.17, lxGt=20.19, lp=0.01, lg=2.00, aP=100.00, aGinf=88.25, aGt=65.25
2025-12-18 06:17:11,212: save data time 0.11, train_i=270000.00, total_steps=6750000.00
2025-12-18 06:17:38,635: MaxHebb=0.26571, T=1.00, F=1.00, L=1.00, train_i=270100, total_steps=6752500
2025-12-18 06:17:38,635: it=270100, lxP=0.00, lxG=0.15, lxGt=20.56, lp=0.03, lg=1.95, aP=100.00, aGinf=92.50, aGt=67.50
2025-12-18 06:18:06,071: MaxHebb=0.26574, T=1.00, F=1.00, L=1.00, train_i=270200, total_steps=6755000
2025-12-18 06:18:06,071: it=270200, lxP=0.00, lxG=0.02, lxGt=22.38, lp=0.02, lg=2.01, aP=100.00, aGinf=92.75, aGt=67.25
2025-12-18 06:18:33,556: MaxHebb=0.26954, T=1.00, F=1.00, L=1.00, train_i=270300, total_steps=6757500
2025-12-18 06:18:33,556: it=270300, lxP=0.00, lxG=0.05, lxGt=23.93, lp=0.01, lg=1.97, aP=100.00, aGinf=90.75, aGt=64.00
2025-12-18 06:19:01,078: MaxHebb=0.26533, T=1.00, F=1.00, L=1.00, train_i=270400, total_steps=6760000
2025-12-18 06:19:01,079: it=270400, lxP=0.01, lxG=0.30, lxGt=21.12, lp=0.02, lg=2.00, aP=100.00, aGinf=89.75, aGt=65.75
2025-12-18 06:19:30,116: MaxHebb=0.26263, T=1.00, F=1.00, L=1.00, train_i=270500, total_steps=6762500
2025-12-18 06:19:30,116: it=270500, lxP=0.00, lxG=0.05, lxGt=19.92, lp=0.03, lg=2.04, aP=100.00, aGinf=92.50, aGt=69.75
2025-12-18 06:19:57,643: MaxHebb=0.26590, T=1.00, F=1.00, L=1.00, train_i=270600, total_steps=6765000
2025-12-18 06:19:57,643: it=270600, lxP=0.04, lxG=0.20, lxGt=21.24, lp=0.01, lg=1.95, aP=100.00, aGinf=90.75, aGt=68.50
2025-12-18 06:20:25,140: MaxHebb=0.26208, T=1.00, F=1.00, L=1.00, train_i=270700, total_steps=6767500
2025-12-18 06:20:25,140: it=270700, lxP=0.00, lxG=0.14, lxGt=20.33, lp=0.02, lg=1.98, aP=100.00, aGinf=93.00, aGt=67.25
2025-12-18 06:20:52,644: MaxHebb=0.26338, T=1.00, F=1.00, L=1.00, train_i=270800, total_steps=6770000
2025-12-18 06:20:52,645: it=270800, lxP=0.01, lxG=0.11, lxGt=19.45, lp=0.01, lg=1.97, aP=100.00, aGinf=90.50, aGt=65.50
2025-12-18 06:21:21,614: MaxHebb=0.27233, T=1.00, F=1.00, L=1.00, train_i=270900, total_steps=6772500
2025-12-18 06:21:21,614: it=270900, lxP=0.00, lxG=0.02, lxGt=23.71, lp=0.01, lg=2.00, aP=100.00, aGinf=91.50, aGt=66.75
2025-12-18 06:21:49,151: MaxHebb=0.27212, T=1.00, F=1.00, L=1.00, train_i=271000, total_steps=6775000
2025-12-18 06:21:49,151: it=271000, lxP=0.00, lxG=0.08, lxGt=19.87, lp=0.02, lg=1.97, aP=100.00, aGinf=94.50, aGt=70.75
2025-12-18 06:22:16,626: MaxHebb=0.26852, T=1.00, F=1.00, L=1.00, train_i=271100, total_steps=6777500
2025-12-18 06:22:16,626: it=271100, lxP=0.01, lxG=0.61, lxGt=19.38, lp=0.03, lg=1.98, aP=100.00, aGinf=88.50, aGt=63.00
2025-12-18 06:22:44,061: MaxHebb=0.27014, T=1.00, F=1.00, L=1.00, train_i=271200, total_steps=6780000
2025-12-18 06:22:44,061: it=271200, lxP=0.00, lxG=0.01, lxGt=20.22, lp=0.01, lg=1.98, aP=100.00, aGinf=91.75, aGt=69.25
2025-12-18 06:23:12,990: MaxHebb=0.26354, T=1.00, F=1.00, L=1.00, train_i=271300, total_steps=6782500
2025-12-18 06:23:12,990: it=271300, lxP=0.01, lxG=0.10, lxGt=18.48, lp=0.03, lg=1.98, aP=100.00, aGinf=87.25, aGt=66.75
2025-12-18 06:23:40,561: MaxHebb=0.27232, T=1.00, F=1.00, L=1.00, train_i=271400, total_steps=6785000
2025-12-18 06:23:40,561: it=271400, lxP=0.00, lxG=0.01, lxGt=22.40, lp=0.01, lg=1.99, aP=100.00, aGinf=93.50, aGt=64.00
2025-12-18 06:24:08,129: MaxHebb=0.26595, T=1.00, F=1.00, L=1.00, train_i=271500, total_steps=6787500
2025-12-18 06:24:08,129: it=271500, lxP=0.00, lxG=0.04, lxGt=19.78, lp=0.03, lg=1.99, aP=100.00, aGinf=88.25, aGt=64.25
2025-12-18 06:24:35,588: MaxHebb=0.26897, T=1.00, F=1.00, L=1.00, train_i=271600, total_steps=6790000
2025-12-18 06:24:35,588: it=271600, lxP=0.00, lxG=0.03, lxGt=22.73, lp=0.03, lg=2.02, aP=100.00, aGinf=90.25, aGt=65.50
2025-12-18 06:25:04,521: MaxHebb=0.26593, T=1.00, F=1.00, L=1.00, train_i=271700, total_steps=6792500
2025-12-18 06:25:04,521: it=271700, lxP=0.16, lxG=0.12, lxGt=20.37, lp=0.02, lg=1.96, aP=100.00, aGinf=86.25, aGt=61.25
2025-12-18 06:25:32,033: MaxHebb=0.26673, T=1.00, F=1.00, L=1.00, train_i=271800, total_steps=6795000
2025-12-18 06:25:32,034: it=271800, lxP=0.00, lxG=1.56, lxGt=18.04, lp=0.02, lg=1.99, aP=100.00, aGinf=91.25, aGt=67.50
2025-12-18 06:25:59,569: MaxHebb=0.26900, T=1.00, F=1.00, L=1.00, train_i=271900, total_steps=6797500
2025-12-18 06:25:59,569: it=271900, lxP=0.00, lxG=0.04, lxGt=22.99, lp=0.01, lg=2.01, aP=100.00, aGinf=95.25, aGt=67.50
2025-12-18 06:26:27,024: MaxHebb=0.26712, T=1.00, F=1.00, L=1.00, train_i=272000, total_steps=6800000
2025-12-18 06:26:27,024: it=272000, lxP=0.00, lxG=0.02, lxGt=15.39, lp=0.02, lg=2.05, aP=100.00, aGinf=90.25, aGt=66.75
2025-12-18 06:26:28,614: save data time 0.14, train_i=272000.00, total_steps=6800000.00
2025-12-18 06:26:56,130: MaxHebb=0.26602, T=1.00, F=1.00, L=1.00, train_i=272100, total_steps=6802500
2025-12-18 06:26:56,131: it=272100, lxP=0.00, lxG=0.09, lxGt=21.38, lp=0.04, lg=2.02, aP=100.00, aGinf=88.25, aGt=65.00
2025-12-18 06:27:23,556: MaxHebb=0.26700, T=1.00, F=1.00, L=1.00, train_i=272200, total_steps=6805000
2025-12-18 06:27:23,556: it=272200, lxP=0.01, lxG=0.10, lxGt=20.19, lp=0.01, lg=1.96, aP=100.00, aGinf=94.00, aGt=70.00
2025-12-18 06:27:51,141: MaxHebb=0.27014, T=1.00, F=1.00, L=1.00, train_i=272300, total_steps=6807500
2025-12-18 06:27:51,141: it=272300, lxP=0.01, lxG=0.09, lxGt=18.80, lp=0.02, lg=2.00, aP=100.00, aGinf=91.00, aGt=68.00
2025-12-18 06:28:18,711: MaxHebb=0.26765, T=1.00, F=1.00, L=1.00, train_i=272400, total_steps=6810000
2025-12-18 06:28:18,711: it=272400, lxP=0.01, lxG=0.26, lxGt=21.11, lp=0.02, lg=1.96, aP=100.00, aGinf=97.00, aGt=72.00
2025-12-18 06:28:47,689: MaxHebb=0.26698, T=1.00, F=1.00, L=1.00, train_i=272500, total_steps=6812500
2025-12-18 06:28:47,689: it=272500, lxP=0.00, lxG=0.02, lxGt=19.78, lp=0.04, lg=2.04, aP=100.00, aGinf=89.25, aGt=63.50
2025-12-18 06:29:15,248: MaxHebb=0.27070, T=1.00, F=1.00, L=1.00, train_i=272600, total_steps=6815000
2025-12-18 06:29:15,248: it=272600, lxP=0.00, lxG=0.02, lxGt=22.40, lp=0.02, lg=2.01, aP=100.00, aGinf=93.25, aGt=65.50
2025-12-18 06:29:42,715: MaxHebb=0.26633, T=1.00, F=1.00, L=1.00, train_i=272700, total_steps=6817500
2025-12-18 06:29:42,715: it=272700, lxP=0.00, lxG=0.05, lxGt=18.48, lp=0.03, lg=2.01, aP=100.00, aGinf=93.75, aGt=66.25
2025-12-18 06:30:10,200: MaxHebb=0.27239, T=1.00, F=1.00, L=1.00, train_i=272800, total_steps=6820000
2025-12-18 06:30:10,200: it=272800, lxP=0.01, lxG=0.11, lxGt=21.67, lp=0.01, lg=1.98, aP=100.00, aGinf=95.00, aGt=67.25
2025-12-18 06:30:39,082: MaxHebb=0.26795, T=1.00, F=1.00, L=1.00, train_i=272900, total_steps=6822500
2025-12-18 06:30:39,082: it=272900, lxP=0.10, lxG=0.12, lxGt=20.56, lp=0.01, lg=1.99, aP=100.00, aGinf=90.00, aGt=67.25
2025-12-18 06:31:06,633: MaxHebb=0.26714, T=1.00, F=1.00, L=1.00, train_i=273000, total_steps=6825000
2025-12-18 06:31:06,633: it=273000, lxP=0.01, lxG=0.16, lxGt=19.10, lp=0.03, lg=1.97, aP=100.00, aGinf=85.75, aGt=61.50
2025-12-18 06:31:34,127: MaxHebb=0.27088, T=1.00, F=1.00, L=1.00, train_i=273100, total_steps=6827500
2025-12-18 06:31:34,127: it=273100, lxP=0.01, lxG=0.04, lxGt=18.03, lp=0.02, lg=1.97, aP=100.00, aGinf=90.00, aGt=68.00
2025-12-18 06:32:01,717: MaxHebb=0.26185, T=1.00, F=1.00, L=1.00, train_i=273200, total_steps=6830000
2025-12-18 06:32:01,717: it=273200, lxP=0.02, lxG=0.05, lxGt=21.59, lp=0.01, lg=1.94, aP=100.00, aGinf=85.50, aGt=61.00
2025-12-18 06:32:30,684: MaxHebb=0.27281, T=1.00, F=1.00, L=1.00, train_i=273300, total_steps=6832500
2025-12-18 06:32:30,684: it=273300, lxP=0.05, lxG=0.69, lxGt=19.23, lp=0.03, lg=1.94, aP=100.00, aGinf=85.25, aGt=63.25
2025-12-18 06:32:58,267: MaxHebb=0.26815, T=1.00, F=1.00, L=1.00, train_i=273400, total_steps=6835000
2025-12-18 06:32:58,267: it=273400, lxP=0.00, lxG=0.16, lxGt=19.14, lp=0.01, lg=1.94, aP=100.00, aGinf=89.75, aGt=67.75
2025-12-18 06:33:25,763: MaxHebb=0.26485, T=1.00, F=1.00, L=1.00, train_i=273500, total_steps=6837500
2025-12-18 06:33:25,763: it=273500, lxP=0.02, lxG=0.05, lxGt=16.57, lp=0.04, lg=1.96, aP=100.00, aGinf=88.00, aGt=64.75
2025-12-18 06:33:53,337: MaxHebb=0.26637, T=1.00, F=1.00, L=1.00, train_i=273600, total_steps=6840000
2025-12-18 06:33:53,337: it=273600, lxP=0.00, lxG=0.01, lxGt=20.47, lp=0.02, lg=1.97, aP=100.00, aGinf=88.75, aGt=66.75
2025-12-18 06:34:22,299: MaxHebb=0.26327, T=1.00, F=1.00, L=1.00, train_i=273700, total_steps=6842500
2025-12-18 06:34:22,300: it=273700, lxP=0.00, lxG=0.10, lxGt=21.29, lp=0.03, lg=1.99, aP=100.00, aGinf=90.00, aGt=62.25
2025-12-18 06:34:49,875: MaxHebb=0.26432, T=1.00, F=1.00, L=1.00, train_i=273800, total_steps=6845000
2025-12-18 06:34:49,875: it=273800, lxP=0.01, lxG=0.28, lxGt=18.20, lp=0.06, lg=1.94, aP=100.00, aGinf=86.25, aGt=62.25
2025-12-18 06:35:17,386: MaxHebb=0.26091, T=1.00, F=1.00, L=1.00, train_i=273900, total_steps=6847500
2025-12-18 06:35:17,386: it=273900, lxP=0.00, lxG=0.15, lxGt=20.49, lp=0.03, lg=1.99, aP=100.00, aGinf=87.25, aGt=61.00
2025-12-18 06:35:44,913: MaxHebb=0.26417, T=1.00, F=1.00, L=1.00, train_i=274000, total_steps=6850000
2025-12-18 06:35:44,913: it=274000, lxP=0.00, lxG=0.07, lxGt=21.33, lp=0.01, lg=1.98, aP=100.00, aGinf=94.25, aGt=68.00
2025-12-18 06:35:46,482: save data time 0.13, train_i=274000.00, total_steps=6850000.00
2025-12-18 06:36:14,128: MaxHebb=0.26982, T=1.00, F=1.00, L=1.00, train_i=274100, total_steps=6852500
2025-12-18 06:36:14,128: it=274100, lxP=0.01, lxG=0.21, lxGt=21.38, lp=0.02, lg=1.97, aP=100.00, aGinf=90.25, aGt=66.50
2025-12-18 06:36:41,633: MaxHebb=0.27110, T=1.00, F=1.00, L=1.00, train_i=274200, total_steps=6855000
2025-12-18 06:36:41,633: it=274200, lxP=0.01, lxG=0.24, lxGt=23.50, lp=0.03, lg=1.91, aP=100.00, aGinf=91.50, aGt=64.25
2025-12-18 06:37:09,119: MaxHebb=0.26956, T=1.00, F=1.00, L=1.00, train_i=274300, total_steps=6857500
2025-12-18 06:37:09,119: it=274300, lxP=0.01, lxG=0.13, lxGt=21.22, lp=0.03, lg=1.99, aP=100.00, aGinf=94.00, aGt=69.25
2025-12-18 06:37:36,641: MaxHebb=0.26637, T=1.00, F=1.00, L=1.00, train_i=274400, total_steps=6860000
2025-12-18 06:37:36,642: it=274400, lxP=0.00, lxG=0.02, lxGt=21.45, lp=0.02, lg=2.00, aP=100.00, aGinf=91.75, aGt=67.75
2025-12-18 06:38:05,705: MaxHebb=0.26667, T=1.00, F=1.00, L=1.00, train_i=274500, total_steps=6862500
2025-12-18 06:38:05,705: it=274500, lxP=0.01, lxG=0.23, lxGt=21.69, lp=0.03, lg=1.96, aP=100.00, aGinf=88.00, aGt=63.50
2025-12-18 06:38:33,238: MaxHebb=0.26377, T=1.00, F=1.00, L=1.00, train_i=274600, total_steps=6865000
2025-12-18 06:38:33,238: it=274600, lxP=0.00, lxG=0.03, lxGt=20.97, lp=0.01, lg=1.97, aP=100.00, aGinf=91.75, aGt=65.75
2025-12-18 06:39:00,746: MaxHebb=0.26176, T=1.00, F=1.00, L=1.00, train_i=274700, total_steps=6867500
2025-12-18 06:39:00,746: it=274700, lxP=0.00, lxG=0.16, lxGt=19.83, lp=0.03, lg=1.97, aP=100.00, aGinf=90.50, aGt=66.00
2025-12-18 06:39:28,345: MaxHebb=0.26618, T=1.00, F=1.00, L=1.00, train_i=274800, total_steps=6870000
2025-12-18 06:39:28,345: it=274800, lxP=0.10, lxG=0.22, lxGt=20.43, lp=0.01, lg=1.93, aP=100.00, aGinf=92.50, aGt=68.25
2025-12-18 06:39:57,338: MaxHebb=0.26775, T=1.00, F=1.00, L=1.00, train_i=274900, total_steps=6872500
2025-12-18 06:39:57,338: it=274900, lxP=0.00, lxG=0.03, lxGt=21.89, lp=0.03, lg=1.98, aP=100.00, aGinf=89.00, aGt=65.75
2025-12-18 06:40:24,891: MaxHebb=0.26089, T=1.00, F=1.00, L=1.00, train_i=275000, total_steps=6875000
2025-12-18 06:40:24,892: it=275000, lxP=0.02, lxG=0.12, lxGt=19.74, lp=0.01, lg=1.94, aP=100.00, aGinf=88.25, aGt=64.75
2025-12-18 06:40:52,439: MaxHebb=0.26064, T=1.00, F=1.00, L=1.00, train_i=275100, total_steps=6877500
2025-12-18 06:40:52,439: it=275100, lxP=0.00, lxG=0.09, lxGt=19.45, lp=0.03, lg=1.99, aP=100.00, aGinf=88.75, aGt=65.75
2025-12-18 06:41:19,921: MaxHebb=0.26514, T=1.00, F=1.00, L=1.00, train_i=275200, total_steps=6880000
2025-12-18 06:41:19,921: it=275200, lxP=0.01, lxG=0.05, lxGt=20.02, lp=0.02, lg=1.95, aP=100.00, aGinf=88.25, aGt=65.25
2025-12-18 06:41:48,887: MaxHebb=0.26263, T=1.00, F=1.00, L=1.00, train_i=275300, total_steps=6882500
2025-12-18 06:41:48,888: it=275300, lxP=0.03, lxG=0.08, lxGt=20.46, lp=0.03, lg=1.96, aP=100.00, aGinf=89.00, aGt=65.75
2025-12-18 06:42:16,463: MaxHebb=0.26575, T=1.00, F=1.00, L=1.00, train_i=275400, total_steps=6885000
2025-12-18 06:42:16,463: it=275400, lxP=0.01, lxG=0.06, lxGt=23.28, lp=0.04, lg=1.96, aP=100.00, aGinf=89.25, aGt=62.00
2025-12-18 06:42:43,969: MaxHebb=0.25963, T=1.00, F=1.00, L=1.00, train_i=275500, total_steps=6887500
2025-12-18 06:42:43,969: it=275500, lxP=0.00, lxG=0.03, lxGt=21.27, lp=0.03, lg=2.01, aP=100.00, aGinf=90.50, aGt=67.50
2025-12-18 06:43:11,538: MaxHebb=0.26459, T=1.00, F=1.00, L=1.00, train_i=275600, total_steps=6890000
2025-12-18 06:43:11,538: it=275600, lxP=0.00, lxG=0.00, lxGt=20.18, lp=0.02, lg=2.03, aP=100.00, aGinf=87.25, aGt=62.25
2025-12-18 06:43:40,523: MaxHebb=0.26152, T=1.00, F=1.00, L=1.00, train_i=275700, total_steps=6892500
2025-12-18 06:43:40,524: it=275700, lxP=0.01, lxG=0.04, lxGt=22.73, lp=0.01, lg=1.98, aP=100.00, aGinf=91.50, aGt=64.25
2025-12-18 06:44:08,065: MaxHebb=0.26108, T=1.00, F=1.00, L=1.00, train_i=275800, total_steps=6895000
2025-12-18 06:44:08,065: it=275800, lxP=0.00, lxG=0.32, lxGt=21.66, lp=0.01, lg=1.98, aP=100.00, aGinf=93.25, aGt=65.25
2025-12-18 06:44:35,636: MaxHebb=0.26299, T=1.00, F=1.00, L=1.00, train_i=275900, total_steps=6897500
2025-12-18 06:44:35,636: it=275900, lxP=0.09, lxG=0.05, lxGt=16.37, lp=0.02, lg=1.94, aP=100.00, aGinf=91.75, aGt=70.25
2025-12-18 06:45:03,229: MaxHebb=0.26707, T=1.00, F=1.00, L=1.00, train_i=276000, total_steps=6900000
2025-12-18 06:45:03,229: it=276000, lxP=0.00, lxG=0.07, lxGt=22.37, lp=0.04, lg=2.03, aP=100.00, aGinf=89.50, aGt=63.50
2025-12-18 06:45:04,779: save data time 0.12, train_i=276000.00, total_steps=6900000.00
2025-12-18 06:45:32,246: MaxHebb=0.25566, T=1.00, F=1.00, L=1.00, train_i=276100, total_steps=6902500
2025-12-18 06:45:32,246: it=276100, lxP=0.01, lxG=0.09, lxGt=20.24, lp=0.02, lg=1.96, aP=100.00, aGinf=90.50, aGt=67.00
2025-12-18 06:45:59,835: MaxHebb=0.25724, T=1.00, F=1.00, L=1.00, train_i=276200, total_steps=6905000
2025-12-18 06:45:59,835: it=276200, lxP=0.00, lxG=0.03, lxGt=17.81, lp=0.02, lg=1.97, aP=100.00, aGinf=88.50, aGt=65.25
2025-12-18 06:46:27,447: MaxHebb=0.25897, T=1.00, F=1.00, L=1.00, train_i=276300, total_steps=6907500
2025-12-18 06:46:27,447: it=276300, lxP=0.00, lxG=0.07, lxGt=19.91, lp=0.02, lg=1.99, aP=100.00, aGinf=90.25, aGt=64.25
2025-12-18 06:46:55,004: MaxHebb=0.26039, T=1.00, F=1.00, L=1.00, train_i=276400, total_steps=6910000
2025-12-18 06:46:55,004: it=276400, lxP=0.00, lxG=0.05, lxGt=20.97, lp=0.01, lg=1.98, aP=100.00, aGinf=93.25, aGt=67.75
2025-12-18 06:47:23,982: MaxHebb=0.25742, T=1.00, F=1.00, L=1.00, train_i=276500, total_steps=6912500
2025-12-18 06:47:23,982: it=276500, lxP=0.01, lxG=0.09, lxGt=18.97, lp=0.02, lg=2.00, aP=100.00, aGinf=89.75, aGt=66.75
2025-12-18 06:47:51,499: MaxHebb=0.26194, T=1.00, F=1.00, L=1.00, train_i=276600, total_steps=6915000
2025-12-18 06:47:51,499: it=276600, lxP=0.01, lxG=0.12, lxGt=20.90, lp=0.01, lg=1.99, aP=100.00, aGinf=92.75, aGt=68.50
2025-12-18 06:48:19,039: MaxHebb=0.25748, T=1.00, F=1.00, L=1.00, train_i=276700, total_steps=6917500
2025-12-18 06:48:19,040: it=276700, lxP=0.01, lxG=0.11, lxGt=21.56, lp=0.01, lg=1.98, aP=100.00, aGinf=95.75, aGt=72.50
2025-12-18 06:48:46,528: MaxHebb=0.26251, T=1.00, F=1.00, L=1.00, train_i=276800, total_steps=6920000
2025-12-18 06:48:46,528: it=276800, lxP=0.03, lxG=0.35, lxGt=21.19, lp=0.01, lg=1.95, aP=100.00, aGinf=95.50, aGt=67.75
2025-12-18 06:49:15,475: MaxHebb=0.26393, T=1.00, F=1.00, L=1.00, train_i=276900, total_steps=6922500
2025-12-18 06:49:15,476: it=276900, lxP=0.00, lxG=0.01, lxGt=21.91, lp=0.01, lg=2.00, aP=100.00, aGinf=94.00, aGt=69.00
2025-12-18 06:49:42,940: MaxHebb=0.26670, T=1.00, F=1.00, L=1.00, train_i=277000, total_steps=6925000
2025-12-18 06:49:42,940: it=277000, lxP=0.01, lxG=0.13, lxGt=19.01, lp=0.03, lg=1.97, aP=100.00, aGinf=90.75, aGt=65.75
2025-12-18 06:50:10,386: MaxHebb=0.26825, T=1.00, F=1.00, L=1.00, train_i=277100, total_steps=6927500
2025-12-18 06:50:10,386: it=277100, lxP=0.00, lxG=0.01, lxGt=20.74, lp=0.01, lg=1.96, aP=100.00, aGinf=92.25, aGt=69.25
2025-12-18 06:50:37,875: MaxHebb=0.26770, T=1.00, F=1.00, L=1.00, train_i=277200, total_steps=6930000
2025-12-18 06:50:37,875: it=277200, lxP=0.01, lxG=0.10, lxGt=20.81, lp=0.02, lg=1.96, aP=100.00, aGinf=88.00, aGt=66.00
2025-12-18 06:51:06,796: MaxHebb=0.26659, T=1.00, F=1.00, L=1.00, train_i=277300, total_steps=6932500
2025-12-18 06:51:06,796: it=277300, lxP=0.01, lxG=0.09, lxGt=18.60, lp=0.02, lg=1.96, aP=100.00, aGinf=88.75, aGt=64.00
2025-12-18 06:51:34,301: MaxHebb=0.26405, T=1.00, F=1.00, L=1.00, train_i=277400, total_steps=6935000
2025-12-18 06:51:34,301: it=277400, lxP=0.01, lxG=0.33, lxGt=23.68, lp=0.02, lg=1.92, aP=100.00, aGinf=94.50, aGt=67.50
2025-12-18 06:52:01,841: MaxHebb=0.26335, T=1.00, F=1.00, L=1.00, train_i=277500, total_steps=6937500
2025-12-18 06:52:01,841: it=277500, lxP=0.00, lxG=0.01, lxGt=25.27, lp=0.01, lg=1.98, aP=100.00, aGinf=89.00, aGt=62.00
2025-12-18 06:52:29,382: MaxHebb=0.26684, T=1.00, F=1.00, L=1.00, train_i=277600, total_steps=6940000
2025-12-18 06:52:29,382: it=277600, lxP=0.01, lxG=0.29, lxGt=17.69, lp=0.01, lg=1.95, aP=100.00, aGinf=89.25, aGt=68.00
2025-12-18 06:52:58,311: MaxHebb=0.27236, T=1.00, F=1.00, L=1.00, train_i=277700, total_steps=6942500
2025-12-18 06:52:58,311: it=277700, lxP=0.00, lxG=0.51, lxGt=24.38, lp=0.01, lg=1.99, aP=100.00, aGinf=90.00, aGt=66.25
2025-12-18 06:53:25,847: MaxHebb=0.26111, T=1.00, F=1.00, L=1.00, train_i=277800, total_steps=6945000
2025-12-18 06:53:25,847: it=277800, lxP=0.01, lxG=0.08, lxGt=25.47, lp=0.01, lg=1.98, aP=100.00, aGinf=91.75, aGt=66.00
2025-12-18 06:53:53,431: MaxHebb=0.26298, T=1.00, F=1.00, L=1.00, train_i=277900, total_steps=6947500
2025-12-18 06:53:53,431: it=277900, lxP=0.02, lxG=0.33, lxGt=18.89, lp=0.03, lg=1.99, aP=100.00, aGinf=85.00, aGt=62.75
2025-12-18 06:54:20,878: MaxHebb=0.26327, T=1.00, F=1.00, L=1.00, train_i=278000, total_steps=6950000
2025-12-18 06:54:20,878: it=278000, lxP=0.01, lxG=0.18, lxGt=21.75, lp=0.02, lg=1.97, aP=100.00, aGinf=93.25, aGt=66.25
2025-12-18 06:54:22,451: save data time 0.12, train_i=278000.00, total_steps=6950000.00
2025-12-18 06:54:50,051: MaxHebb=0.26192, T=1.00, F=1.00, L=1.00, train_i=278100, total_steps=6952500
2025-12-18 06:54:50,051: it=278100, lxP=0.00, lxG=0.04, lxGt=19.86, lp=0.02, lg=1.98, aP=100.00, aGinf=87.75, aGt=64.25
2025-12-18 06:55:17,595: MaxHebb=0.26408, T=1.00, F=1.00, L=1.00, train_i=278200, total_steps=6955000
2025-12-18 06:55:17,595: it=278200, lxP=0.00, lxG=0.03, lxGt=23.52, lp=0.01, lg=1.98, aP=100.00, aGinf=94.00, aGt=70.00
2025-12-18 06:55:45,161: MaxHebb=0.26283, T=1.00, F=1.00, L=1.00, train_i=278300, total_steps=6957500
2025-12-18 06:55:45,161: it=278300, lxP=0.03, lxG=0.19, lxGt=18.30, lp=0.02, lg=1.95, aP=100.00, aGinf=86.00, aGt=66.50
2025-12-18 06:56:12,719: MaxHebb=0.26283, T=1.00, F=1.00, L=1.00, train_i=278400, total_steps=6960000
2025-12-18 06:56:12,719: it=278400, lxP=0.02, lxG=0.06, lxGt=19.14, lp=0.03, lg=1.99, aP=100.00, aGinf=87.50, aGt=67.50
2025-12-18 06:56:41,673: MaxHebb=0.26210, T=1.00, F=1.00, L=1.00, train_i=278500, total_steps=6962500
2025-12-18 06:56:41,673: it=278500, lxP=0.02, lxG=1.16, lxGt=22.47, lp=0.01, lg=1.96, aP=100.00, aGinf=90.75, aGt=68.00
2025-12-18 06:57:09,181: MaxHebb=0.25886, T=1.00, F=1.00, L=1.00, train_i=278600, total_steps=6965000
2025-12-18 06:57:09,181: it=278600, lxP=0.02, lxG=0.71, lxGt=21.87, lp=0.02, lg=1.99, aP=100.00, aGinf=94.75, aGt=69.75
2025-12-18 06:57:36,673: MaxHebb=0.26520, T=1.00, F=1.00, L=1.00, train_i=278700, total_steps=6967500
2025-12-18 06:57:36,674: it=278700, lxP=0.02, lxG=0.86, lxGt=20.92, lp=0.01, lg=1.96, aP=100.00, aGinf=85.50, aGt=62.25
2025-12-18 06:58:04,209: MaxHebb=0.26044, T=1.00, F=1.00, L=1.00, train_i=278800, total_steps=6970000
2025-12-18 06:58:04,209: it=278800, lxP=0.00, lxG=0.16, lxGt=21.51, lp=0.01, lg=1.96, aP=100.00, aGinf=95.50, aGt=69.75
2025-12-18 06:58:33,191: MaxHebb=0.26704, T=1.00, F=1.00, L=1.00, train_i=278900, total_steps=6972500
2025-12-18 06:58:33,191: it=278900, lxP=0.02, lxG=0.50, lxGt=19.57, lp=0.03, lg=1.97, aP=100.00, aGinf=86.25, aGt=65.50
2025-12-18 06:59:00,779: MaxHebb=0.26094, T=1.00, F=1.00, L=1.00, train_i=279000, total_steps=6975000
2025-12-18 06:59:00,780: it=279000, lxP=0.00, lxG=0.11, lxGt=26.60, lp=0.01, lg=2.00, aP=100.00, aGinf=90.50, aGt=63.00
2025-12-18 06:59:28,309: MaxHebb=0.26594, T=1.00, F=1.00, L=1.00, train_i=279100, total_steps=6977500
2025-12-18 06:59:28,310: it=279100, lxP=0.04, lxG=0.03, lxGt=24.82, lp=0.03, lg=1.98, aP=100.00, aGinf=90.25, aGt=65.50
2025-12-18 06:59:55,799: MaxHebb=0.26298, T=1.00, F=1.00, L=1.00, train_i=279200, total_steps=6980000
2025-12-18 06:59:55,799: it=279200, lxP=0.01, lxG=0.03, lxGt=20.29, lp=0.03, lg=2.01, aP=100.00, aGinf=89.50, aGt=65.25
2025-12-18 07:00:24,746: MaxHebb=0.25502, T=1.00, F=1.00, L=1.00, train_i=279300, total_steps=6982500
2025-12-18 07:00:24,747: it=279300, lxP=0.00, lxG=0.08, lxGt=20.53, lp=0.01, lg=1.98, aP=100.00, aGinf=86.50, aGt=62.25
2025-12-18 07:00:52,285: MaxHebb=0.26385, T=1.00, F=1.00, L=1.00, train_i=279400, total_steps=6985000
2025-12-18 07:00:52,285: it=279400, lxP=0.00, lxG=0.24, lxGt=18.57, lp=0.01, lg=1.99, aP=100.00, aGinf=92.00, aGt=68.25
2025-12-18 07:01:19,878: MaxHebb=0.26268, T=1.00, F=1.00, L=1.00, train_i=279500, total_steps=6987500
2025-12-18 07:01:19,878: it=279500, lxP=0.05, lxG=0.07, lxGt=25.31, lp=0.01, lg=1.99, aP=100.00, aGinf=91.50, aGt=68.00
2025-12-18 07:01:47,386: MaxHebb=0.26336, T=1.00, F=1.00, L=1.00, train_i=279600, total_steps=6990000
2025-12-18 07:01:47,386: it=279600, lxP=0.00, lxG=0.05, lxGt=21.01, lp=0.02, lg=2.03, aP=100.00, aGinf=91.00, aGt=65.75
2025-12-18 07:02:16,350: MaxHebb=0.26360, T=1.00, F=1.00, L=1.00, train_i=279700, total_steps=6992500
2025-12-18 07:02:16,350: it=279700, lxP=0.00, lxG=0.25, lxGt=22.54, lp=0.04, lg=2.07, aP=100.00, aGinf=90.75, aGt=67.00
2025-12-18 07:02:43,826: MaxHebb=0.25925, T=1.00, F=1.00, L=1.00, train_i=279800, total_steps=6995000
2025-12-18 07:02:43,826: it=279800, lxP=0.00, lxG=0.17, lxGt=23.91, lp=0.02, lg=2.01, aP=100.00, aGinf=90.75, aGt=61.50
2025-12-18 07:03:11,277: MaxHebb=0.26257, T=1.00, F=1.00, L=1.00, train_i=279900, total_steps=6997500
2025-12-18 07:03:11,278: it=279900, lxP=0.00, lxG=0.43, lxGt=22.59, lp=0.03, lg=2.02, aP=100.00, aGinf=92.25, aGt=65.50
2025-12-18 07:03:38,742: MaxHebb=0.25897, T=1.00, F=1.00, L=1.00, train_i=280000, total_steps=7000000
2025-12-18 07:03:38,742: it=280000, lxP=0.02, lxG=0.15, lxGt=20.90, lp=0.02, lg=2.01, aP=100.00, aGinf=93.00, aGt=66.25
2025-12-18 07:03:40,305: save data time 0.11, train_i=280000.00, total_steps=7000000.00
2025-12-18 07:04:07,781: MaxHebb=0.26180, T=1.00, F=1.00, L=1.00, train_i=280100, total_steps=7002500
2025-12-18 07:04:07,781: it=280100, lxP=0.00, lxG=0.01, lxGt=20.22, lp=0.02, lg=2.02, aP=100.00, aGinf=94.25, aGt=67.75
2025-12-18 07:04:35,234: MaxHebb=0.26681, T=1.00, F=1.00, L=1.00, train_i=280200, total_steps=7005000
2025-12-18 07:04:35,234: it=280200, lxP=0.00, lxG=0.07, lxGt=21.56, lp=0.01, lg=1.99, aP=100.00, aGinf=94.75, aGt=70.00
2025-12-18 07:05:02,689: MaxHebb=0.26286, T=1.00, F=1.00, L=1.00, train_i=280300, total_steps=7007500
2025-12-18 07:05:02,689: it=280300, lxP=0.00, lxG=0.08, lxGt=22.78, lp=0.01, lg=2.01, aP=100.00, aGinf=90.25, aGt=64.00
2025-12-18 07:05:30,155: MaxHebb=0.25820, T=1.00, F=1.00, L=1.00, train_i=280400, total_steps=7010000
2025-12-18 07:05:30,155: it=280400, lxP=0.00, lxG=0.05, lxGt=21.87, lp=0.02, lg=2.02, aP=100.00, aGinf=92.75, aGt=67.50
2025-12-18 07:05:59,117: MaxHebb=0.25723, T=1.00, F=1.00, L=1.00, train_i=280500, total_steps=7012500
2025-12-18 07:05:59,117: it=280500, lxP=0.00, lxG=0.02, lxGt=22.92, lp=0.03, lg=2.00, aP=100.00, aGinf=93.25, aGt=69.50
2025-12-18 07:06:26,610: MaxHebb=0.26266, T=1.00, F=1.00, L=1.00, train_i=280600, total_steps=7015000
2025-12-18 07:06:26,610: it=280600, lxP=0.00, lxG=0.86, lxGt=18.83, lp=0.02, lg=2.00, aP=100.00, aGinf=90.75, aGt=68.25
2025-12-18 07:06:54,110: MaxHebb=0.26145, T=1.00, F=1.00, L=1.00, train_i=280700, total_steps=7017500
2025-12-18 07:06:54,110: it=280700, lxP=0.01, lxG=0.04, lxGt=21.99, lp=0.03, lg=1.96, aP=100.00, aGinf=94.50, aGt=63.25
2025-12-18 07:07:21,615: MaxHebb=0.26311, T=1.00, F=1.00, L=1.00, train_i=280800, total_steps=7020000
2025-12-18 07:07:21,615: it=280800, lxP=0.01, lxG=0.18, lxGt=20.25, lp=0.01, lg=1.99, aP=100.00, aGinf=93.25, aGt=66.25
2025-12-18 07:07:50,476: MaxHebb=0.26584, T=1.00, F=1.00, L=1.00, train_i=280900, total_steps=7022500
2025-12-18 07:07:50,476: it=280900, lxP=0.02, lxG=0.15, lxGt=17.01, lp=0.02, lg=1.95, aP=100.00, aGinf=90.50, aGt=65.75
2025-12-18 07:08:17,872: MaxHebb=0.26330, T=1.00, F=1.00, L=1.00, train_i=281000, total_steps=7025000
2025-12-18 07:08:17,872: it=281000, lxP=0.01, lxG=0.20, lxGt=22.61, lp=0.02, lg=1.96, aP=100.00, aGinf=94.75, aGt=67.75
2025-12-18 07:08:45,398: MaxHebb=0.25546, T=1.00, F=1.00, L=1.00, train_i=281100, total_steps=7027500
2025-12-18 07:08:45,398: it=281100, lxP=0.01, lxG=0.17, lxGt=18.72, lp=0.02, lg=1.99, aP=100.00, aGinf=89.25, aGt=66.00
2025-12-18 07:09:12,925: MaxHebb=0.25832, T=1.00, F=1.00, L=1.00, train_i=281200, total_steps=7030000
2025-12-18 07:09:12,925: it=281200, lxP=0.00, lxG=0.03, lxGt=21.26, lp=0.03, lg=2.02, aP=100.00, aGinf=90.50, aGt=65.00
2025-12-18 07:09:41,817: MaxHebb=0.26012, T=1.00, F=1.00, L=1.00, train_i=281300, total_steps=7032500
2025-12-18 07:09:41,817: it=281300, lxP=0.00, lxG=0.59, lxGt=22.45, lp=0.01, lg=1.98, aP=100.00, aGinf=94.25, aGt=68.75
2025-12-18 07:10:09,348: MaxHebb=0.26463, T=1.00, F=1.00, L=1.00, train_i=281400, total_steps=7035000
2025-12-18 07:10:09,348: it=281400, lxP=0.00, lxG=0.01, lxGt=24.16, lp=0.01, lg=1.99, aP=100.00, aGinf=93.75, aGt=64.50
2025-12-18 07:10:36,906: MaxHebb=0.26169, T=1.00, F=1.00, L=1.00, train_i=281500, total_steps=7037500
2025-12-18 07:10:36,906: it=281500, lxP=0.01, lxG=0.03, lxGt=20.87, lp=0.02, lg=1.98, aP=100.00, aGinf=88.50, aGt=65.00
2025-12-18 07:11:04,318: MaxHebb=0.26436, T=1.00, F=1.00, L=1.00, train_i=281600, total_steps=7040000
2025-12-18 07:11:04,318: it=281600, lxP=0.01, lxG=0.59, lxGt=22.15, lp=0.03, lg=1.97, aP=100.00, aGinf=89.50, aGt=57.25
2025-12-18 07:11:33,341: MaxHebb=0.26009, T=1.00, F=1.00, L=1.00, train_i=281700, total_steps=7042500
2025-12-18 07:11:33,341: it=281700, lxP=0.08, lxG=0.28, lxGt=21.04, lp=0.02, lg=1.98, aP=100.00, aGinf=92.50, aGt=67.25
2025-12-18 07:12:00,864: MaxHebb=0.25703, T=1.00, F=1.00, L=1.00, train_i=281800, total_steps=7045000
2025-12-18 07:12:00,864: it=281800, lxP=0.01, lxG=1.61, lxGt=18.51, lp=0.02, lg=1.99, aP=100.00, aGinf=90.00, aGt=67.75
2025-12-18 07:12:28,408: MaxHebb=0.26740, T=1.00, F=1.00, L=1.00, train_i=281900, total_steps=7047500
2025-12-18 07:12:28,408: it=281900, lxP=0.01, lxG=0.15, lxGt=19.65, lp=0.02, lg=1.96, aP=100.00, aGinf=90.75, aGt=66.50
2025-12-18 07:12:55,874: MaxHebb=0.26682, T=1.00, F=1.00, L=1.00, train_i=282000, total_steps=7050000
2025-12-18 07:12:55,874: it=282000, lxP=0.00, lxG=0.01, lxGt=19.94, lp=0.01, lg=2.02, aP=100.00, aGinf=95.75, aGt=73.00
2025-12-18 07:12:57,437: save data time 0.11, train_i=282000.00, total_steps=7050000.00
2025-12-18 07:13:25,036: MaxHebb=0.25612, T=1.00, F=1.00, L=1.00, train_i=282100, total_steps=7052500
2025-12-18 07:13:25,037: it=282100, lxP=0.00, lxG=0.56, lxGt=19.80, lp=0.01, lg=2.01, aP=100.00, aGinf=91.75, aGt=64.00
2025-12-18 07:13:52,640: MaxHebb=0.25833, T=1.00, F=1.00, L=1.00, train_i=282200, total_steps=7055000
2025-12-18 07:13:52,640: it=282200, lxP=0.00, lxG=0.06, lxGt=19.17, lp=0.05, lg=1.99, aP=100.00, aGinf=83.50, aGt=57.75
2025-12-18 07:14:20,471: MaxHebb=0.25565, T=1.00, F=1.00, L=1.00, train_i=282300, total_steps=7057500
2025-12-18 07:14:20,472: it=282300, lxP=0.00, lxG=0.24, lxGt=20.58, lp=0.04, lg=2.00, aP=100.00, aGinf=91.00, aGt=66.00
2025-12-18 07:14:48,202: MaxHebb=0.25751, T=1.00, F=1.00, L=1.00, train_i=282400, total_steps=7060000
2025-12-18 07:14:48,202: it=282400, lxP=0.00, lxG=0.03, lxGt=19.18, lp=0.03, lg=2.00, aP=100.00, aGinf=89.25, aGt=66.25
2025-12-18 07:15:17,274: MaxHebb=0.26397, T=1.00, F=1.00, L=1.00, train_i=282500, total_steps=7062500
2025-12-18 07:15:17,274: it=282500, lxP=0.00, lxG=0.01, lxGt=23.69, lp=0.02, lg=2.02, aP=100.00, aGinf=91.75, aGt=65.25
2025-12-18 07:15:44,897: MaxHebb=0.26420, T=1.00, F=1.00, L=1.00, train_i=282600, total_steps=7065000
2025-12-18 07:15:44,897: it=282600, lxP=0.00, lxG=0.08, lxGt=21.86, lp=0.02, lg=2.03, aP=100.00, aGinf=92.25, aGt=63.25
2025-12-18 07:16:12,479: MaxHebb=0.25866, T=1.00, F=1.00, L=1.00, train_i=282700, total_steps=7067500
2025-12-18 07:16:12,479: it=282700, lxP=0.04, lxG=0.18, lxGt=17.02, lp=0.05, lg=1.99, aP=100.00, aGinf=86.75, aGt=60.50
2025-12-18 07:16:40,133: MaxHebb=0.26088, T=1.00, F=1.00, L=1.00, train_i=282800, total_steps=7070000
2025-12-18 07:16:40,133: it=282800, lxP=0.02, lxG=0.04, lxGt=21.08, lp=0.01, lg=1.99, aP=100.00, aGinf=89.75, aGt=62.75
2025-12-18 07:17:09,370: MaxHebb=0.25460, T=1.00, F=1.00, L=1.00, train_i=282900, total_steps=7072500
2025-12-18 07:17:09,370: it=282900, lxP=0.00, lxG=0.11, lxGt=20.57, lp=0.01, lg=1.97, aP=100.00, aGinf=94.50, aGt=68.00
2025-12-18 07:17:37,188: MaxHebb=0.26222, T=1.00, F=1.00, L=1.00, train_i=283000, total_steps=7075000
2025-12-18 07:17:37,188: it=283000, lxP=0.00, lxG=0.01, lxGt=23.80, lp=0.01, lg=1.97, aP=100.00, aGinf=93.00, aGt=68.25
2025-12-18 07:18:04,899: MaxHebb=0.25431, T=1.00, F=1.00, L=1.00, train_i=283100, total_steps=7077500
2025-12-18 07:18:04,900: it=283100, lxP=0.00, lxG=0.01, lxGt=21.53, lp=0.03, lg=2.01, aP=100.00, aGinf=89.25, aGt=64.50
2025-12-18 07:18:32,548: MaxHebb=0.26033, T=1.00, F=1.00, L=1.00, train_i=283200, total_steps=7080000
2025-12-18 07:18:32,548: it=283200, lxP=0.01, lxG=0.07, lxGt=21.97, lp=0.01, lg=1.95, aP=100.00, aGinf=97.75, aGt=71.50
2025-12-18 07:19:01,662: MaxHebb=0.26008, T=1.00, F=1.00, L=1.00, train_i=283300, total_steps=7082500
2025-12-18 07:19:01,662: it=283300, lxP=0.00, lxG=0.06, lxGt=17.98, lp=0.01, lg=1.93, aP=100.00, aGinf=91.50, aGt=68.00
2025-12-18 07:19:29,351: MaxHebb=0.26041, T=1.00, F=1.00, L=1.00, train_i=283400, total_steps=7085000
2025-12-18 07:19:29,351: it=283400, lxP=0.00, lxG=0.01, lxGt=21.96, lp=0.01, lg=1.97, aP=100.00, aGinf=90.25, aGt=64.50
2025-12-18 07:19:57,107: MaxHebb=0.25954, T=1.00, F=1.00, L=1.00, train_i=283500, total_steps=7087500
2025-12-18 07:19:57,107: it=283500, lxP=0.00, lxG=0.02, lxGt=18.40, lp=0.02, lg=1.96, aP=100.00, aGinf=91.25, aGt=68.50
2025-12-18 07:20:24,818: MaxHebb=0.25902, T=1.00, F=1.00, L=1.00, train_i=283600, total_steps=7090000
2025-12-18 07:20:24,818: it=283600, lxP=0.01, lxG=0.15, lxGt=15.32, lp=0.03, lg=1.98, aP=100.00, aGinf=86.50, aGt=63.75
2025-12-18 07:20:54,133: MaxHebb=0.25314, T=1.00, F=1.00, L=1.00, train_i=283700, total_steps=7092500
2025-12-18 07:20:54,134: it=283700, lxP=0.00, lxG=0.03, lxGt=25.05, lp=0.02, lg=2.01, aP=100.00, aGinf=88.50, aGt=66.50
2025-12-18 07:21:21,888: MaxHebb=0.25505, T=1.00, F=1.00, L=1.00, train_i=283800, total_steps=7095000
2025-12-18 07:21:21,888: it=283800, lxP=0.00, lxG=0.11, lxGt=21.98, lp=0.02, lg=1.96, aP=100.00, aGinf=86.75, aGt=61.00
2025-12-18 07:21:49,567: MaxHebb=0.25788, T=1.00, F=1.00, L=1.00, train_i=283900, total_steps=7097500
2025-12-18 07:21:49,567: it=283900, lxP=0.00, lxG=0.05, lxGt=23.80, lp=0.01, lg=1.98, aP=100.00, aGinf=97.00, aGt=69.25
2025-12-18 07:22:17,315: MaxHebb=0.25452, T=1.00, F=1.00, L=1.00, train_i=284000, total_steps=7100000
2025-12-18 07:22:17,316: it=284000, lxP=0.00, lxG=0.04, lxGt=20.63, lp=0.01, lg=1.98, aP=100.00, aGinf=91.50, aGt=66.50
2025-12-18 07:22:18,873: save data time 0.11, train_i=284000.00, total_steps=7100000.00
2025-12-18 07:22:46,564: MaxHebb=0.24940, T=1.00, F=1.00, L=1.00, train_i=284100, total_steps=7102500
2025-12-18 07:22:46,564: it=284100, lxP=0.00, lxG=0.06, lxGt=21.89, lp=0.01, lg=2.04, aP=100.00, aGinf=86.25, aGt=63.50
2025-12-18 07:23:14,226: MaxHebb=0.25375, T=1.00, F=1.00, L=1.00, train_i=284200, total_steps=7105000
2025-12-18 07:23:14,226: it=284200, lxP=0.00, lxG=0.01, lxGt=19.77, lp=0.02, lg=2.03, aP=100.00, aGinf=95.00, aGt=72.25
2025-12-18 07:23:41,895: MaxHebb=0.26141, T=1.00, F=1.00, L=1.00, train_i=284300, total_steps=7107500
2025-12-18 07:23:41,895: it=284300, lxP=0.01, lxG=0.07, lxGt=19.93, lp=0.01, lg=1.98, aP=100.00, aGinf=94.25, aGt=70.00
2025-12-18 07:24:09,585: MaxHebb=0.27611, T=1.00, F=1.00, L=1.00, train_i=284400, total_steps=7110000
2025-12-18 07:24:09,585: it=284400, lxP=0.00, lxG=0.04, lxGt=19.61, lp=0.01, lg=1.99, aP=100.00, aGinf=97.25, aGt=72.00
2025-12-18 07:24:38,650: MaxHebb=0.27481, T=1.00, F=1.00, L=1.00, train_i=284500, total_steps=7112500
2025-12-18 07:24:38,650: it=284500, lxP=0.00, lxG=0.06, lxGt=22.41, lp=0.01, lg=1.97, aP=100.00, aGinf=92.00, aGt=66.25
2025-12-18 07:25:06,355: MaxHebb=0.25914, T=1.00, F=1.00, L=1.00, train_i=284600, total_steps=7115000
2025-12-18 07:25:06,355: it=284600, lxP=0.00, lxG=0.16, lxGt=22.09, lp=0.02, lg=1.98, aP=100.00, aGinf=92.75, aGt=67.00
2025-12-18 07:25:34,101: MaxHebb=0.25911, T=1.00, F=1.00, L=1.00, train_i=284700, total_steps=7117500
2025-12-18 07:25:34,101: it=284700, lxP=0.00, lxG=1.42, lxGt=22.55, lp=0.05, lg=1.99, aP=100.00, aGinf=91.00, aGt=70.00
2025-12-18 07:26:01,707: MaxHebb=0.27087, T=1.00, F=1.00, L=1.00, train_i=284800, total_steps=7120000
2025-12-18 07:26:01,707: it=284800, lxP=0.00, lxG=0.00, lxGt=24.83, lp=0.01, lg=1.99, aP=100.00, aGinf=95.25, aGt=71.50
2025-12-18 07:26:30,918: MaxHebb=0.26986, T=1.00, F=1.00, L=1.00, train_i=284900, total_steps=7122500
2025-12-18 07:26:30,918: it=284900, lxP=0.00, lxG=0.08, lxGt=18.93, lp=0.03, lg=1.97, aP=100.00, aGinf=91.25, aGt=61.25
2025-12-18 07:26:58,592: MaxHebb=0.25967, T=1.00, F=1.00, L=1.00, train_i=285000, total_steps=7125000
2025-12-18 07:26:58,592: it=285000, lxP=0.00, lxG=0.05, lxGt=20.11, lp=0.01, lg=1.96, aP=100.00, aGinf=93.00, aGt=69.50
2025-12-18 07:27:26,312: MaxHebb=0.25411, T=1.00, F=1.00, L=1.00, train_i=285100, total_steps=7127500
2025-12-18 07:27:26,312: it=285100, lxP=0.01, lxG=0.46, lxGt=19.71, lp=0.03, lg=1.95, aP=100.00, aGinf=90.25, aGt=68.75
2025-12-18 07:27:54,072: MaxHebb=0.25713, T=1.00, F=1.00, L=1.00, train_i=285200, total_steps=7130000
2025-12-18 07:27:54,072: it=285200, lxP=0.01, lxG=0.04, lxGt=21.05, lp=0.01, lg=1.95, aP=100.00, aGinf=93.25, aGt=69.50
2025-12-18 07:28:23,282: MaxHebb=0.25868, T=1.00, F=1.00, L=1.00, train_i=285300, total_steps=7132500
2025-12-18 07:28:23,282: it=285300, lxP=0.00, lxG=0.10, lxGt=23.97, lp=0.02, lg=1.96, aP=100.00, aGinf=95.75, aGt=68.75
2025-12-18 07:28:50,995: MaxHebb=0.26072, T=1.00, F=1.00, L=1.00, train_i=285400, total_steps=7135000
2025-12-18 07:28:50,995: it=285400, lxP=0.00, lxG=0.13, lxGt=17.89, lp=0.05, lg=1.98, aP=100.00, aGinf=89.00, aGt=64.50
2025-12-18 07:29:18,685: MaxHebb=0.26080, T=1.00, F=1.00, L=1.00, train_i=285500, total_steps=7137500
2025-12-18 07:29:18,685: it=285500, lxP=0.00, lxG=0.06, lxGt=22.45, lp=0.01, lg=2.02, aP=100.00, aGinf=92.75, aGt=68.00
2025-12-18 07:29:46,442: MaxHebb=0.25821, T=1.00, F=1.00, L=1.00, train_i=285600, total_steps=7140000
2025-12-18 07:29:46,443: it=285600, lxP=0.01, lxG=0.01, lxGt=22.17, lp=0.03, lg=1.98, aP=100.00, aGinf=88.75, aGt=60.25
2025-12-18 07:30:15,639: MaxHebb=0.26287, T=1.00, F=1.00, L=1.00, train_i=285700, total_steps=7142500
2025-12-18 07:30:15,639: it=285700, lxP=0.02, lxG=0.04, lxGt=23.24, lp=0.01, lg=1.97, aP=100.00, aGinf=92.00, aGt=63.50
2025-12-18 07:30:43,347: MaxHebb=0.26043, T=1.00, F=1.00, L=1.00, train_i=285800, total_steps=7145000
2025-12-18 07:30:43,347: it=285800, lxP=0.00, lxG=0.03, lxGt=22.71, lp=0.01, lg=2.01, aP=100.00, aGinf=93.50, aGt=68.00
2025-12-18 07:31:11,105: MaxHebb=0.26575, T=1.00, F=1.00, L=1.00, train_i=285900, total_steps=7147500
2025-12-18 07:31:11,105: it=285900, lxP=0.00, lxG=0.03, lxGt=22.05, lp=0.03, lg=2.02, aP=100.00, aGinf=88.25, aGt=62.25
2025-12-18 07:31:38,784: MaxHebb=0.25530, T=1.00, F=1.00, L=1.00, train_i=286000, total_steps=7150000
2025-12-18 07:31:38,784: it=286000, lxP=0.00, lxG=0.06, lxGt=18.36, lp=0.02, lg=2.02, aP=100.00, aGinf=90.25, aGt=66.25
2025-12-18 07:31:40,327: save data time 0.13, train_i=286000.00, total_steps=7150000.00
2025-12-18 07:32:07,934: MaxHebb=0.25716, T=1.00, F=1.00, L=1.00, train_i=286100, total_steps=7152500
2025-12-18 07:32:07,934: it=286100, lxP=0.00, lxG=0.12, lxGt=16.55, lp=0.05, lg=2.01, aP=100.00, aGinf=87.00, aGt=62.25
2025-12-18 07:32:35,569: MaxHebb=0.26315, T=1.00, F=1.00, L=1.00, train_i=286200, total_steps=7155000
2025-12-18 07:32:35,569: it=286200, lxP=0.00, lxG=0.04, lxGt=18.60, lp=0.02, lg=1.97, aP=100.00, aGinf=90.75, aGt=68.00
2025-12-18 07:33:03,237: MaxHebb=0.27924, T=1.00, F=1.00, L=1.00, train_i=286300, total_steps=7157500
2025-12-18 07:33:03,237: it=286300, lxP=0.07, lxG=0.07, lxGt=20.24, lp=0.03, lg=1.92, aP=100.00, aGinf=90.75, aGt=67.00
2025-12-18 07:33:30,858: MaxHebb=0.25558, T=1.00, F=1.00, L=1.00, train_i=286400, total_steps=7160000
2025-12-18 07:33:30,858: it=286400, lxP=0.00, lxG=0.13, lxGt=19.49, lp=0.02, lg=1.96, aP=100.00, aGinf=87.75, aGt=63.75
2025-12-18 07:33:59,991: MaxHebb=0.28176, T=1.00, F=1.00, L=1.00, train_i=286500, total_steps=7162500
2025-12-18 07:33:59,991: it=286500, lxP=0.01, lxG=0.26, lxGt=20.42, lp=0.04, lg=1.94, aP=100.00, aGinf=86.50, aGt=66.00
2025-12-18 07:34:27,786: MaxHebb=0.25429, T=1.00, F=1.00, L=1.00, train_i=286600, total_steps=7165000
2025-12-18 07:34:27,786: it=286600, lxP=0.01, lxG=0.16, lxGt=19.91, lp=0.04, lg=1.95, aP=100.00, aGinf=89.50, aGt=67.50
2025-12-18 07:34:55,544: MaxHebb=0.25495, T=1.00, F=1.00, L=1.00, train_i=286700, total_steps=7167500
2025-12-18 07:34:55,544: it=286700, lxP=0.02, lxG=0.31, lxGt=17.03, lp=0.04, lg=1.96, aP=100.00, aGinf=89.25, aGt=67.50
2025-12-18 07:35:23,220: MaxHebb=0.25269, T=1.00, F=1.00, L=1.00, train_i=286800, total_steps=7170000
2025-12-18 07:35:23,220: it=286800, lxP=0.00, lxG=0.10, lxGt=22.10, lp=0.02, lg=1.97, aP=100.00, aGinf=96.25, aGt=70.25
2025-12-18 07:35:52,355: MaxHebb=0.26093, T=1.00, F=1.00, L=1.00, train_i=286900, total_steps=7172500
2025-12-18 07:35:52,355: it=286900, lxP=0.00, lxG=0.07, lxGt=23.39, lp=0.03, lg=1.98, aP=100.00, aGinf=93.50, aGt=65.00
2025-12-18 07:36:20,078: MaxHebb=0.26464, T=1.00, F=1.00, L=1.00, train_i=287000, total_steps=7175000
2025-12-18 07:36:20,078: it=287000, lxP=0.00, lxG=0.34, lxGt=20.17, lp=0.04, lg=1.99, aP=100.00, aGinf=90.25, aGt=64.75
2025-12-18 07:36:47,669: MaxHebb=0.25944, T=1.00, F=1.00, L=1.00, train_i=287100, total_steps=7177500
2025-12-18 07:36:47,669: it=287100, lxP=0.00, lxG=0.00, lxGt=21.22, lp=0.01, lg=2.01, aP=100.00, aGinf=87.00, aGt=61.50
2025-12-18 07:37:15,304: MaxHebb=0.26047, T=1.00, F=1.00, L=1.00, train_i=287200, total_steps=7180000
2025-12-18 07:37:15,304: it=287200, lxP=0.00, lxG=0.05, lxGt=19.85, lp=0.04, lg=2.00, aP=100.00, aGinf=92.00, aGt=67.50
2025-12-18 07:37:44,392: MaxHebb=0.26933, T=1.00, F=1.00, L=1.00, train_i=287300, total_steps=7182500
2025-12-18 07:37:44,392: it=287300, lxP=0.00, lxG=0.10, lxGt=19.84, lp=0.03, lg=1.95, aP=100.00, aGinf=90.25, aGt=64.75
2025-12-18 07:38:12,025: MaxHebb=0.26422, T=1.00, F=1.00, L=1.00, train_i=287400, total_steps=7185000
2025-12-18 07:38:12,025: it=287400, lxP=0.00, lxG=0.06, lxGt=22.64, lp=0.03, lg=1.99, aP=100.00, aGinf=93.25, aGt=66.75
2025-12-18 07:38:39,684: MaxHebb=0.25688, T=1.00, F=1.00, L=1.00, train_i=287500, total_steps=7187500
2025-12-18 07:38:39,684: it=287500, lxP=0.00, lxG=0.02, lxGt=21.12, lp=0.03, lg=1.97, aP=100.00, aGinf=91.00, aGt=64.50
2025-12-18 07:39:07,322: MaxHebb=0.25928, T=1.00, F=1.00, L=1.00, train_i=287600, total_steps=7190000
2025-12-18 07:39:07,322: it=287600, lxP=0.00, lxG=0.04, lxGt=21.56, lp=0.02, lg=2.01, aP=100.00, aGinf=93.50, aGt=67.00
2025-12-18 07:39:36,450: MaxHebb=0.26430, T=1.00, F=1.00, L=1.00, train_i=287700, total_steps=7192500
2025-12-18 07:39:36,450: it=287700, lxP=0.01, lxG=0.31, lxGt=21.44, lp=0.01, lg=1.95, aP=100.00, aGinf=92.25, aGt=66.50
2025-12-18 07:40:04,123: MaxHebb=0.25986, T=1.00, F=1.00, L=1.00, train_i=287800, total_steps=7195000
2025-12-18 07:40:04,123: it=287800, lxP=0.00, lxG=0.20, lxGt=19.09, lp=0.03, lg=2.04, aP=100.00, aGinf=86.75, aGt=61.00
2025-12-18 07:40:31,691: MaxHebb=0.25911, T=1.00, F=1.00, L=1.00, train_i=287900, total_steps=7197500
2025-12-18 07:40:31,691: it=287900, lxP=0.02, lxG=0.16, lxGt=20.12, lp=0.01, lg=1.97, aP=100.00, aGinf=92.00, aGt=66.25
2025-12-18 07:40:59,418: MaxHebb=0.25887, T=1.00, F=1.00, L=1.00, train_i=288000, total_steps=7200000
2025-12-18 07:40:59,418: it=288000, lxP=0.00, lxG=0.09, lxGt=20.26, lp=0.02, lg=1.97, aP=100.00, aGinf=91.25, aGt=68.50
2025-12-18 07:41:00,989: save data time 0.11, train_i=288000.00, total_steps=7200000.00
2025-12-18 07:41:28,607: MaxHebb=0.26563, T=1.00, F=1.00, L=1.00, train_i=288100, total_steps=7202500
2025-12-18 07:41:28,607: it=288100, lxP=0.00, lxG=0.33, lxGt=21.49, lp=0.02, lg=1.95, aP=100.00, aGinf=95.50, aGt=69.50
2025-12-18 07:41:56,220: MaxHebb=0.27215, T=1.00, F=1.00, L=1.00, train_i=288200, total_steps=7205000
2025-12-18 07:41:56,220: it=288200, lxP=0.01, lxG=0.04, lxGt=18.46, lp=0.02, lg=1.96, aP=100.00, aGinf=92.25, aGt=70.25
2025-12-18 07:42:23,923: MaxHebb=0.25466, T=1.00, F=1.00, L=1.00, train_i=288300, total_steps=7207500
2025-12-18 07:42:23,923: it=288300, lxP=0.00, lxG=0.05, lxGt=22.94, lp=0.03, lg=1.99, aP=100.00, aGinf=88.75, aGt=62.00
2025-12-18 07:42:51,474: MaxHebb=0.25115, T=1.00, F=1.00, L=1.00, train_i=288400, total_steps=7210000
2025-12-18 07:42:51,474: it=288400, lxP=0.00, lxG=0.08, lxGt=20.25, lp=0.03, lg=1.99, aP=100.00, aGinf=91.00, aGt=66.25
2025-12-18 07:43:20,612: MaxHebb=0.25372, T=1.00, F=1.00, L=1.00, train_i=288500, total_steps=7212500
2025-12-18 07:43:20,613: it=288500, lxP=0.00, lxG=0.02, lxGt=19.12, lp=0.03, lg=2.01, aP=100.00, aGinf=89.25, aGt=65.00
2025-12-18 07:43:48,227: MaxHebb=0.25777, T=1.00, F=1.00, L=1.00, train_i=288600, total_steps=7215000
2025-12-18 07:43:48,227: it=288600, lxP=0.00, lxG=0.45, lxGt=20.63, lp=0.01, lg=2.01, aP=100.00, aGinf=94.00, aGt=69.50
2025-12-18 07:44:15,825: MaxHebb=0.25541, T=1.00, F=1.00, L=1.00, train_i=288700, total_steps=7217500
2025-12-18 07:44:15,825: it=288700, lxP=0.00, lxG=0.04, lxGt=20.98, lp=0.02, lg=1.98, aP=100.00, aGinf=93.00, aGt=67.00
2025-12-18 07:44:43,517: MaxHebb=0.25692, T=1.00, F=1.00, L=1.00, train_i=288800, total_steps=7220000
2025-12-18 07:44:43,517: it=288800, lxP=0.00, lxG=0.44, lxGt=21.81, lp=0.01, lg=1.95, aP=100.00, aGinf=93.75, aGt=70.75
2025-12-18 07:45:12,685: MaxHebb=0.26308, T=1.00, F=1.00, L=1.00, train_i=288900, total_steps=7222500
2025-12-18 07:45:12,685: it=288900, lxP=0.00, lxG=0.09, lxGt=22.71, lp=0.01, lg=2.02, aP=100.00, aGinf=93.25, aGt=67.75
2025-12-18 07:45:40,426: MaxHebb=0.26231, T=1.00, F=1.00, L=1.00, train_i=289000, total_steps=7225000
2025-12-18 07:45:40,426: it=289000, lxP=0.01, lxG=0.06, lxGt=21.92, lp=0.02, lg=1.98, aP=100.00, aGinf=92.00, aGt=67.50
2025-12-18 07:46:08,183: MaxHebb=0.25791, T=1.00, F=1.00, L=1.00, train_i=289100, total_steps=7227500
2025-12-18 07:46:08,183: it=289100, lxP=0.00, lxG=0.01, lxGt=22.84, lp=0.01, lg=2.01, aP=100.00, aGinf=88.25, aGt=61.25
2025-12-18 07:46:35,826: MaxHebb=0.25814, T=1.00, F=1.00, L=1.00, train_i=289200, total_steps=7230000
2025-12-18 07:46:35,826: it=289200, lxP=0.00, lxG=0.02, lxGt=20.72, lp=0.02, lg=2.01, aP=100.00, aGinf=89.75, aGt=64.75
2025-12-18 07:47:04,971: MaxHebb=0.25739, T=1.00, F=1.00, L=1.00, train_i=289300, total_steps=7232500
2025-12-18 07:47:04,972: it=289300, lxP=0.00, lxG=0.27, lxGt=20.99, lp=0.04, lg=2.00, aP=100.00, aGinf=88.25, aGt=63.75
2025-12-18 07:47:32,695: MaxHebb=0.25648, T=1.00, F=1.00, L=1.00, train_i=289400, total_steps=7235000
2025-12-18 07:47:32,696: it=289400, lxP=0.00, lxG=0.02, lxGt=23.65, lp=0.03, lg=2.01, aP=100.00, aGinf=91.25, aGt=63.50
2025-12-18 07:48:00,334: MaxHebb=0.25050, T=1.00, F=1.00, L=1.00, train_i=289500, total_steps=7237500
2025-12-18 07:48:00,334: it=289500, lxP=0.00, lxG=1.94, lxGt=18.30, lp=0.05, lg=2.00, aP=100.00, aGinf=89.50, aGt=66.00
2025-12-18 07:48:27,934: MaxHebb=0.26159, T=1.00, F=1.00, L=1.00, train_i=289600, total_steps=7240000
2025-12-18 07:48:27,934: it=289600, lxP=0.00, lxG=0.02, lxGt=21.97, lp=0.02, lg=1.99, aP=100.00, aGinf=94.75, aGt=70.75
2025-12-18 07:48:57,132: MaxHebb=0.25217, T=1.00, F=1.00, L=1.00, train_i=289700, total_steps=7242500
2025-12-18 07:48:57,132: it=289700, lxP=0.00, lxG=0.36, lxGt=19.94, lp=0.03, lg=2.00, aP=100.00, aGinf=87.00, aGt=64.25
2025-12-18 07:49:24,785: MaxHebb=0.26801, T=1.00, F=1.00, L=1.00, train_i=289800, total_steps=7245000
2025-12-18 07:49:24,785: it=289800, lxP=0.00, lxG=0.01, lxGt=21.00, lp=0.03, lg=2.02, aP=100.00, aGinf=88.50, aGt=63.25
2025-12-18 07:49:52,438: MaxHebb=0.26093, T=1.00, F=1.00, L=1.00, train_i=289900, total_steps=7247500
2025-12-18 07:49:52,438: it=289900, lxP=0.00, lxG=0.13, lxGt=24.06, lp=0.04, lg=2.01, aP=100.00, aGinf=90.75, aGt=65.75
2025-12-18 07:50:20,181: MaxHebb=0.25707, T=1.00, F=1.00, L=1.00, train_i=290000, total_steps=7250000
2025-12-18 07:50:20,181: it=290000, lxP=0.00, lxG=0.13, lxGt=25.21, lp=0.01, lg=2.00, aP=100.00, aGinf=88.50, aGt=63.00
2025-12-18 07:50:21,737: save data time 0.11, train_i=290000.00, total_steps=7250000.00
2025-12-18 07:50:49,330: MaxHebb=0.26816, T=1.00, F=1.00, L=1.00, train_i=290100, total_steps=7252500
2025-12-18 07:50:49,331: it=290100, lxP=0.03, lxG=0.06, lxGt=18.52, lp=0.02, lg=1.96, aP=100.00, aGinf=91.00, aGt=66.00
2025-12-18 07:51:16,732: MaxHebb=0.26911, T=1.00, F=1.00, L=1.00, train_i=290200, total_steps=7255000
2025-12-18 07:51:16,732: it=290200, lxP=0.00, lxG=0.03, lxGt=19.68, lp=0.04, lg=1.98, aP=100.00, aGinf=86.25, aGt=64.75
2025-12-18 07:51:44,212: MaxHebb=0.25671, T=1.00, F=1.00, L=1.00, train_i=290300, total_steps=7257500
2025-12-18 07:51:44,212: it=290300, lxP=0.00, lxG=0.06, lxGt=19.76, lp=0.02, lg=1.99, aP=100.00, aGinf=91.75, aGt=68.00
2025-12-18 07:52:11,655: MaxHebb=0.25333, T=1.00, F=1.00, L=1.00, train_i=290400, total_steps=7260000
2025-12-18 07:52:11,655: it=290400, lxP=0.00, lxG=0.02, lxGt=22.41, lp=0.03, lg=1.98, aP=100.00, aGinf=92.25, aGt=64.25
2025-12-18 07:52:40,596: MaxHebb=0.26142, T=1.00, F=1.00, L=1.00, train_i=290500, total_steps=7262500
2025-12-18 07:52:40,596: it=290500, lxP=0.00, lxG=0.01, lxGt=20.65, lp=0.02, lg=1.99, aP=100.00, aGinf=89.75, aGt=63.75
2025-12-18 07:53:08,166: MaxHebb=0.25536, T=1.00, F=1.00, L=1.00, train_i=290600, total_steps=7265000
2025-12-18 07:53:08,166: it=290600, lxP=0.00, lxG=0.07, lxGt=21.90, lp=0.01, lg=2.04, aP=100.00, aGinf=93.75, aGt=68.75
2025-12-18 07:53:35,621: MaxHebb=0.24797, T=1.00, F=1.00, L=1.00, train_i=290700, total_steps=7267500
2025-12-18 07:53:35,621: it=290700, lxP=0.00, lxG=0.03, lxGt=20.92, lp=0.01, lg=1.98, aP=100.00, aGinf=91.00, aGt=67.00
2025-12-18 07:54:03,116: MaxHebb=0.27692, T=1.00, F=1.00, L=1.00, train_i=290800, total_steps=7270000
2025-12-18 07:54:03,116: it=290800, lxP=0.00, lxG=0.14, lxGt=20.21, lp=0.03, lg=2.01, aP=100.00, aGinf=90.25, aGt=64.00
2025-12-18 07:54:31,965: MaxHebb=0.26591, T=1.00, F=1.00, L=1.00, train_i=290900, total_steps=7272500
2025-12-18 07:54:31,965: it=290900, lxP=0.00, lxG=0.14, lxGt=23.71, lp=0.01, lg=1.98, aP=100.00, aGinf=89.25, aGt=64.00
2025-12-18 07:54:59,430: MaxHebb=0.26715, T=1.00, F=1.00, L=1.00, train_i=291000, total_steps=7275000
2025-12-18 07:54:59,430: it=291000, lxP=0.00, lxG=0.02, lxGt=20.89, lp=0.01, lg=2.02, aP=100.00, aGinf=89.75, aGt=61.75
2025-12-18 07:55:27,033: MaxHebb=0.25685, T=1.00, F=1.00, L=1.00, train_i=291100, total_steps=7277500
2025-12-18 07:55:27,033: it=291100, lxP=0.00, lxG=0.03, lxGt=24.04, lp=0.02, lg=2.04, aP=100.00, aGinf=93.00, aGt=67.00
2025-12-18 07:55:54,573: MaxHebb=0.27169, T=1.00, F=1.00, L=1.00, train_i=291200, total_steps=7280000
2025-12-18 07:55:54,573: it=291200, lxP=0.02, lxG=0.21, lxGt=21.27, lp=0.05, lg=1.97, aP=100.00, aGinf=88.75, aGt=65.25
2025-12-18 07:56:23,451: MaxHebb=0.24890, T=1.00, F=1.00, L=1.00, train_i=291300, total_steps=7282500
2025-12-18 07:56:23,451: it=291300, lxP=0.00, lxG=0.03, lxGt=18.80, lp=0.04, lg=1.98, aP=100.00, aGinf=89.25, aGt=67.00
2025-12-18 07:56:50,919: MaxHebb=0.24952, T=1.00, F=1.00, L=1.00, train_i=291400, total_steps=7285000
2025-12-18 07:56:50,920: it=291400, lxP=0.00, lxG=0.01, lxGt=20.29, lp=0.03, lg=1.98, aP=100.00, aGinf=88.00, aGt=63.00
2025-12-18 07:57:18,407: MaxHebb=0.24888, T=1.00, F=1.00, L=1.00, train_i=291500, total_steps=7287500
2025-12-18 07:57:18,407: it=291500, lxP=0.00, lxG=0.05, lxGt=20.45, lp=0.01, lg=1.98, aP=100.00, aGinf=87.25, aGt=62.25
2025-12-18 07:57:45,948: MaxHebb=0.25192, T=1.00, F=1.00, L=1.00, train_i=291600, total_steps=7290000
2025-12-18 07:57:45,948: it=291600, lxP=0.00, lxG=0.04, lxGt=27.03, lp=0.01, lg=1.99, aP=100.00, aGinf=97.00, aGt=74.75
2025-12-18 07:58:14,802: MaxHebb=0.24896, T=1.00, F=1.00, L=1.00, train_i=291700, total_steps=7292500
2025-12-18 07:58:14,802: it=291700, lxP=0.00, lxG=0.02, lxGt=17.75, lp=0.04, lg=1.97, aP=100.00, aGinf=89.00, aGt=67.25
2025-12-18 07:58:42,222: MaxHebb=0.24972, T=1.00, F=1.00, L=1.00, train_i=291800, total_steps=7295000
2025-12-18 07:58:42,222: it=291800, lxP=0.00, lxG=0.04, lxGt=21.51, lp=0.01, lg=1.98, aP=100.00, aGinf=92.50, aGt=65.75
2025-12-18 07:59:09,591: MaxHebb=0.27470, T=1.00, F=1.00, L=1.00, train_i=291900, total_steps=7297500
2025-12-18 07:59:09,591: it=291900, lxP=0.01, lxG=0.03, lxGt=21.42, lp=0.03, lg=1.98, aP=100.00, aGinf=90.75, aGt=64.25
2025-12-18 07:59:37,043: MaxHebb=0.26827, T=1.00, F=1.00, L=1.00, train_i=292000, total_steps=7300000
2025-12-18 07:59:37,043: it=292000, lxP=0.00, lxG=0.02, lxGt=21.37, lp=0.03, lg=2.00, aP=100.00, aGinf=89.75, aGt=69.25
2025-12-18 07:59:38,615: save data time 0.12, train_i=292000.00, total_steps=7300000.00
2025-12-18 08:00:06,048: MaxHebb=0.24996, T=1.00, F=1.00, L=1.00, train_i=292100, total_steps=7302500
2025-12-18 08:00:06,048: it=292100, lxP=0.01, lxG=0.14, lxGt=20.66, lp=0.02, lg=1.99, aP=100.00, aGinf=94.00, aGt=71.50
2025-12-18 08:00:33,555: MaxHebb=0.26081, T=1.00, F=1.00, L=1.00, train_i=292200, total_steps=7305000
2025-12-18 08:00:33,555: it=292200, lxP=0.00, lxG=0.01, lxGt=20.11, lp=0.01, lg=1.96, aP=100.00, aGinf=92.50, aGt=68.50
2025-12-18 08:01:00,989: MaxHebb=0.27306, T=1.00, F=1.00, L=1.00, train_i=292300, total_steps=7307500
2025-12-18 08:01:00,989: it=292300, lxP=0.01, lxG=0.73, lxGt=22.42, lp=0.01, lg=1.96, aP=100.00, aGinf=94.75, aGt=70.75
2025-12-18 08:01:28,416: MaxHebb=0.26467, T=1.00, F=1.00, L=1.00, train_i=292400, total_steps=7310000
2025-12-18 08:01:28,416: it=292400, lxP=0.00, lxG=0.02, lxGt=20.57, lp=0.02, lg=1.99, aP=100.00, aGinf=93.00, aGt=67.75
2025-12-18 08:01:57,315: MaxHebb=0.25346, T=1.00, F=1.00, L=1.00, train_i=292500, total_steps=7312500
2025-12-18 08:01:57,315: it=292500, lxP=0.00, lxG=0.01, lxGt=20.00, lp=0.04, lg=2.00, aP=100.00, aGinf=91.00, aGt=66.25
2025-12-18 08:02:24,734: MaxHebb=0.25428, T=1.00, F=1.00, L=1.00, train_i=292600, total_steps=7315000
2025-12-18 08:02:24,734: it=292600, lxP=0.00, lxG=0.10, lxGt=18.75, lp=0.03, lg=1.98, aP=100.00, aGinf=90.25, aGt=65.75
2025-12-18 08:02:52,165: MaxHebb=0.25979, T=1.00, F=1.00, L=1.00, train_i=292700, total_steps=7317500
2025-12-18 08:02:52,165: it=292700, lxP=0.00, lxG=0.02, lxGt=23.51, lp=0.02, lg=1.97, aP=100.00, aGinf=95.75, aGt=69.00
2025-12-18 08:03:19,600: MaxHebb=0.27246, T=1.00, F=1.00, L=1.00, train_i=292800, total_steps=7320000
2025-12-18 08:03:19,600: it=292800, lxP=0.00, lxG=0.02, lxGt=20.46, lp=0.01, lg=2.00, aP=100.00, aGinf=92.75, aGt=71.25
2025-12-18 08:03:48,491: MaxHebb=0.25820, T=1.00, F=1.00, L=1.00, train_i=292900, total_steps=7322500
2025-12-18 08:03:48,492: it=292900, lxP=0.02, lxG=0.08, lxGt=23.52, lp=0.01, lg=2.00, aP=100.00, aGinf=93.75, aGt=65.50
2025-12-18 08:04:15,982: MaxHebb=0.26055, T=1.00, F=1.00, L=1.00, train_i=293000, total_steps=7325000
2025-12-18 08:04:15,982: it=293000, lxP=0.01, lxG=0.02, lxGt=20.52, lp=0.03, lg=1.97, aP=100.00, aGinf=92.00, aGt=68.50
2025-12-18 08:04:43,410: MaxHebb=0.25192, T=1.00, F=1.00, L=1.00, train_i=293100, total_steps=7327500
2025-12-18 08:04:43,411: it=293100, lxP=0.00, lxG=0.05, lxGt=17.84, lp=0.04, lg=1.97, aP=100.00, aGinf=89.25, aGt=65.50
2025-12-18 08:05:10,887: MaxHebb=0.26681, T=1.00, F=1.00, L=1.00, train_i=293200, total_steps=7330000
2025-12-18 08:05:10,887: it=293200, lxP=0.02, lxG=0.07, lxGt=20.54, lp=0.02, lg=1.93, aP=100.00, aGinf=92.00, aGt=66.75
2025-12-18 08:05:39,846: MaxHebb=0.24997, T=1.00, F=1.00, L=1.00, train_i=293300, total_steps=7332500
2025-12-18 08:05:39,846: it=293300, lxP=0.01, lxG=0.05, lxGt=19.46, lp=0.05, lg=1.95, aP=100.00, aGinf=87.25, aGt=61.25
2025-12-18 08:06:07,333: MaxHebb=0.24643, T=1.00, F=1.00, L=1.00, train_i=293400, total_steps=7335000
2025-12-18 08:06:07,333: it=293400, lxP=0.00, lxG=0.04, lxGt=19.86, lp=0.03, lg=1.98, aP=100.00, aGinf=91.75, aGt=68.50
2025-12-18 08:06:34,880: MaxHebb=0.24363, T=1.00, F=1.00, L=1.00, train_i=293500, total_steps=7337500
2025-12-18 08:06:34,880: it=293500, lxP=0.04, lxG=0.05, lxGt=21.04, lp=0.02, lg=1.94, aP=100.00, aGinf=91.75, aGt=67.50
2025-12-18 08:07:02,327: MaxHebb=0.24786, T=1.00, F=1.00, L=1.00, train_i=293600, total_steps=7340000
2025-12-18 08:07:02,327: it=293600, lxP=0.00, lxG=0.06, lxGt=20.97, lp=0.01, lg=1.94, aP=100.00, aGinf=91.25, aGt=66.50
2025-12-18 08:07:31,221: MaxHebb=0.24423, T=1.00, F=1.00, L=1.00, train_i=293700, total_steps=7342500
2025-12-18 08:07:31,221: it=293700, lxP=0.00, lxG=0.08, lxGt=22.35, lp=0.03, lg=1.97, aP=100.00, aGinf=93.75, aGt=65.25
2025-12-18 08:07:58,693: MaxHebb=0.25628, T=1.00, F=1.00, L=1.00, train_i=293800, total_steps=7345000
2025-12-18 08:07:58,693: it=293800, lxP=0.02, lxG=0.12, lxGt=23.18, lp=0.03, lg=1.98, aP=100.00, aGinf=91.75, aGt=69.75
2025-12-18 08:08:26,215: MaxHebb=0.26438, T=1.00, F=1.00, L=1.00, train_i=293900, total_steps=7347500
2025-12-18 08:08:26,216: it=293900, lxP=0.00, lxG=0.02, lxGt=22.21, lp=0.05, lg=2.01, aP=100.00, aGinf=92.00, aGt=65.25
2025-12-18 08:08:53,770: MaxHebb=0.26633, T=1.00, F=1.00, L=1.00, train_i=294000, total_steps=7350000
2025-12-18 08:08:53,771: it=294000, lxP=0.00, lxG=0.11, lxGt=21.67, lp=0.01, lg=1.98, aP=100.00, aGinf=93.75, aGt=67.75
2025-12-18 08:08:55,307: save data time 0.11, train_i=294000.00, total_steps=7350000.00
2025-12-18 08:09:22,748: MaxHebb=0.24648, T=1.00, F=1.00, L=1.00, train_i=294100, total_steps=7352500
2025-12-18 08:09:22,748: it=294100, lxP=0.00, lxG=0.01, lxGt=18.34, lp=0.02, lg=1.98, aP=100.00, aGinf=93.50, aGt=71.50
2025-12-18 08:09:50,288: MaxHebb=0.24937, T=1.00, F=1.00, L=1.00, train_i=294200, total_steps=7355000
2025-12-18 08:09:50,288: it=294200, lxP=0.01, lxG=0.19, lxGt=23.22, lp=0.03, lg=1.96, aP=100.00, aGinf=88.25, aGt=61.25
2025-12-18 08:10:17,782: MaxHebb=0.24416, T=1.00, F=1.00, L=1.00, train_i=294300, total_steps=7357500
2025-12-18 08:10:17,782: it=294300, lxP=0.00, lxG=0.03, lxGt=21.83, lp=0.03, lg=1.99, aP=100.00, aGinf=88.25, aGt=62.00
2025-12-18 08:10:45,241: MaxHebb=0.25420, T=1.00, F=1.00, L=1.00, train_i=294400, total_steps=7360000
2025-12-18 08:10:45,241: it=294400, lxP=0.00, lxG=0.01, lxGt=19.22, lp=0.03, lg=1.95, aP=100.00, aGinf=88.00, aGt=66.00
2025-12-18 08:11:14,119: MaxHebb=0.26278, T=1.00, F=1.00, L=1.00, train_i=294500, total_steps=7362500
2025-12-18 08:11:14,119: it=294500, lxP=0.01, lxG=12.60, lxGt=27.04, lp=0.01, lg=1.94, aP=100.00, aGinf=87.25, aGt=60.75
2025-12-18 08:11:41,519: MaxHebb=0.25222, T=1.00, F=1.00, L=1.00, train_i=294600, total_steps=7365000
2025-12-18 08:11:41,519: it=294600, lxP=0.00, lxG=0.10, lxGt=20.86, lp=0.01, lg=1.94, aP=100.00, aGinf=93.25, aGt=68.75
2025-12-18 08:12:08,910: MaxHebb=0.27385, T=1.00, F=1.00, L=1.00, train_i=294700, total_steps=7367500
2025-12-18 08:12:08,910: it=294700, lxP=0.00, lxG=0.01, lxGt=19.96, lp=0.04, lg=1.93, aP=100.00, aGinf=87.00, aGt=63.75
2025-12-18 08:12:36,342: MaxHebb=0.25291, T=1.00, F=1.00, L=1.00, train_i=294800, total_steps=7370000
2025-12-18 08:12:36,342: it=294800, lxP=0.00, lxG=0.02, lxGt=20.60, lp=0.05, lg=1.98, aP=100.00, aGinf=86.00, aGt=62.25
2025-12-18 08:13:05,236: MaxHebb=0.25496, T=1.00, F=1.00, L=1.00, train_i=294900, total_steps=7372500
2025-12-18 08:13:05,236: it=294900, lxP=0.02, lxG=0.12, lxGt=18.54, lp=0.03, lg=1.97, aP=100.00, aGinf=92.75, aGt=70.25
2025-12-18 08:13:32,776: MaxHebb=0.25384, T=1.00, F=1.00, L=1.00, train_i=295000, total_steps=7375000
2025-12-18 08:13:32,776: it=295000, lxP=0.03, lxG=0.23, lxGt=22.01, lp=0.01, lg=1.93, aP=100.00, aGinf=86.50, aGt=60.50
2025-12-18 08:14:00,188: MaxHebb=0.24099, T=1.00, F=1.00, L=1.00, train_i=295100, total_steps=7377500
2025-12-18 08:14:00,188: it=295100, lxP=0.01, lxG=0.07, lxGt=20.41, lp=0.02, lg=1.96, aP=100.00, aGinf=89.25, aGt=61.75
2025-12-18 08:14:27,597: MaxHebb=0.24169, T=1.00, F=1.00, L=1.00, train_i=295200, total_steps=7380000
2025-12-18 08:14:27,597: it=295200, lxP=0.11, lxG=0.11, lxGt=19.79, lp=0.03, lg=1.93, aP=100.00, aGinf=86.25, aGt=64.00
2025-12-18 08:14:56,485: MaxHebb=0.25166, T=1.00, F=1.00, L=1.00, train_i=295300, total_steps=7382500
2025-12-18 08:14:56,485: it=295300, lxP=0.00, lxG=0.12, lxGt=18.64, lp=0.04, lg=1.97, aP=100.00, aGinf=88.50, aGt=65.75
2025-12-18 08:15:23,987: MaxHebb=0.24778, T=1.00, F=1.00, L=1.00, train_i=295400, total_steps=7385000
2025-12-18 08:15:23,987: it=295400, lxP=0.01, lxG=0.22, lxGt=20.09, lp=0.01, lg=1.95, aP=100.00, aGinf=89.00, aGt=65.00
2025-12-18 08:15:51,391: MaxHebb=0.24881, T=1.00, F=1.00, L=1.00, train_i=295500, total_steps=7387500
2025-12-18 08:15:51,391: it=295500, lxP=0.00, lxG=0.03, lxGt=18.83, lp=0.02, lg=1.98, aP=100.00, aGinf=90.00, aGt=66.00
2025-12-18 08:16:18,889: MaxHebb=0.24534, T=1.00, F=1.00, L=1.00, train_i=295600, total_steps=7390000
2025-12-18 08:16:18,890: it=295600, lxP=0.01, lxG=0.22, lxGt=17.52, lp=0.02, lg=1.96, aP=100.00, aGinf=93.50, aGt=70.75
2025-12-18 08:16:47,806: MaxHebb=0.23721, T=1.00, F=1.00, L=1.00, train_i=295700, total_steps=7392500
2025-12-18 08:16:47,806: it=295700, lxP=0.01, lxG=0.04, lxGt=20.22, lp=0.02, lg=1.98, aP=100.00, aGinf=94.75, aGt=69.75
2025-12-18 08:17:15,278: MaxHebb=0.24482, T=1.00, F=1.00, L=1.00, train_i=295800, total_steps=7395000
2025-12-18 08:17:15,278: it=295800, lxP=0.00, lxG=0.02, lxGt=21.15, lp=0.01, lg=1.98, aP=100.00, aGinf=97.25, aGt=70.75
2025-12-18 08:17:42,764: MaxHebb=0.24342, T=1.00, F=1.00, L=1.00, train_i=295900, total_steps=7397500
2025-12-18 08:17:42,764: it=295900, lxP=0.00, lxG=0.02, lxGt=20.84, lp=0.02, lg=1.97, aP=100.00, aGinf=94.50, aGt=70.50
2025-12-18 08:18:10,276: MaxHebb=0.25486, T=1.00, F=1.00, L=1.00, train_i=296000, total_steps=7400000
2025-12-18 08:18:10,276: it=296000, lxP=0.00, lxG=0.68, lxGt=22.68, lp=0.02, lg=1.97, aP=100.00, aGinf=88.75, aGt=65.50
2025-12-18 08:18:11,825: save data time 0.14, train_i=296000.00, total_steps=7400000.00
2025-12-18 08:18:39,337: MaxHebb=0.24630, T=1.00, F=1.00, L=1.00, train_i=296100, total_steps=7402500
2025-12-18 08:18:39,337: it=296100, lxP=0.00, lxG=0.02, lxGt=16.30, lp=0.05, lg=2.01, aP=100.00, aGinf=85.00, aGt=62.00
2025-12-18 08:19:06,785: MaxHebb=0.25220, T=1.00, F=1.00, L=1.00, train_i=296200, total_steps=7405000
2025-12-18 08:19:06,785: it=296200, lxP=0.00, lxG=0.00, lxGt=20.16, lp=0.01, lg=2.00, aP=100.00, aGinf=93.25, aGt=70.00
2025-12-18 08:19:34,313: MaxHebb=0.24835, T=1.00, F=1.00, L=1.00, train_i=296300, total_steps=7407500
2025-12-18 08:19:34,313: it=296300, lxP=0.03, lxG=0.13, lxGt=22.54, lp=0.01, lg=1.96, aP=100.00, aGinf=90.75, aGt=67.50
2025-12-18 08:20:01,885: MaxHebb=0.25324, T=1.00, F=1.00, L=1.00, train_i=296400, total_steps=7410000
2025-12-18 08:20:01,885: it=296400, lxP=0.00, lxG=0.17, lxGt=20.10, lp=0.02, lg=1.95, aP=100.00, aGinf=89.00, aGt=65.75
2025-12-18 08:20:30,831: MaxHebb=0.25209, T=1.00, F=1.00, L=1.00, train_i=296500, total_steps=7412500
2025-12-18 08:20:30,832: it=296500, lxP=0.00, lxG=0.08, lxGt=19.77, lp=0.02, lg=1.96, aP=100.00, aGinf=92.00, aGt=67.75
2025-12-18 08:20:58,346: MaxHebb=0.24092, T=1.00, F=1.00, L=1.00, train_i=296600, total_steps=7415000
2025-12-18 08:20:58,347: it=296600, lxP=0.00, lxG=0.09, lxGt=17.55, lp=0.01, lg=1.92, aP=100.00, aGinf=85.25, aGt=62.75
2025-12-18 08:21:25,763: MaxHebb=0.25200, T=1.00, F=1.00, L=1.00, train_i=296700, total_steps=7417500
2025-12-18 08:21:25,763: it=296700, lxP=0.01, lxG=0.11, lxGt=20.20, lp=0.03, lg=1.92, aP=100.00, aGinf=89.00, aGt=64.00
2025-12-18 08:21:53,293: MaxHebb=0.24534, T=1.00, F=1.00, L=1.00, train_i=296800, total_steps=7420000
2025-12-18 08:21:53,293: it=296800, lxP=0.00, lxG=0.14, lxGt=19.89, lp=0.02, lg=1.95, aP=100.00, aGinf=92.75, aGt=69.00
2025-12-18 08:22:22,164: MaxHebb=0.24661, T=1.00, F=1.00, L=1.00, train_i=296900, total_steps=7422500
2025-12-18 08:22:22,164: it=296900, lxP=0.01, lxG=0.02, lxGt=19.00, lp=0.01, lg=1.96, aP=100.00, aGinf=93.25, aGt=68.00
2025-12-18 08:22:49,609: MaxHebb=0.24115, T=1.00, F=1.00, L=1.00, train_i=297000, total_steps=7425000
2025-12-18 08:22:49,609: it=297000, lxP=0.00, lxG=0.14, lxGt=18.89, lp=0.01, lg=1.97, aP=100.00, aGinf=96.00, aGt=73.50
2025-12-18 08:23:17,122: MaxHebb=0.24764, T=1.00, F=1.00, L=1.00, train_i=297100, total_steps=7427500
2025-12-18 08:23:17,122: it=297100, lxP=0.01, lxG=0.06, lxGt=23.18, lp=0.02, lg=1.99, aP=100.00, aGinf=93.75, aGt=67.75
2025-12-18 08:23:44,627: MaxHebb=0.24608, T=1.00, F=1.00, L=1.00, train_i=297200, total_steps=7430000
2025-12-18 08:23:44,627: it=297200, lxP=0.00, lxG=0.02, lxGt=21.88, lp=0.01, lg=1.99, aP=100.00, aGinf=91.75, aGt=66.00
2025-12-18 08:24:13,597: MaxHebb=0.25023, T=1.00, F=1.00, L=1.00, train_i=297300, total_steps=7432500
2025-12-18 08:24:13,597: it=297300, lxP=0.00, lxG=0.15, lxGt=19.47, lp=0.02, lg=1.95, aP=100.00, aGinf=94.75, aGt=71.50
2025-12-18 08:24:41,015: MaxHebb=0.25540, T=1.00, F=1.00, L=1.00, train_i=297400, total_steps=7435000
2025-12-18 08:24:41,016: it=297400, lxP=0.00, lxG=0.04, lxGt=18.80, lp=0.02, lg=1.95, aP=100.00, aGinf=90.75, aGt=67.50
2025-12-18 08:25:08,574: MaxHebb=0.25381, T=1.00, F=1.00, L=1.00, train_i=297500, total_steps=7437500
2025-12-18 08:25:08,574: it=297500, lxP=0.00, lxG=0.01, lxGt=20.21, lp=0.03, lg=2.00, aP=100.00, aGinf=92.25, aGt=68.25
2025-12-18 08:25:36,066: MaxHebb=0.25258, T=1.00, F=1.00, L=1.00, train_i=297600, total_steps=7440000
2025-12-18 08:25:36,066: it=297600, lxP=0.00, lxG=0.01, lxGt=21.09, lp=0.01, lg=1.97, aP=100.00, aGinf=89.50, aGt=62.75
2025-12-18 08:26:04,863: MaxHebb=0.25088, T=1.00, F=1.00, L=1.00, train_i=297700, total_steps=7442500
2025-12-18 08:26:04,863: it=297700, lxP=0.01, lxG=0.04, lxGt=21.72, lp=0.02, lg=1.94, aP=100.00, aGinf=94.25, aGt=68.75
2025-12-18 08:26:32,299: MaxHebb=0.25321, T=1.00, F=1.00, L=1.00, train_i=297800, total_steps=7445000
2025-12-18 08:26:32,299: it=297800, lxP=0.00, lxG=0.41, lxGt=18.25, lp=0.03, lg=1.95, aP=100.00, aGinf=86.75, aGt=63.50
2025-12-18 08:26:59,768: MaxHebb=0.25250, T=1.00, F=1.00, L=1.00, train_i=297900, total_steps=7447500
2025-12-18 08:26:59,768: it=297900, lxP=0.03, lxG=0.04, lxGt=23.35, lp=0.01, lg=1.97, aP=100.00, aGinf=95.75, aGt=68.75
2025-12-18 08:27:27,232: MaxHebb=0.25656, T=1.00, F=1.00, L=1.00, train_i=298000, total_steps=7450000
2025-12-18 08:27:27,232: it=298000, lxP=0.00, lxG=0.11, lxGt=17.25, lp=0.01, lg=1.94, aP=100.00, aGinf=92.75, aGt=71.50
2025-12-18 08:27:28,794: save data time 0.13, train_i=298000.00, total_steps=7450000.00
2025-12-18 08:27:56,317: MaxHebb=0.24720, T=1.00, F=1.00, L=1.00, train_i=298100, total_steps=7452500
2025-12-18 08:27:56,317: it=298100, lxP=0.00, lxG=0.08, lxGt=20.01, lp=0.02, lg=1.94, aP=100.00, aGinf=92.00, aGt=71.00
2025-12-18 08:28:23,799: MaxHebb=0.24846, T=1.00, F=1.00, L=1.00, train_i=298200, total_steps=7455000
2025-12-18 08:28:23,799: it=298200, lxP=0.01, lxG=0.01, lxGt=21.01, lp=0.01, lg=1.95, aP=100.00, aGinf=91.75, aGt=65.00
2025-12-18 08:28:51,330: MaxHebb=0.24814, T=1.00, F=1.00, L=1.00, train_i=298300, total_steps=7457500
2025-12-18 08:28:51,330: it=298300, lxP=0.01, lxG=0.06, lxGt=18.25, lp=0.03, lg=1.95, aP=100.00, aGinf=92.50, aGt=69.50
2025-12-18 08:29:18,846: MaxHebb=0.24922, T=1.00, F=1.00, L=1.00, train_i=298400, total_steps=7460000
2025-12-18 08:29:18,846: it=298400, lxP=0.00, lxG=0.14, lxGt=19.86, lp=0.01, lg=1.94, aP=100.00, aGinf=90.00, aGt=63.50
2025-12-18 08:29:47,809: MaxHebb=0.24847, T=1.00, F=1.00, L=1.00, train_i=298500, total_steps=7462500
2025-12-18 08:29:47,809: it=298500, lxP=0.01, lxG=0.05, lxGt=22.56, lp=0.02, lg=1.94, aP=100.00, aGinf=92.00, aGt=65.75
2025-12-18 08:30:15,296: MaxHebb=0.25128, T=1.00, F=1.00, L=1.00, train_i=298600, total_steps=7465000
2025-12-18 08:30:15,296: it=298600, lxP=0.03, lxG=0.16, lxGt=24.58, lp=0.01, lg=1.96, aP=100.00, aGinf=94.75, aGt=68.25
2025-12-18 08:30:42,708: MaxHebb=0.24722, T=1.00, F=1.00, L=1.00, train_i=298700, total_steps=7467500
2025-12-18 08:30:42,708: it=298700, lxP=0.00, lxG=0.04, lxGt=16.65, lp=0.02, lg=1.93, aP=100.00, aGinf=93.25, aGt=72.00
2025-12-18 08:31:10,162: MaxHebb=0.24756, T=1.00, F=1.00, L=1.00, train_i=298800, total_steps=7470000
2025-12-18 08:31:10,162: it=298800, lxP=0.02, lxG=0.21, lxGt=16.63, lp=0.02, lg=1.94, aP=100.00, aGinf=95.00, aGt=73.75
2025-12-18 08:31:39,042: MaxHebb=0.24584, T=1.00, F=1.00, L=1.00, train_i=298900, total_steps=7472500
2025-12-18 08:31:39,043: it=298900, lxP=0.01, lxG=0.65, lxGt=21.17, lp=0.02, lg=1.93, aP=100.00, aGinf=93.00, aGt=71.75
2025-12-18 08:32:06,512: MaxHebb=0.24637, T=1.00, F=1.00, L=1.00, train_i=299000, total_steps=7475000
2025-12-18 08:32:06,512: it=299000, lxP=0.00, lxG=0.31, lxGt=19.75, lp=0.02, lg=1.95, aP=100.00, aGinf=93.75, aGt=70.00
2025-12-18 08:32:33,822: MaxHebb=0.24851, T=1.00, F=1.00, L=1.00, train_i=299100, total_steps=7477500
2025-12-18 08:32:33,822: it=299100, lxP=0.03, lxG=0.12, lxGt=18.65, lp=0.03, lg=1.92, aP=100.00, aGinf=87.00, aGt=65.75
2025-12-18 08:33:01,177: MaxHebb=0.24494, T=1.00, F=1.00, L=1.00, train_i=299200, total_steps=7480000
2025-12-18 08:33:01,177: it=299200, lxP=0.01, lxG=0.06, lxGt=21.38, lp=0.01, lg=1.95, aP=100.00, aGinf=93.75, aGt=66.75
2025-12-18 08:33:30,033: MaxHebb=0.25094, T=1.00, F=1.00, L=1.00, train_i=299300, total_steps=7482500
2025-12-18 08:33:30,033: it=299300, lxP=0.01, lxG=0.27, lxGt=19.67, lp=0.03, lg=1.92, aP=100.00, aGinf=92.75, aGt=70.50
2025-12-18 08:33:57,467: MaxHebb=0.24949, T=1.00, F=1.00, L=1.00, train_i=299400, total_steps=7485000
2025-12-18 08:33:57,467: it=299400, lxP=0.03, lxG=0.08, lxGt=18.91, lp=0.02, lg=1.92, aP=100.00, aGinf=89.50, aGt=65.25
2025-12-18 08:34:24,802: MaxHebb=0.25156, T=1.00, F=1.00, L=1.00, train_i=299500, total_steps=7487500
2025-12-18 08:34:24,802: it=299500, lxP=0.03, lxG=0.04, lxGt=21.84, lp=0.03, lg=1.91, aP=100.00, aGinf=91.50, aGt=67.75
2025-12-18 08:34:52,208: MaxHebb=0.24537, T=1.00, F=1.00, L=1.00, train_i=299600, total_steps=7490000
2025-12-18 08:34:52,208: it=299600, lxP=0.01, lxG=0.13, lxGt=24.35, lp=0.01, lg=1.92, aP=100.00, aGinf=90.00, aGt=62.75
2025-12-18 08:35:21,028: MaxHebb=0.24786, T=1.00, F=1.00, L=1.00, train_i=299700, total_steps=7492500
2025-12-18 08:35:21,028: it=299700, lxP=0.05, lxG=0.06, lxGt=18.62, lp=0.01, lg=1.89, aP=100.00, aGinf=92.50, aGt=68.75
2025-12-18 08:35:48,440: MaxHebb=0.24177, T=1.00, F=1.00, L=1.00, train_i=299800, total_steps=7495000
2025-12-18 08:35:48,440: it=299800, lxP=0.00, lxG=0.02, lxGt=19.16, lp=0.01, lg=1.92, aP=100.00, aGinf=91.25, aGt=65.00
2025-12-18 08:36:15,911: MaxHebb=0.24385, T=1.00, F=1.00, L=1.00, train_i=299900, total_steps=7497500
2025-12-18 08:36:15,911: it=299900, lxP=0.02, lxG=0.25, lxGt=21.68, lp=0.01, lg=1.90, aP=100.00, aGinf=95.00, aGt=70.50
2025-12-18 08:36:43,360: MaxHebb=0.24539, T=1.00, F=1.00, L=1.00, train_i=300000, total_steps=7500000
2025-12-18 08:36:43,360: it=300000, lxP=0.03, lxG=1.46, lxGt=21.09, lp=0.03, lg=1.92, aP=100.00, aGinf=90.25, aGt=66.50
2025-12-18 08:36:44,892: save data time 0.11, train_i=300000.00, total_steps=7500000.00
2025-12-18 08:37:12,225: MaxHebb=0.25080, T=1.00, F=1.00, L=1.00, train_i=300100, total_steps=7502500
2025-12-18 08:37:12,225: it=300100, lxP=0.03, lxG=2.75, lxGt=18.66, lp=0.02, lg=1.92, aP=100.00, aGinf=89.75, aGt=68.00
2025-12-18 08:37:39,575: MaxHebb=0.24166, T=1.00, F=1.00, L=1.00, train_i=300200, total_steps=7505000
2025-12-18 08:37:39,575: it=300200, lxP=0.02, lxG=0.25, lxGt=21.02, lp=0.01, lg=1.93, aP=100.00, aGinf=93.75, aGt=67.75
2025-12-18 08:38:06,976: MaxHebb=0.24945, T=1.00, F=1.00, L=1.00, train_i=300300, total_steps=7507500
2025-12-18 08:38:06,976: it=300300, lxP=0.00, lxG=0.02, lxGt=22.18, lp=0.01, lg=1.95, aP=100.00, aGinf=92.75, aGt=67.25
2025-12-18 08:38:34,356: MaxHebb=0.24306, T=1.00, F=1.00, L=1.00, train_i=300400, total_steps=7510000
2025-12-18 08:38:34,356: it=300400, lxP=0.09, lxG=0.11, lxGt=20.96, lp=0.02, lg=1.93, aP=100.00, aGinf=90.25, aGt=65.50
2025-12-18 08:39:03,177: MaxHebb=0.24093, T=1.00, F=1.00, L=1.00, train_i=300500, total_steps=7512500
2025-12-18 08:39:03,177: it=300500, lxP=0.00, lxG=0.02, lxGt=21.95, lp=0.02, lg=1.93, aP=100.00, aGinf=93.25, aGt=69.50
2025-12-18 08:39:30,553: MaxHebb=0.23991, T=1.00, F=1.00, L=1.00, train_i=300600, total_steps=7515000
2025-12-18 08:39:30,553: it=300600, lxP=0.13, lxG=0.30, lxGt=19.49, lp=0.02, lg=1.94, aP=100.00, aGinf=90.25, aGt=66.25
2025-12-18 08:39:57,916: MaxHebb=0.24572, T=1.00, F=1.00, L=1.00, train_i=300700, total_steps=7517500
2025-12-18 08:39:57,916: it=300700, lxP=0.00, lxG=0.19, lxGt=19.59, lp=0.02, lg=1.96, aP=100.00, aGinf=87.25, aGt=66.50
2025-12-18 08:40:25,383: MaxHebb=0.24107, T=1.00, F=1.00, L=1.00, train_i=300800, total_steps=7520000
2025-12-18 08:40:25,383: it=300800, lxP=0.01, lxG=0.06, lxGt=21.51, lp=0.02, lg=1.93, aP=100.00, aGinf=93.00, aGt=69.25
2025-12-18 08:40:54,135: MaxHebb=0.24394, T=1.00, F=1.00, L=1.00, train_i=300900, total_steps=7522500
2025-12-18 08:40:54,135: it=300900, lxP=0.01, lxG=0.32, lxGt=20.02, lp=0.02, lg=1.94, aP=100.00, aGinf=91.50, aGt=65.75
2025-12-18 08:41:21,444: MaxHebb=0.25189, T=1.00, F=1.00, L=1.00, train_i=301000, total_steps=7525000
2025-12-18 08:41:21,444: it=301000, lxP=0.00, lxG=0.05, lxGt=23.75, lp=0.02, lg=1.97, aP=100.00, aGinf=90.25, aGt=67.50
2025-12-18 08:41:48,838: MaxHebb=0.24380, T=1.00, F=1.00, L=1.00, train_i=301100, total_steps=7527500
2025-12-18 08:41:48,838: it=301100, lxP=0.00, lxG=0.21, lxGt=18.27, lp=0.01, lg=1.95, aP=100.00, aGinf=90.25, aGt=69.50
2025-12-18 08:42:16,247: MaxHebb=0.24992, T=1.00, F=1.00, L=1.00, train_i=301200, total_steps=7530000
2025-12-18 08:42:16,247: it=301200, lxP=0.01, lxG=0.11, lxGt=22.26, lp=0.02, lg=1.95, aP=100.00, aGinf=95.75, aGt=68.50
2025-12-18 08:42:45,102: MaxHebb=0.24229, T=1.00, F=1.00, L=1.00, train_i=301300, total_steps=7532500
2025-12-18 08:42:45,102: it=301300, lxP=0.00, lxG=0.03, lxGt=21.59, lp=0.01, lg=1.95, aP=100.00, aGinf=96.00, aGt=70.50
2025-12-18 08:43:12,474: MaxHebb=0.23926, T=1.00, F=1.00, L=1.00, train_i=301400, total_steps=7535000
2025-12-18 08:43:12,474: it=301400, lxP=0.00, lxG=0.06, lxGt=20.53, lp=0.02, lg=2.01, aP=100.00, aGinf=93.25, aGt=67.75
2025-12-18 08:43:39,885: MaxHebb=0.24386, T=1.00, F=1.00, L=1.00, train_i=301500, total_steps=7537500
2025-12-18 08:43:39,885: it=301500, lxP=0.00, lxG=0.06, lxGt=20.82, lp=0.02, lg=1.97, aP=100.00, aGinf=89.25, aGt=61.75
2025-12-18 08:44:07,256: MaxHebb=0.23678, T=1.00, F=1.00, L=1.00, train_i=301600, total_steps=7540000
2025-12-18 08:44:07,256: it=301600, lxP=0.00, lxG=0.08, lxGt=20.21, lp=0.01, lg=1.96, aP=100.00, aGinf=93.25, aGt=67.25
2025-12-18 08:44:36,141: MaxHebb=0.24424, T=1.00, F=1.00, L=1.00, train_i=301700, total_steps=7542500
2025-12-18 08:44:36,142: it=301700, lxP=0.01, lxG=0.05, lxGt=19.70, lp=0.02, lg=1.99, aP=100.00, aGinf=90.25, aGt=65.50
2025-12-18 08:45:03,548: MaxHebb=0.24958, T=1.00, F=1.00, L=1.00, train_i=301800, total_steps=7545000
2025-12-18 08:45:03,548: it=301800, lxP=0.01, lxG=0.03, lxGt=18.80, lp=0.03, lg=1.96, aP=100.00, aGinf=91.50, aGt=68.00
2025-12-18 08:45:30,929: MaxHebb=0.24592, T=1.00, F=1.00, L=1.00, train_i=301900, total_steps=7547500
2025-12-18 08:45:30,929: it=301900, lxP=0.00, lxG=0.55, lxGt=19.40, lp=0.04, lg=2.00, aP=100.00, aGinf=88.50, aGt=65.25
2025-12-18 08:45:58,397: MaxHebb=0.24746, T=1.00, F=1.00, L=1.00, train_i=302000, total_steps=7550000
2025-12-18 08:45:58,397: it=302000, lxP=0.00, lxG=0.02, lxGt=24.54, lp=0.01, lg=1.96, aP=100.00, aGinf=92.25, aGt=62.75
2025-12-18 08:45:59,964: save data time 0.13, train_i=302000.00, total_steps=7550000.00
2025-12-18 08:46:27,385: MaxHebb=0.24340, T=1.00, F=1.00, L=1.00, train_i=302100, total_steps=7552500
2025-12-18 08:46:27,385: it=302100, lxP=0.00, lxG=0.20, lxGt=16.98, lp=0.02, lg=1.98, aP=100.00, aGinf=94.50, aGt=71.25
2025-12-18 08:46:54,848: MaxHebb=0.25115, T=1.00, F=1.00, L=1.00, train_i=302200, total_steps=7555000
2025-12-18 08:46:54,848: it=302200, lxP=0.01, lxG=0.05, lxGt=17.69, lp=0.02, lg=1.96, aP=100.00, aGinf=90.00, aGt=68.00
2025-12-18 08:47:22,255: MaxHebb=0.24425, T=1.00, F=1.00, L=1.00, train_i=302300, total_steps=7557500
2025-12-18 08:47:22,255: it=302300, lxP=0.00, lxG=0.01, lxGt=18.97, lp=0.02, lg=1.97, aP=100.00, aGinf=91.25, aGt=67.00
2025-12-18 08:47:49,635: MaxHebb=0.24758, T=1.00, F=1.00, L=1.00, train_i=302400, total_steps=7560000
2025-12-18 08:47:49,635: it=302400, lxP=0.00, lxG=0.02, lxGt=20.41, lp=0.02, lg=1.99, aP=100.00, aGinf=95.00, aGt=70.25
2025-12-18 08:48:18,529: MaxHebb=0.24384, T=1.00, F=1.00, L=1.00, train_i=302500, total_steps=7562500
2025-12-18 08:48:18,529: it=302500, lxP=0.00, lxG=0.01, lxGt=17.83, lp=0.02, lg=2.01, aP=100.00, aGinf=91.50, aGt=67.50
2025-12-18 08:48:45,977: MaxHebb=0.24601, T=1.00, F=1.00, L=1.00, train_i=302600, total_steps=7565000
2025-12-18 08:48:45,977: it=302600, lxP=0.00, lxG=0.16, lxGt=24.78, lp=0.02, lg=1.98, aP=100.00, aGinf=91.75, aGt=63.50
2025-12-18 08:49:13,355: MaxHebb=0.24582, T=1.00, F=1.00, L=1.00, train_i=302700, total_steps=7567500
2025-12-18 08:49:13,355: it=302700, lxP=0.00, lxG=0.04, lxGt=21.48, lp=0.01, lg=1.99, aP=100.00, aGinf=91.00, aGt=65.75
2025-12-18 08:49:40,786: MaxHebb=0.24507, T=1.00, F=1.00, L=1.00, train_i=302800, total_steps=7570000
2025-12-18 08:49:40,787: it=302800, lxP=0.01, lxG=0.05, lxGt=22.85, lp=0.02, lg=1.96, aP=100.00, aGinf=92.00, aGt=63.75
2025-12-18 08:50:09,667: MaxHebb=0.24281, T=1.00, F=1.00, L=1.00, train_i=302900, total_steps=7572500
2025-12-18 08:50:09,667: it=302900, lxP=0.00, lxG=0.02, lxGt=21.57, lp=0.01, lg=1.99, aP=100.00, aGinf=90.50, aGt=65.00
2025-12-18 08:50:37,050: MaxHebb=0.24893, T=1.00, F=1.00, L=1.00, train_i=303000, total_steps=7575000
2025-12-18 08:50:37,051: it=303000, lxP=0.00, lxG=0.12, lxGt=17.68, lp=0.03, lg=1.98, aP=100.00, aGinf=85.00, aGt=66.50
2025-12-18 08:51:04,499: MaxHebb=0.24793, T=1.00, F=1.00, L=1.00, train_i=303100, total_steps=7577500
2025-12-18 08:51:04,500: it=303100, lxP=0.02, lxG=0.03, lxGt=18.59, lp=0.01, lg=1.94, aP=100.00, aGinf=92.25, aGt=67.00
2025-12-18 08:51:31,955: MaxHebb=0.24442, T=1.00, F=1.00, L=1.00, train_i=303200, total_steps=7580000
2025-12-18 08:51:31,956: it=303200, lxP=0.00, lxG=0.00, lxGt=19.98, lp=0.03, lg=2.02, aP=100.00, aGinf=86.00, aGt=61.25
2025-12-18 08:52:00,748: MaxHebb=0.24231, T=1.00, F=1.00, L=1.00, train_i=303300, total_steps=7582500
2025-12-18 08:52:00,748: it=303300, lxP=0.00, lxG=0.03, lxGt=17.79, lp=0.03, lg=1.97, aP=100.00, aGinf=92.50, aGt=70.75
2025-12-18 08:52:28,139: MaxHebb=0.24575, T=1.00, F=1.00, L=1.00, train_i=303400, total_steps=7585000
2025-12-18 08:52:28,140: it=303400, lxP=0.00, lxG=0.17, lxGt=23.33, lp=0.02, lg=2.02, aP=100.00, aGinf=92.25, aGt=65.00
2025-12-18 08:52:55,478: MaxHebb=0.24765, T=1.00, F=1.00, L=1.00, train_i=303500, total_steps=7587500
2025-12-18 08:52:55,478: it=303500, lxP=0.01, lxG=0.14, lxGt=22.19, lp=0.02, lg=1.97, aP=100.00, aGinf=91.75, aGt=66.75
2025-12-18 08:53:22,899: MaxHebb=0.24860, T=1.00, F=1.00, L=1.00, train_i=303600, total_steps=7590000
2025-12-18 08:53:22,899: it=303600, lxP=0.00, lxG=0.02, lxGt=20.13, lp=0.03, lg=1.98, aP=100.00, aGinf=93.75, aGt=67.50
2025-12-18 08:53:51,648: MaxHebb=0.24501, T=1.00, F=1.00, L=1.00, train_i=303700, total_steps=7592500
2025-12-18 08:53:51,648: it=303700, lxP=0.01, lxG=0.10, lxGt=17.65, lp=0.01, lg=1.97, aP=100.00, aGinf=95.00, aGt=71.25
2025-12-18 08:54:19,116: MaxHebb=0.25196, T=1.00, F=1.00, L=1.00, train_i=303800, total_steps=7595000
2025-12-18 08:54:19,116: it=303800, lxP=0.00, lxG=0.25, lxGt=23.10, lp=0.01, lg=2.00, aP=100.00, aGinf=87.50, aGt=64.00
2025-12-18 08:54:46,504: MaxHebb=0.24823, T=1.00, F=1.00, L=1.00, train_i=303900, total_steps=7597500
2025-12-18 08:54:46,504: it=303900, lxP=0.00, lxG=0.02, lxGt=21.14, lp=0.03, lg=2.00, aP=100.00, aGinf=93.50, aGt=68.00
2025-12-18 08:55:13,892: MaxHebb=0.24558, T=1.00, F=1.00, L=1.00, train_i=304000, total_steps=7600000
2025-12-18 08:55:13,892: it=304000, lxP=0.00, lxG=0.02, lxGt=15.96, lp=0.02, lg=1.97, aP=100.00, aGinf=92.00, aGt=72.25
2025-12-18 08:55:15,379: save data time 0.11, train_i=304000.00, total_steps=7600000.00
2025-12-18 08:55:42,731: MaxHebb=0.24536, T=1.00, F=1.00, L=1.00, train_i=304100, total_steps=7602500
2025-12-18 08:55:42,731: it=304100, lxP=0.00, lxG=0.01, lxGt=18.83, lp=0.03, lg=2.02, aP=100.00, aGinf=89.50, aGt=66.50
2025-12-18 08:56:10,121: MaxHebb=0.24728, T=1.00, F=1.00, L=1.00, train_i=304200, total_steps=7605000
2025-12-18 08:56:10,121: it=304200, lxP=0.00, lxG=0.40, lxGt=22.07, lp=0.01, lg=2.05, aP=100.00, aGinf=94.25, aGt=72.25
2025-12-18 08:56:37,461: MaxHebb=0.24280, T=1.00, F=1.00, L=1.00, train_i=304300, total_steps=7607500
2025-12-18 08:56:37,461: it=304300, lxP=0.00, lxG=0.15, lxGt=21.16, lp=0.02, lg=2.05, aP=100.00, aGinf=93.00, aGt=69.50
2025-12-18 08:57:04,782: MaxHebb=0.24191, T=1.00, F=1.00, L=1.00, train_i=304400, total_steps=7610000
2025-12-18 08:57:04,782: it=304400, lxP=0.00, lxG=0.01, lxGt=20.42, lp=0.03, lg=2.00, aP=100.00, aGinf=89.75, aGt=67.00
2025-12-18 08:57:33,616: MaxHebb=0.24102, T=1.00, F=1.00, L=1.00, train_i=304500, total_steps=7612500
2025-12-18 08:57:33,616: it=304500, lxP=0.01, lxG=0.11, lxGt=24.82, lp=0.01, lg=1.97, aP=100.00, aGinf=92.75, aGt=67.00
2025-12-18 08:58:01,073: MaxHebb=0.23141, T=1.00, F=1.00, L=1.00, train_i=304600, total_steps=7615000
2025-12-18 08:58:01,073: it=304600, lxP=0.00, lxG=0.05, lxGt=23.16, lp=0.02, lg=2.00, aP=100.00, aGinf=90.00, aGt=67.25
2025-12-18 08:58:28,455: MaxHebb=0.24108, T=1.00, F=1.00, L=1.00, train_i=304700, total_steps=7617500
2025-12-18 08:58:28,455: it=304700, lxP=0.00, lxG=0.03, lxGt=17.81, lp=0.03, lg=2.00, aP=100.00, aGinf=90.75, aGt=67.75
2025-12-18 08:58:55,867: MaxHebb=0.23840, T=1.00, F=1.00, L=1.00, train_i=304800, total_steps=7620000
2025-12-18 08:58:55,867: it=304800, lxP=0.01, lxG=0.23, lxGt=23.41, lp=0.01, lg=1.96, aP=100.00, aGinf=94.25, aGt=67.50
2025-12-18 08:59:24,674: MaxHebb=0.23691, T=1.00, F=1.00, L=1.00, train_i=304900, total_steps=7622500
2025-12-18 08:59:24,674: it=304900, lxP=0.01, lxG=0.03, lxGt=22.39, lp=0.01, lg=1.98, aP=100.00, aGinf=97.50, aGt=69.25
2025-12-18 08:59:52,074: MaxHebb=0.23469, T=1.00, F=1.00, L=1.00, train_i=305000, total_steps=7625000
2025-12-18 08:59:52,074: it=305000, lxP=0.00, lxG=0.04, lxGt=20.01, lp=0.04, lg=1.99, aP=100.00, aGinf=86.00, aGt=62.00
2025-12-18 09:00:19,512: MaxHebb=0.24084, T=1.00, F=1.00, L=1.00, train_i=305100, total_steps=7627500
2025-12-18 09:00:19,512: it=305100, lxP=0.00, lxG=0.02, lxGt=23.52, lp=0.01, lg=1.97, aP=100.00, aGinf=88.25, aGt=61.00
2025-12-18 09:00:46,851: MaxHebb=0.23949, T=1.00, F=1.00, L=1.00, train_i=305200, total_steps=7630000
2025-12-18 09:00:46,851: it=305200, lxP=0.00, lxG=0.01, lxGt=19.49, lp=0.01, lg=1.99, aP=100.00, aGinf=87.75, aGt=63.00
2025-12-18 09:01:15,649: MaxHebb=0.24044, T=1.00, F=1.00, L=1.00, train_i=305300, total_steps=7632500
2025-12-18 09:01:15,649: it=305300, lxP=0.00, lxG=0.65, lxGt=20.52, lp=0.02, lg=1.95, aP=100.00, aGinf=85.75, aGt=62.00
2025-12-18 09:01:43,026: MaxHebb=0.23592, T=1.00, F=1.00, L=1.00, train_i=305400, total_steps=7635000
2025-12-18 09:01:43,026: it=305400, lxP=0.00, lxG=0.02, lxGt=20.91, lp=0.03, lg=1.98, aP=100.00, aGinf=87.25, aGt=63.75
2025-12-18 09:02:10,403: MaxHebb=0.23402, T=1.00, F=1.00, L=1.00, train_i=305500, total_steps=7637500
2025-12-18 09:02:10,403: it=305500, lxP=0.00, lxG=0.08, lxGt=21.98, lp=0.01, lg=1.96, aP=100.00, aGinf=90.50, aGt=66.25
2025-12-18 09:02:37,743: MaxHebb=0.23101, T=1.00, F=1.00, L=1.00, train_i=305600, total_steps=7640000
2025-12-18 09:02:37,743: it=305600, lxP=0.00, lxG=0.10, lxGt=21.64, lp=0.01, lg=1.96, aP=100.00, aGinf=90.50, aGt=66.00
2025-12-18 09:03:06,572: MaxHebb=0.23955, T=1.00, F=1.00, L=1.00, train_i=305700, total_steps=7642500
2025-12-18 09:03:06,572: it=305700, lxP=0.00, lxG=0.35, lxGt=18.69, lp=0.02, lg=1.99, aP=100.00, aGinf=89.25, aGt=66.00
2025-12-18 09:03:33,945: MaxHebb=0.23403, T=1.00, F=1.00, L=1.00, train_i=305800, total_steps=7645000
2025-12-18 09:03:33,945: it=305800, lxP=0.00, lxG=0.43, lxGt=22.39, lp=0.02, lg=1.97, aP=100.00, aGinf=89.75, aGt=62.50
2025-12-18 09:04:01,284: MaxHebb=0.23824, T=1.00, F=1.00, L=1.00, train_i=305900, total_steps=7647500
2025-12-18 09:04:01,284: it=305900, lxP=0.00, lxG=0.12, lxGt=22.43, lp=0.03, lg=1.99, aP=100.00, aGinf=91.00, aGt=66.00
2025-12-18 09:04:28,626: MaxHebb=0.23861, T=1.00, F=1.00, L=1.00, train_i=306000, total_steps=7650000
2025-12-18 09:04:28,626: it=306000, lxP=0.01, lxG=0.10, lxGt=20.42, lp=0.01, lg=1.95, aP=100.00, aGinf=95.75, aGt=74.00
2025-12-18 09:04:30,148: save data time 0.10, train_i=306000.00, total_steps=7650000.00
2025-12-18 09:04:57,586: MaxHebb=0.23218, T=1.00, F=1.00, L=1.00, train_i=306100, total_steps=7652500
2025-12-18 09:04:57,586: it=306100, lxP=0.00, lxG=0.01, lxGt=22.17, lp=0.01, lg=1.96, aP=100.00, aGinf=93.75, aGt=66.25
2025-12-18 09:05:24,952: MaxHebb=0.24037, T=1.00, F=1.00, L=1.00, train_i=306200, total_steps=7655000
2025-12-18 09:05:24,952: it=306200, lxP=0.03, lxG=0.03, lxGt=21.39, lp=0.02, lg=1.91, aP=100.00, aGinf=92.00, aGt=66.25
2025-12-18 09:05:52,273: MaxHebb=0.23414, T=1.00, F=1.00, L=1.00, train_i=306300, total_steps=7657500
2025-12-18 09:05:52,273: it=306300, lxP=0.01, lxG=0.14, lxGt=19.84, lp=0.02, lg=1.95, aP=100.00, aGinf=87.25, aGt=66.25
2025-12-18 09:06:19,660: MaxHebb=0.23967, T=1.00, F=1.00, L=1.00, train_i=306400, total_steps=7660000
2025-12-18 09:06:19,660: it=306400, lxP=0.00, lxG=0.12, lxGt=21.59, lp=0.01, lg=1.97, aP=100.00, aGinf=94.25, aGt=70.00
2025-12-18 09:06:48,569: MaxHebb=0.24078, T=1.00, F=1.00, L=1.00, train_i=306500, total_steps=7662500
2025-12-18 09:06:48,569: it=306500, lxP=0.00, lxG=0.04, lxGt=19.35, lp=0.02, lg=1.97, aP=100.00, aGinf=90.00, aGt=65.00
2025-12-18 09:07:15,992: MaxHebb=0.24055, T=1.00, F=1.00, L=1.00, train_i=306600, total_steps=7665000
2025-12-18 09:07:15,992: it=306600, lxP=0.00, lxG=0.08, lxGt=19.44, lp=0.02, lg=1.96, aP=100.00, aGinf=91.25, aGt=67.50
2025-12-18 09:07:43,419: MaxHebb=0.23420, T=1.00, F=1.00, L=1.00, train_i=306700, total_steps=7667500
2025-12-18 09:07:43,419: it=306700, lxP=0.01, lxG=0.05, lxGt=20.82, lp=0.01, lg=1.96, aP=100.00, aGinf=90.00, aGt=69.00
2025-12-18 09:08:10,920: MaxHebb=0.24118, T=1.00, F=1.00, L=1.00, train_i=306800, total_steps=7670000
2025-12-18 09:08:10,921: it=306800, lxP=0.00, lxG=0.02, lxGt=20.70, lp=0.02, lg=1.95, aP=100.00, aGinf=91.00, aGt=65.75
2025-12-18 09:08:39,764: MaxHebb=0.23730, T=1.00, F=1.00, L=1.00, train_i=306900, total_steps=7672500
2025-12-18 09:08:39,764: it=306900, lxP=0.00, lxG=0.10, lxGt=21.08, lp=0.01, lg=1.95, aP=100.00, aGinf=92.50, aGt=68.25
2025-12-18 09:09:07,216: MaxHebb=0.23963, T=1.00, F=1.00, L=1.00, train_i=307000, total_steps=7675000
2025-12-18 09:09:07,216: it=307000, lxP=0.01, lxG=0.14, lxGt=21.09, lp=0.03, lg=1.93, aP=100.00, aGinf=92.25, aGt=68.25
2025-12-18 09:09:34,571: MaxHebb=0.24339, T=1.00, F=1.00, L=1.00, train_i=307100, total_steps=7677500
2025-12-18 09:09:34,571: it=307100, lxP=0.00, lxG=0.27, lxGt=19.76, lp=0.02, lg=1.95, aP=100.00, aGinf=91.25, aGt=68.50
2025-12-18 09:10:01,897: MaxHebb=0.24021, T=1.00, F=1.00, L=1.00, train_i=307200, total_steps=7680000
2025-12-18 09:10:01,897: it=307200, lxP=0.00, lxG=0.01, lxGt=21.29, lp=0.02, lg=1.97, aP=100.00, aGinf=90.50, aGt=65.25
2025-12-18 09:10:30,710: MaxHebb=0.23924, T=1.00, F=1.00, L=1.00, train_i=307300, total_steps=7682500
2025-12-18 09:10:30,710: it=307300, lxP=0.00, lxG=0.16, lxGt=18.43, lp=0.03, lg=1.94, aP=100.00, aGinf=88.75, aGt=65.25
2025-12-18 09:10:58,078: MaxHebb=0.23722, T=1.00, F=1.00, L=1.00, train_i=307400, total_steps=7685000
2025-12-18 09:10:58,078: it=307400, lxP=0.00, lxG=0.14, lxGt=22.10, lp=0.01, lg=1.93, aP=100.00, aGinf=94.75, aGt=70.00
2025-12-18 09:11:25,466: MaxHebb=0.23858, T=1.00, F=1.00, L=1.00, train_i=307500, total_steps=7687500
2025-12-18 09:11:25,466: it=307500, lxP=0.03, lxG=0.04, lxGt=20.65, lp=0.03, lg=1.94, aP=100.00, aGinf=87.50, aGt=64.50
2025-12-18 09:11:52,755: MaxHebb=0.19512, T=1.00, F=1.00, L=1.00, train_i=307600, total_steps=7690000
2025-12-18 09:11:52,755: it=307600, lxP=0.00, lxG=0.04, lxGt=20.54, lp=0.02, lg=1.94, aP=100.00, aGinf=90.75, aGt=67.50
2025-12-18 09:12:21,498: MaxHebb=0.24545, T=1.00, F=1.00, L=1.00, train_i=307700, total_steps=7692500
2025-12-18 09:12:21,498: it=307700, lxP=0.01, lxG=0.05, lxGt=19.83, lp=0.03, lg=1.94, aP=100.00, aGinf=93.75, aGt=70.25
2025-12-18 09:12:48,833: MaxHebb=0.24193, T=1.00, F=1.00, L=1.00, train_i=307800, total_steps=7695000
2025-12-18 09:12:48,833: it=307800, lxP=0.00, lxG=0.04, lxGt=17.25, lp=0.04, lg=1.95, aP=100.00, aGinf=89.50, aGt=66.75
2025-12-18 09:13:16,226: MaxHebb=0.24090, T=1.00, F=1.00, L=1.00, train_i=307900, total_steps=7697500
2025-12-18 09:13:16,226: it=307900, lxP=0.01, lxG=0.05, lxGt=18.83, lp=0.03, lg=1.97, aP=100.00, aGinf=91.50, aGt=68.25
2025-12-18 09:13:43,538: MaxHebb=0.25347, T=1.00, F=1.00, L=1.00, train_i=308000, total_steps=7700000
2025-12-18 09:13:43,538: it=308000, lxP=0.00, lxG=0.16, lxGt=22.71, lp=0.02, lg=1.95, aP=100.00, aGinf=97.25, aGt=73.00
2025-12-18 09:13:45,119: save data time 0.12, train_i=308000.00, total_steps=7700000.00
2025-12-18 09:14:12,454: MaxHebb=0.24306, T=1.00, F=1.00, L=1.00, train_i=308100, total_steps=7702500
2025-12-18 09:14:12,454: it=308100, lxP=0.00, lxG=0.07, lxGt=22.35, lp=0.02, lg=1.96, aP=100.00, aGinf=92.25, aGt=67.00
2025-12-18 09:14:39,835: MaxHebb=0.23749, T=1.00, F=1.00, L=1.00, train_i=308200, total_steps=7705000
2025-12-18 09:14:39,835: it=308200, lxP=0.01, lxG=0.13, lxGt=22.30, lp=0.03, lg=1.96, aP=100.00, aGinf=92.50, aGt=66.50
2025-12-18 09:15:07,213: MaxHebb=0.24637, T=1.00, F=1.00, L=1.00, train_i=308300, total_steps=7707500
2025-12-18 09:15:07,213: it=308300, lxP=0.01, lxG=0.03, lxGt=22.26, lp=0.01, lg=1.93, aP=100.00, aGinf=94.75, aGt=68.75
2025-12-18 09:15:34,456: MaxHebb=0.24426, T=1.00, F=1.00, L=1.00, train_i=308400, total_steps=7710000
2025-12-18 09:15:34,456: it=308400, lxP=0.00, lxG=0.17, lxGt=16.64, lp=0.04, lg=1.93, aP=100.00, aGinf=90.75, aGt=66.50
2025-12-18 09:16:03,258: MaxHebb=0.23707, T=1.00, F=1.00, L=1.00, train_i=308500, total_steps=7712500
2025-12-18 09:16:03,258: it=308500, lxP=0.02, lxG=0.12, lxGt=20.71, lp=0.02, lg=1.91, aP=100.00, aGinf=90.25, aGt=66.50
2025-12-18 09:16:30,593: MaxHebb=0.24517, T=1.00, F=1.00, L=1.00, train_i=308600, total_steps=7715000
2025-12-18 09:16:30,594: it=308600, lxP=0.00, lxG=0.01, lxGt=17.46, lp=0.03, lg=1.94, aP=100.00, aGinf=92.50, aGt=68.50
2025-12-18 09:16:57,951: MaxHebb=0.24197, T=1.00, F=1.00, L=1.00, train_i=308700, total_steps=7717500
2025-12-18 09:16:57,951: it=308700, lxP=0.01, lxG=0.02, lxGt=19.30, lp=0.02, lg=1.94, aP=100.00, aGinf=89.75, aGt=65.75
2025-12-18 09:17:25,318: MaxHebb=0.24588, T=1.00, F=1.00, L=1.00, train_i=308800, total_steps=7720000
2025-12-18 09:17:25,318: it=308800, lxP=0.02, lxG=0.05, lxGt=18.60, lp=0.02, lg=1.93, aP=100.00, aGinf=92.25, aGt=70.75
2025-12-18 09:17:54,046: MaxHebb=0.23792, T=1.00, F=1.00, L=1.00, train_i=308900, total_steps=7722500
2025-12-18 09:17:54,046: it=308900, lxP=0.11, lxG=0.68, lxGt=21.18, lp=0.03, lg=1.91, aP=100.00, aGinf=87.00, aGt=65.00
2025-12-18 09:18:21,350: MaxHebb=0.23963, T=1.00, F=1.00, L=1.00, train_i=309000, total_steps=7725000
2025-12-18 09:18:21,351: it=309000, lxP=0.00, lxG=0.08, lxGt=20.12, lp=0.01, lg=1.92, aP=100.00, aGinf=94.75, aGt=70.25
2025-12-18 09:18:48,760: MaxHebb=0.24065, T=1.00, F=1.00, L=1.00, train_i=309100, total_steps=7727500
2025-12-18 09:18:48,760: it=309100, lxP=0.04, lxG=0.27, lxGt=21.76, lp=0.02, lg=1.91, aP=100.00, aGinf=92.75, aGt=68.50
2025-12-18 09:19:16,077: MaxHebb=0.24618, T=1.00, F=1.00, L=1.00, train_i=309200, total_steps=7730000
2025-12-18 09:19:16,077: it=309200, lxP=0.01, lxG=0.13, lxGt=21.28, lp=0.01, lg=1.91, aP=100.00, aGinf=94.25, aGt=68.25
2025-12-18 09:19:44,864: MaxHebb=0.23944, T=1.00, F=1.00, L=1.00, train_i=309300, total_steps=7732500
2025-12-18 09:19:44,864: it=309300, lxP=0.01, lxG=0.03, lxGt=21.02, lp=0.02, lg=1.90, aP=100.00, aGinf=89.50, aGt=66.75
2025-12-18 09:20:12,252: MaxHebb=0.24149, T=1.00, F=1.00, L=1.00, train_i=309400, total_steps=7735000
2025-12-18 09:20:12,253: it=309400, lxP=0.02, lxG=0.32, lxGt=16.91, lp=0.02, lg=1.92, aP=100.00, aGinf=90.50, aGt=65.25
2025-12-18 09:20:39,595: MaxHebb=0.24222, T=1.00, F=1.00, L=1.00, train_i=309500, total_steps=7737500
2025-12-18 09:20:39,595: it=309500, lxP=0.00, lxG=1.27, lxGt=21.43, lp=0.03, lg=1.95, aP=100.00, aGinf=88.75, aGt=65.75
2025-12-18 09:21:06,996: MaxHebb=0.25271, T=1.00, F=1.00, L=1.00, train_i=309600, total_steps=7740000
2025-12-18 09:21:06,996: it=309600, lxP=0.07, lxG=0.03, lxGt=23.16, lp=0.03, lg=1.91, aP=100.00, aGinf=92.50, aGt=66.00
2025-12-18 09:21:35,765: MaxHebb=0.24486, T=1.00, F=1.00, L=1.00, train_i=309700, total_steps=7742500
2025-12-18 09:21:35,765: it=309700, lxP=0.00, lxG=0.01, lxGt=17.81, lp=0.02, lg=1.93, aP=100.00, aGinf=91.00, aGt=68.75
2025-12-18 09:22:03,122: MaxHebb=0.24780, T=1.00, F=1.00, L=1.00, train_i=309800, total_steps=7745000
2025-12-18 09:22:03,122: it=309800, lxP=0.01, lxG=0.06, lxGt=21.30, lp=0.03, lg=1.96, aP=100.00, aGinf=88.50, aGt=62.50
2025-12-18 09:22:30,430: MaxHebb=0.23887, T=1.00, F=1.00, L=1.00, train_i=309900, total_steps=7747500
2025-12-18 09:22:30,430: it=309900, lxP=0.01, lxG=0.11, lxGt=19.51, lp=0.02, lg=1.96, aP=100.00, aGinf=93.25, aGt=71.25
2025-12-18 09:22:57,864: MaxHebb=0.24572, T=1.00, F=1.00, L=1.00, train_i=310000, total_steps=7750000
2025-12-18 09:22:57,864: it=310000, lxP=0.01, lxG=0.01, lxGt=19.14, lp=0.02, lg=1.95, aP=100.00, aGinf=95.00, aGt=72.25
2025-12-18 09:22:59,412: save data time 0.11, train_i=310000.00, total_steps=7750000.00
2025-12-18 09:23:26,760: MaxHebb=0.24140, T=1.00, F=1.00, L=1.00, train_i=310100, total_steps=7752500
2025-12-18 09:23:26,760: it=310100, lxP=0.00, lxG=0.03, lxGt=24.18, lp=0.01, lg=1.93, aP=100.00, aGinf=94.50, aGt=66.75
2025-12-18 09:23:54,176: MaxHebb=0.24779, T=1.00, F=1.00, L=1.00, train_i=310200, total_steps=7755000
2025-12-18 09:23:54,176: it=310200, lxP=0.00, lxG=0.06, lxGt=18.65, lp=0.01, lg=1.90, aP=100.00, aGinf=84.25, aGt=61.50
2025-12-18 09:24:21,621: MaxHebb=0.23397, T=1.00, F=1.00, L=1.00, train_i=310300, total_steps=7757500
2025-12-18 09:24:21,621: it=310300, lxP=0.00, lxG=0.18, lxGt=23.67, lp=0.03, lg=1.94, aP=100.00, aGinf=88.75, aGt=62.75
2025-12-18 09:24:48,893: MaxHebb=0.24433, T=1.00, F=1.00, L=1.00, train_i=310400, total_steps=7760000
2025-12-18 09:24:48,893: it=310400, lxP=0.00, lxG=0.03, lxGt=17.40, lp=0.04, lg=1.94, aP=100.00, aGinf=89.75, aGt=65.75
2025-12-18 09:25:17,595: MaxHebb=0.24576, T=1.00, F=1.00, L=1.00, train_i=310500, total_steps=7762500
2025-12-18 09:25:17,595: it=310500, lxP=0.00, lxG=1.78, lxGt=20.66, lp=0.02, lg=1.96, aP=100.00, aGinf=85.50, aGt=63.50
2025-12-18 09:25:44,976: MaxHebb=0.24133, T=1.00, F=1.00, L=1.00, train_i=310600, total_steps=7765000
2025-12-18 09:25:44,977: it=310600, lxP=0.01, lxG=0.13, lxGt=25.20, lp=0.01, lg=1.92, aP=100.00, aGinf=91.25, aGt=67.50
2025-12-18 09:26:12,359: MaxHebb=0.24593, T=1.00, F=1.00, L=1.00, train_i=310700, total_steps=7767500
2025-12-18 09:26:12,359: it=310700, lxP=0.00, lxG=0.07, lxGt=16.65, lp=0.04, lg=1.92, aP=100.00, aGinf=83.50, aGt=61.25
2025-12-18 09:26:39,820: MaxHebb=0.23845, T=1.00, F=1.00, L=1.00, train_i=310800, total_steps=7770000
2025-12-18 09:26:39,820: it=310800, lxP=0.00, lxG=0.33, lxGt=20.67, lp=0.01, lg=1.94, aP=100.00, aGinf=89.75, aGt=68.00
2025-12-18 09:27:08,635: MaxHebb=0.24253, T=1.00, F=1.00, L=1.00, train_i=310900, total_steps=7772500
2025-12-18 09:27:08,635: it=310900, lxP=0.00, lxG=0.04, lxGt=21.55, lp=0.01, lg=1.95, aP=100.00, aGinf=94.50, aGt=68.00
2025-12-18 09:27:35,894: MaxHebb=0.24584, T=1.00, F=1.00, L=1.00, train_i=311000, total_steps=7775000
2025-12-18 09:27:35,894: it=311000, lxP=0.00, lxG=0.04, lxGt=23.76, lp=0.01, lg=1.96, aP=100.00, aGinf=93.75, aGt=70.00
2025-12-18 09:28:03,218: MaxHebb=0.23761, T=1.00, F=1.00, L=1.00, train_i=311100, total_steps=7777500
2025-12-18 09:28:03,218: it=311100, lxP=0.00, lxG=0.00, lxGt=20.41, lp=0.02, lg=1.97, aP=100.00, aGinf=91.75, aGt=67.75
2025-12-18 09:28:30,623: MaxHebb=0.23581, T=1.00, F=1.00, L=1.00, train_i=311200, total_steps=7780000
2025-12-18 09:28:30,623: it=311200, lxP=0.00, lxG=0.35, lxGt=24.20, lp=0.02, lg=1.98, aP=100.00, aGinf=91.25, aGt=64.00
2025-12-18 09:28:59,345: MaxHebb=0.24071, T=1.00, F=1.00, L=1.00, train_i=311300, total_steps=7782500
2025-12-18 09:28:59,345: it=311300, lxP=0.00, lxG=0.06, lxGt=22.53, lp=0.02, lg=1.99, aP=100.00, aGinf=93.75, aGt=68.50
2025-12-18 09:29:26,693: MaxHebb=0.24803, T=1.00, F=1.00, L=1.00, train_i=311400, total_steps=7785000
2025-12-18 09:29:26,694: it=311400, lxP=0.00, lxG=0.04, lxGt=19.03, lp=0.01, lg=1.96, aP=100.00, aGinf=90.25, aGt=66.50
2025-12-18 09:29:54,029: MaxHebb=0.24689, T=1.00, F=1.00, L=1.00, train_i=311500, total_steps=7787500
2025-12-18 09:29:54,029: it=311500, lxP=0.03, lxG=0.45, lxGt=21.08, lp=0.02, lg=1.94, aP=100.00, aGinf=92.50, aGt=68.00
2025-12-18 09:30:21,347: MaxHebb=0.23996, T=1.00, F=1.00, L=1.00, train_i=311600, total_steps=7790000
2025-12-18 09:30:21,347: it=311600, lxP=0.00, lxG=0.21, lxGt=22.34, lp=0.02, lg=1.90, aP=100.00, aGinf=90.25, aGt=64.25
2025-12-18 09:30:50,164: MaxHebb=0.24780, T=1.00, F=1.00, L=1.00, train_i=311700, total_steps=7792500
2025-12-18 09:30:50,164: it=311700, lxP=0.00, lxG=0.24, lxGt=17.17, lp=0.02, lg=1.95, aP=100.00, aGinf=85.75, aGt=62.25
2025-12-18 09:31:17,502: MaxHebb=0.24478, T=1.00, F=1.00, L=1.00, train_i=311800, total_steps=7795000
2025-12-18 09:31:17,502: it=311800, lxP=0.00, lxG=0.18, lxGt=22.14, lp=0.02, lg=1.94, aP=100.00, aGinf=92.00, aGt=68.25
2025-12-18 09:31:44,775: MaxHebb=0.24086, T=1.00, F=1.00, L=1.00, train_i=311900, total_steps=7797500
2025-12-18 09:31:44,775: it=311900, lxP=0.00, lxG=0.00, lxGt=19.55, lp=0.01, lg=1.98, aP=100.00, aGinf=94.50, aGt=70.75
2025-12-18 09:32:12,041: MaxHebb=0.23689, T=1.00, F=1.00, L=1.00, train_i=312000, total_steps=7800000
2025-12-18 09:32:12,041: it=312000, lxP=0.00, lxG=0.03, lxGt=21.22, lp=0.01, lg=1.97, aP=100.00, aGinf=93.25, aGt=69.75
2025-12-18 09:32:13,603: save data time 0.12, train_i=312000.00, total_steps=7800000.00
2025-12-18 09:32:40,986: MaxHebb=0.24483, T=1.00, F=1.00, L=1.00, train_i=312100, total_steps=7802500
2025-12-18 09:32:40,986: it=312100, lxP=0.00, lxG=1.63, lxGt=20.71, lp=0.01, lg=1.93, aP=100.00, aGinf=94.25, aGt=71.50
2025-12-18 09:33:08,387: MaxHebb=0.24848, T=1.00, F=1.00, L=1.00, train_i=312200, total_steps=7805000
2025-12-18 09:33:08,387: it=312200, lxP=0.00, lxG=0.01, lxGt=21.53, lp=0.01, lg=1.94, aP=100.00, aGinf=95.00, aGt=68.75
2025-12-18 09:33:35,720: MaxHebb=0.24325, T=1.00, F=1.00, L=1.00, train_i=312300, total_steps=7807500
2025-12-18 09:33:35,721: it=312300, lxP=0.00, lxG=0.02, lxGt=20.02, lp=0.01, lg=1.98, aP=100.00, aGinf=95.00, aGt=70.00
2025-12-18 09:34:03,155: MaxHebb=0.24450, T=1.00, F=1.00, L=1.00, train_i=312400, total_steps=7810000
2025-12-18 09:34:03,155: it=312400, lxP=0.00, lxG=0.17, lxGt=17.76, lp=0.02, lg=1.97, aP=100.00, aGinf=87.00, aGt=62.75
2025-12-18 09:34:31,924: MaxHebb=0.24330, T=1.00, F=1.00, L=1.00, train_i=312500, total_steps=7812500
2025-12-18 09:34:31,924: it=312500, lxP=0.00, lxG=0.02, lxGt=19.61, lp=0.01, lg=1.97, aP=100.00, aGinf=93.50, aGt=68.75
2025-12-18 09:34:59,237: MaxHebb=0.23766, T=1.00, F=1.00, L=1.00, train_i=312600, total_steps=7815000
2025-12-18 09:34:59,238: it=312600, lxP=0.01, lxG=0.02, lxGt=23.87, lp=0.01, lg=1.97, aP=100.00, aGinf=93.25, aGt=69.25
2025-12-18 09:35:26,473: MaxHebb=0.23144, T=1.00, F=1.00, L=1.00, train_i=312700, total_steps=7817500
2025-12-18 09:35:26,473: it=312700, lxP=0.00, lxG=0.10, lxGt=19.82, lp=0.02, lg=1.95, aP=100.00, aGinf=88.75, aGt=67.50
2025-12-18 09:35:53,861: MaxHebb=0.23489, T=1.00, F=1.00, L=1.00, train_i=312800, total_steps=7820000
2025-12-18 09:35:53,861: it=312800, lxP=0.00, lxG=0.37, lxGt=23.63, lp=0.01, lg=1.96, aP=100.00, aGinf=94.75, aGt=68.00
2025-12-18 09:36:22,650: MaxHebb=0.24356, T=1.00, F=1.00, L=1.00, train_i=312900, total_steps=7822500
2025-12-18 09:36:22,650: it=312900, lxP=0.00, lxG=0.09, lxGt=22.45, lp=0.02, lg=1.96, aP=100.00, aGinf=92.50, aGt=66.50
2025-12-18 09:36:50,107: MaxHebb=0.23938, T=1.00, F=1.00, L=1.00, train_i=313000, total_steps=7825000
2025-12-18 09:36:50,107: it=313000, lxP=0.00, lxG=0.03, lxGt=20.65, lp=0.03, lg=1.96, aP=100.00, aGinf=89.50, aGt=68.00
2025-12-18 09:37:17,491: MaxHebb=0.24402, T=1.00, F=1.00, L=1.00, train_i=313100, total_steps=7827500
2025-12-18 09:37:17,491: it=313100, lxP=0.00, lxG=0.11, lxGt=22.26, lp=0.02, lg=1.99, aP=100.00, aGinf=92.75, aGt=66.75
2025-12-18 09:37:44,897: MaxHebb=0.23883, T=1.00, F=1.00, L=1.00, train_i=313200, total_steps=7830000
2025-12-18 09:37:44,897: it=313200, lxP=0.00, lxG=0.04, lxGt=21.62, lp=0.02, lg=1.95, aP=100.00, aGinf=90.75, aGt=65.00
2025-12-18 09:38:13,740: MaxHebb=0.24157, T=1.00, F=1.00, L=1.00, train_i=313300, total_steps=7832500
2025-12-18 09:38:13,741: it=313300, lxP=0.00, lxG=0.04, lxGt=20.73, lp=0.02, lg=1.92, aP=100.00, aGinf=91.00, aGt=68.75
2025-12-18 09:38:41,055: MaxHebb=0.23541, T=1.00, F=1.00, L=1.00, train_i=313400, total_steps=7835000
2025-12-18 09:38:41,055: it=313400, lxP=0.00, lxG=0.03, lxGt=21.57, lp=0.03, lg=1.92, aP=100.00, aGinf=87.50, aGt=63.75
2025-12-18 09:39:08,438: MaxHebb=0.23723, T=1.00, F=1.00, L=1.00, train_i=313500, total_steps=7837500
2025-12-18 09:39:08,438: it=313500, lxP=0.00, lxG=0.32, lxGt=19.25, lp=0.02, lg=1.92, aP=100.00, aGinf=90.50, aGt=66.75
2025-12-18 09:39:35,791: MaxHebb=0.23562, T=1.00, F=1.00, L=1.00, train_i=313600, total_steps=7840000
2025-12-18 09:39:35,791: it=313600, lxP=0.00, lxG=0.06, lxGt=23.11, lp=0.01, lg=1.91, aP=100.00, aGinf=94.25, aGt=70.75
2025-12-18 09:40:04,678: MaxHebb=0.23674, T=1.00, F=1.00, L=1.00, train_i=313700, total_steps=7842500
2025-12-18 09:40:04,678: it=313700, lxP=0.02, lxG=0.08, lxGt=19.21, lp=0.02, lg=1.88, aP=100.00, aGinf=93.25, aGt=68.50
2025-12-18 09:40:32,002: MaxHebb=0.23961, T=1.00, F=1.00, L=1.00, train_i=313800, total_steps=7845000
2025-12-18 09:40:32,002: it=313800, lxP=0.15, lxG=0.48, lxGt=19.58, lp=0.01, lg=1.91, aP=100.00, aGinf=90.50, aGt=69.75
2025-12-18 09:40:59,380: MaxHebb=0.24073, T=1.00, F=1.00, L=1.00, train_i=313900, total_steps=7847500
2025-12-18 09:40:59,380: it=313900, lxP=0.01, lxG=0.21, lxGt=20.55, lp=0.02, lg=1.92, aP=100.00, aGinf=89.50, aGt=64.00
2025-12-18 09:41:26,842: MaxHebb=0.24363, T=1.00, F=1.00, L=1.00, train_i=314000, total_steps=7850000
2025-12-18 09:41:26,842: it=314000, lxP=0.00, lxG=0.02, lxGt=24.23, lp=0.01, lg=1.96, aP=100.00, aGinf=94.50, aGt=67.25
2025-12-18 09:41:28,389: save data time 0.10, train_i=314000.00, total_steps=7850000.00
2025-12-18 09:41:55,911: MaxHebb=0.23330, T=1.00, F=1.00, L=1.00, train_i=314100, total_steps=7852500
2025-12-18 09:41:55,911: it=314100, lxP=0.02, lxG=0.13, lxGt=22.82, lp=0.01, lg=1.92, aP=100.00, aGinf=94.75, aGt=69.25
2025-12-18 09:42:23,433: MaxHebb=0.23773, T=1.00, F=1.00, L=1.00, train_i=314200, total_steps=7855000
2025-12-18 09:42:23,433: it=314200, lxP=0.01, lxG=0.01, lxGt=22.49, lp=0.01, lg=1.94, aP=100.00, aGinf=90.00, aGt=63.50
2025-12-18 09:42:50,883: MaxHebb=0.23457, T=1.00, F=1.00, L=1.00, train_i=314300, total_steps=7857500
2025-12-18 09:42:50,883: it=314300, lxP=0.00, lxG=0.03, lxGt=21.12, lp=0.03, lg=1.94, aP=100.00, aGinf=91.50, aGt=68.50
2025-12-18 09:43:18,373: MaxHebb=0.23795, T=1.00, F=1.00, L=1.00, train_i=314400, total_steps=7860000
2025-12-18 09:43:18,373: it=314400, lxP=0.01, lxG=0.42, lxGt=19.01, lp=0.02, lg=1.90, aP=100.00, aGinf=91.75, aGt=66.25
2025-12-18 09:43:47,231: MaxHebb=0.23525, T=1.00, F=1.00, L=1.00, train_i=314500, total_steps=7862500
2025-12-18 09:43:47,231: it=314500, lxP=0.00, lxG=0.02, lxGt=20.98, lp=0.01, lg=1.90, aP=100.00, aGinf=92.25, aGt=67.50
2025-12-18 09:44:14,562: MaxHebb=0.23392, T=1.00, F=1.00, L=1.00, train_i=314600, total_steps=7865000
2025-12-18 09:44:14,562: it=314600, lxP=0.03, lxG=0.04, lxGt=19.01, lp=0.02, lg=1.88, aP=100.00, aGinf=88.25, aGt=66.00
2025-12-18 09:44:41,989: MaxHebb=0.23865, T=1.00, F=1.00, L=1.00, train_i=314700, total_steps=7867500
2025-12-18 09:44:41,990: it=314700, lxP=0.00, lxG=0.01, lxGt=21.36, lp=0.01, lg=1.91, aP=100.00, aGinf=89.50, aGt=65.00
2025-12-18 09:45:09,376: MaxHebb=0.23955, T=1.00, F=1.00, L=1.00, train_i=314800, total_steps=7870000
2025-12-18 09:45:09,376: it=314800, lxP=0.00, lxG=0.22, lxGt=21.15, lp=0.01, lg=1.91, aP=100.00, aGinf=94.25, aGt=69.00
2025-12-18 09:45:38,127: MaxHebb=0.23173, T=1.00, F=1.00, L=1.00, train_i=314900, total_steps=7872500
2025-12-18 09:45:38,127: it=314900, lxP=0.00, lxG=0.08, lxGt=21.99, lp=0.01, lg=1.91, aP=100.00, aGinf=94.50, aGt=66.50
2025-12-18 09:46:05,503: MaxHebb=0.23680, T=1.00, F=1.00, L=1.00, train_i=315000, total_steps=7875000
2025-12-18 09:46:05,503: it=315000, lxP=0.00, lxG=0.26, lxGt=20.10, lp=0.03, lg=1.94, aP=100.00, aGinf=87.25, aGt=64.75
2025-12-18 09:46:32,772: MaxHebb=0.23331, T=1.00, F=1.00, L=1.00, train_i=315100, total_steps=7877500
2025-12-18 09:46:32,772: it=315100, lxP=0.00, lxG=0.00, lxGt=21.27, lp=0.01, lg=1.90, aP=100.00, aGinf=94.50, aGt=69.00
2025-12-18 09:47:00,140: MaxHebb=0.23605, T=1.00, F=1.00, L=1.00, train_i=315200, total_steps=7880000
2025-12-18 09:47:00,140: it=315200, lxP=0.01, lxG=0.06, lxGt=15.72, lp=0.03, lg=1.88, aP=100.00, aGinf=86.25, aGt=66.25
2025-12-18 09:47:28,951: MaxHebb=0.23614, T=1.00, F=1.00, L=1.00, train_i=315300, total_steps=7882500
2025-12-18 09:47:28,951: it=315300, lxP=0.00, lxG=0.03, lxGt=17.26, lp=0.03, lg=1.94, aP=100.00, aGinf=86.75, aGt=62.75
2025-12-18 09:47:56,311: MaxHebb=0.22327, T=1.00, F=1.00, L=1.00, train_i=315400, total_steps=7885000
2025-12-18 09:47:56,311: it=315400, lxP=0.00, lxG=1.07, lxGt=20.97, lp=0.02, lg=1.95, aP=100.00, aGinf=90.50, aGt=70.00
2025-12-18 09:48:23,672: MaxHebb=0.23748, T=1.00, F=1.00, L=1.00, train_i=315500, total_steps=7887500
2025-12-18 09:48:23,672: it=315500, lxP=0.00, lxG=0.03, lxGt=22.21, lp=0.02, lg=1.93, aP=100.00, aGinf=89.00, aGt=64.50
2025-12-18 09:48:50,911: MaxHebb=0.23871, T=1.00, F=1.00, L=1.00, train_i=315600, total_steps=7890000
2025-12-18 09:48:50,911: it=315600, lxP=0.00, lxG=0.15, lxGt=22.13, lp=0.02, lg=1.92, aP=100.00, aGinf=94.25, aGt=70.50
2025-12-18 09:49:19,660: MaxHebb=0.23343, T=1.00, F=1.00, L=1.00, train_i=315700, total_steps=7892500
2025-12-18 09:49:19,660: it=315700, lxP=0.00, lxG=0.28, lxGt=20.59, lp=0.02, lg=1.98, aP=100.00, aGinf=91.75, aGt=69.00
2025-12-18 09:49:46,974: MaxHebb=0.23406, T=1.00, F=1.00, L=1.00, train_i=315800, total_steps=7895000
2025-12-18 09:49:46,974: it=315800, lxP=0.00, lxG=0.06, lxGt=20.03, lp=0.01, lg=1.95, aP=100.00, aGinf=89.25, aGt=66.75
2025-12-18 09:50:14,308: MaxHebb=0.23241, T=1.00, F=1.00, L=1.00, train_i=315900, total_steps=7897500
2025-12-18 09:50:14,308: it=315900, lxP=0.00, lxG=0.08, lxGt=20.97, lp=0.01, lg=1.94, aP=100.00, aGinf=93.50, aGt=70.25
2025-12-18 09:50:41,691: MaxHebb=0.23299, T=1.00, F=1.00, L=1.00, train_i=316000, total_steps=7900000
2025-12-18 09:50:41,691: it=316000, lxP=0.00, lxG=0.02, lxGt=20.14, lp=0.02, lg=1.94, aP=100.00, aGinf=87.75, aGt=62.50
2025-12-18 09:50:43,229: save data time 0.12, train_i=316000.00, total_steps=7900000.00
2025-12-18 09:51:10,489: MaxHebb=0.23851, T=1.00, F=1.00, L=1.00, train_i=316100, total_steps=7902500
2025-12-18 09:51:10,489: it=316100, lxP=0.01, lxG=0.21, lxGt=20.67, lp=0.01, lg=1.91, aP=100.00, aGinf=94.50, aGt=73.00
2025-12-18 09:51:37,784: MaxHebb=0.23267, T=1.00, F=1.00, L=1.00, train_i=316200, total_steps=7905000
2025-12-18 09:51:37,784: it=316200, lxP=0.00, lxG=0.17, lxGt=17.95, lp=0.02, lg=1.94, aP=100.00, aGinf=89.50, aGt=64.50
2025-12-18 09:52:05,124: MaxHebb=0.22923, T=1.00, F=1.00, L=1.00, train_i=316300, total_steps=7907500
2025-12-18 09:52:05,124: it=316300, lxP=0.00, lxG=0.01, lxGt=21.74, lp=0.02, lg=1.95, aP=100.00, aGinf=93.75, aGt=70.50
2025-12-18 09:52:32,453: MaxHebb=0.23246, T=1.00, F=1.00, L=1.00, train_i=316400, total_steps=7910000
2025-12-18 09:52:32,453: it=316400, lxP=0.01, lxG=0.39, lxGt=23.01, lp=0.02, lg=1.92, aP=100.00, aGinf=92.25, aGt=69.50
2025-12-18 09:53:01,175: MaxHebb=0.23086, T=1.00, F=1.00, L=1.00, train_i=316500, total_steps=7912500
2025-12-18 09:53:01,175: it=316500, lxP=0.00, lxG=0.02, lxGt=22.51, lp=0.02, lg=1.92, aP=100.00, aGinf=94.75, aGt=71.25
2025-12-18 09:53:28,585: MaxHebb=0.23314, T=1.00, F=1.00, L=1.00, train_i=316600, total_steps=7915000
2025-12-18 09:53:28,585: it=316600, lxP=0.01, lxG=0.06, lxGt=20.55, lp=0.02, lg=1.94, aP=100.00, aGinf=93.75, aGt=67.50
2025-12-18 09:53:55,886: MaxHebb=0.23325, T=1.00, F=1.00, L=1.00, train_i=316700, total_steps=7917500
2025-12-18 09:53:55,886: it=316700, lxP=0.01, lxG=0.01, lxGt=20.74, lp=0.03, lg=1.94, aP=100.00, aGinf=90.00, aGt=63.50
2025-12-18 09:54:23,132: MaxHebb=0.23483, T=1.00, F=1.00, L=1.00, train_i=316800, total_steps=7920000
2025-12-18 09:54:23,132: it=316800, lxP=0.00, lxG=0.08, lxGt=20.90, lp=0.01, lg=1.97, aP=100.00, aGinf=90.00, aGt=64.75
2025-12-18 09:54:51,945: MaxHebb=0.23530, T=1.00, F=1.00, L=1.00, train_i=316900, total_steps=7922500
2025-12-18 09:54:51,945: it=316900, lxP=0.00, lxG=0.05, lxGt=21.57, lp=0.02, lg=1.93, aP=100.00, aGinf=96.25, aGt=69.75
2025-12-18 09:55:19,240: MaxHebb=0.24232, T=1.00, F=1.00, L=1.00, train_i=317000, total_steps=7925000
2025-12-18 09:55:19,240: it=317000, lxP=0.00, lxG=0.31, lxGt=18.73, lp=0.03, lg=1.93, aP=100.00, aGinf=88.25, aGt=66.00
2025-12-18 09:55:46,612: MaxHebb=0.23635, T=1.00, F=1.00, L=1.00, train_i=317100, total_steps=7927500
2025-12-18 09:55:46,612: it=317100, lxP=0.02, lxG=0.10, lxGt=20.28, lp=0.04, lg=1.90, aP=100.00, aGinf=88.25, aGt=65.00
2025-12-18 09:56:13,966: MaxHebb=0.24106, T=1.00, F=1.00, L=1.00, train_i=317200, total_steps=7930000
2025-12-18 09:56:13,966: it=317200, lxP=0.00, lxG=0.02, lxGt=18.61, lp=0.02, lg=1.91, aP=100.00, aGinf=91.00, aGt=70.50
2025-12-18 09:56:42,737: MaxHebb=0.23416, T=1.00, F=1.00, L=1.00, train_i=317300, total_steps=7932500
2025-12-18 09:56:42,737: it=317300, lxP=0.01, lxG=0.20, lxGt=21.81, lp=0.02, lg=1.90, aP=100.00, aGinf=92.75, aGt=70.00
2025-12-18 09:57:10,079: MaxHebb=0.23765, T=1.00, F=1.00, L=1.00, train_i=317400, total_steps=7935000
2025-12-18 09:57:10,079: it=317400, lxP=0.00, lxG=0.00, lxGt=25.89, lp=0.01, lg=1.98, aP=100.00, aGinf=92.50, aGt=63.25
2025-12-18 09:57:37,369: MaxHebb=0.23639, T=1.00, F=1.00, L=1.00, train_i=317500, total_steps=7937500
2025-12-18 09:57:37,369: it=317500, lxP=0.00, lxG=0.13, lxGt=19.31, lp=0.02, lg=1.93, aP=100.00, aGinf=95.50, aGt=73.75
2025-12-18 09:58:04,722: MaxHebb=0.23590, T=1.00, F=1.00, L=1.00, train_i=317600, total_steps=7940000
2025-12-18 09:58:04,722: it=317600, lxP=0.07, lxG=0.07, lxGt=18.58, lp=0.03, lg=1.90, aP=100.00, aGinf=91.50, aGt=68.00
2025-12-18 09:58:33,563: MaxHebb=0.24550, T=1.00, F=1.00, L=1.00, train_i=317700, total_steps=7942500
2025-12-18 09:58:33,563: it=317700, lxP=0.00, lxG=0.04, lxGt=18.84, lp=0.01, lg=1.92, aP=100.00, aGinf=89.00, aGt=65.50
2025-12-18 09:59:00,910: MaxHebb=0.23533, T=1.00, F=1.00, L=1.00, train_i=317800, total_steps=7945000
2025-12-18 09:59:00,910: it=317800, lxP=0.00, lxG=0.01, lxGt=19.90, lp=0.01, lg=1.92, aP=100.00, aGinf=90.25, aGt=63.50
2025-12-18 09:59:28,346: MaxHebb=0.23294, T=1.00, F=1.00, L=1.00, train_i=317900, total_steps=7947500
2025-12-18 09:59:28,346: it=317900, lxP=0.00, lxG=0.01, lxGt=21.65, lp=0.02, lg=1.93, aP=100.00, aGinf=90.75, aGt=66.25
2025-12-18 09:59:55,735: MaxHebb=0.24182, T=1.00, F=1.00, L=1.00, train_i=318000, total_steps=7950000
2025-12-18 09:59:55,735: it=318000, lxP=0.01, lxG=0.05, lxGt=21.98, lp=0.01, lg=1.96, aP=100.00, aGinf=97.25, aGt=71.50
2025-12-18 09:59:57,276: save data time 0.11, train_i=318000.00, total_steps=7950000.00
2025-12-18 10:00:24,584: MaxHebb=0.23439, T=1.00, F=1.00, L=1.00, train_i=318100, total_steps=7952500
2025-12-18 10:00:24,584: it=318100, lxP=0.00, lxG=0.11, lxGt=18.00, lp=0.03, lg=1.93, aP=100.00, aGinf=86.50, aGt=61.00
2025-12-18 10:00:51,887: MaxHebb=0.24323, T=1.00, F=1.00, L=1.00, train_i=318200, total_steps=7955000
2025-12-18 10:00:51,887: it=318200, lxP=0.00, lxG=0.33, lxGt=21.22, lp=0.03, lg=1.95, aP=100.00, aGinf=90.25, aGt=64.75
2025-12-18 10:01:19,165: MaxHebb=0.24643, T=1.00, F=1.00, L=1.00, train_i=318300, total_steps=7957500
2025-12-18 10:01:19,166: it=318300, lxP=0.01, lxG=0.01, lxGt=18.47, lp=0.02, lg=1.98, aP=100.00, aGinf=86.50, aGt=60.75
2025-12-18 10:01:46,507: MaxHebb=0.23565, T=1.00, F=1.00, L=1.00, train_i=318400, total_steps=7960000
2025-12-18 10:01:46,507: it=318400, lxP=0.02, lxG=0.09, lxGt=22.44, lp=0.01, lg=1.89, aP=100.00, aGinf=90.75, aGt=66.50
2025-12-18 10:02:15,314: MaxHebb=0.23500, T=1.00, F=1.00, L=1.00, train_i=318500, total_steps=7962500
2025-12-18 10:02:15,314: it=318500, lxP=0.08, lxG=0.10, lxGt=22.87, lp=0.02, lg=1.94, aP=100.00, aGinf=90.75, aGt=66.00
2025-12-18 10:02:42,659: MaxHebb=0.23388, T=1.00, F=1.00, L=1.00, train_i=318600, total_steps=7965000
2025-12-18 10:02:42,659: it=318600, lxP=0.01, lxG=0.04, lxGt=19.72, lp=0.03, lg=1.96, aP=100.00, aGinf=90.75, aGt=68.00
2025-12-18 10:03:09,990: MaxHebb=0.24344, T=1.00, F=1.00, L=1.00, train_i=318700, total_steps=7967500
2025-12-18 10:03:09,990: it=318700, lxP=0.02, lxG=0.73, lxGt=25.78, lp=0.01, lg=1.92, aP=100.00, aGinf=91.00, aGt=65.00
2025-12-18 10:03:37,279: MaxHebb=0.24205, T=1.00, F=1.00, L=1.00, train_i=318800, total_steps=7970000
2025-12-18 10:03:37,279: it=318800, lxP=0.00, lxG=0.03, lxGt=17.29, lp=0.02, lg=1.92, aP=100.00, aGinf=91.75, aGt=68.75
2025-12-18 10:04:06,092: MaxHebb=0.23755, T=1.00, F=1.00, L=1.00, train_i=318900, total_steps=7972500
2025-12-18 10:04:06,093: it=318900, lxP=0.00, lxG=0.05, lxGt=16.47, lp=0.04, lg=1.94, aP=100.00, aGinf=88.75, aGt=65.50
2025-12-18 10:04:33,456: MaxHebb=0.23379, T=1.00, F=1.00, L=1.00, train_i=319000, total_steps=7975000
2025-12-18 10:04:33,457: it=319000, lxP=0.01, lxG=0.06, lxGt=21.82, lp=0.02, lg=1.93, aP=100.00, aGinf=89.50, aGt=60.75
2025-12-18 10:05:00,838: MaxHebb=0.23899, T=1.00, F=1.00, L=1.00, train_i=319100, total_steps=7977500
2025-12-18 10:05:00,838: it=319100, lxP=0.00, lxG=0.13, lxGt=20.03, lp=0.01, lg=1.94, aP=100.00, aGinf=90.75, aGt=65.75
2025-12-18 10:05:28,139: MaxHebb=0.24014, T=1.00, F=1.00, L=1.00, train_i=319200, total_steps=7980000
2025-12-18 10:05:28,139: it=319200, lxP=0.00, lxG=0.35, lxGt=19.87, lp=0.02, lg=1.96, aP=100.00, aGinf=92.25, aGt=68.75
2025-12-18 10:05:56,858: MaxHebb=0.24110, T=1.00, F=1.00, L=1.00, train_i=319300, total_steps=7982500
2025-12-18 10:05:56,858: it=319300, lxP=0.00, lxG=0.04, lxGt=19.43, lp=0.02, lg=1.94, aP=100.00, aGinf=93.25, aGt=69.75
2025-12-18 10:06:24,175: MaxHebb=0.23909, T=1.00, F=1.00, L=1.00, train_i=319400, total_steps=7985000
2025-12-18 10:06:24,175: it=319400, lxP=0.00, lxG=0.03, lxGt=20.52, lp=0.01, lg=1.97, aP=100.00, aGinf=90.50, aGt=65.50
2025-12-18 10:06:51,476: MaxHebb=0.23558, T=1.00, F=1.00, L=1.00, train_i=319500, total_steps=7987500
2025-12-18 10:06:51,477: it=319500, lxP=0.00, lxG=0.06, lxGt=20.57, lp=0.01, lg=1.95, aP=100.00, aGinf=92.25, aGt=68.00
2025-12-18 10:07:18,791: MaxHebb=0.23263, T=1.00, F=1.00, L=1.00, train_i=319600, total_steps=7990000
2025-12-18 10:07:18,791: it=319600, lxP=0.00, lxG=0.02, lxGt=16.64, lp=0.03, lg=1.94, aP=100.00, aGinf=88.00, aGt=65.25
2025-12-18 10:07:47,516: MaxHebb=0.23016, T=1.00, F=1.00, L=1.00, train_i=319700, total_steps=7992500
2025-12-18 10:07:47,516: it=319700, lxP=0.00, lxG=0.77, lxGt=23.30, lp=0.02, lg=1.93, aP=100.00, aGinf=92.50, aGt=69.75
2025-12-18 10:08:14,729: MaxHebb=0.23326, T=1.00, F=1.00, L=1.00, train_i=319800, total_steps=7995000
2025-12-18 10:08:14,730: it=319800, lxP=0.00, lxG=0.15, lxGt=21.31, lp=0.01, lg=1.92, aP=100.00, aGinf=94.50, aGt=68.25
2025-12-18 10:08:41,980: MaxHebb=0.23199, T=1.00, F=1.00, L=1.00, train_i=319900, total_steps=7997500
2025-12-18 10:08:41,980: it=319900, lxP=0.00, lxG=0.04, lxGt=19.80, lp=0.02, lg=1.95, aP=100.00, aGinf=95.00, aGt=69.75
2025-12-18 10:09:09,283: MaxHebb=0.23366, T=1.00, F=1.00, L=1.00, train_i=320000, total_steps=8000000
2025-12-18 10:09:09,283: it=320000, lxP=0.00, lxG=0.01, lxGt=20.02, lp=0.03, lg=1.94, aP=100.00, aGinf=87.00, aGt=61.75
2025-12-18 10:09:10,796: save data time 0.10, train_i=320000.00, total_steps=8000000.00
2025-12-18 10:09:38,148: MaxHebb=0.23459, T=1.00, F=1.00, L=1.00, train_i=320100, total_steps=8002500
2025-12-18 10:09:38,148: it=320100, lxP=0.00, lxG=0.04, lxGt=17.10, lp=0.02, lg=1.90, aP=100.00, aGinf=91.00, aGt=68.25
2025-12-18 10:10:05,434: MaxHebb=0.23309, T=1.00, F=1.00, L=1.00, train_i=320200, total_steps=8005000
2025-12-18 10:10:05,434: it=320200, lxP=0.01, lxG=0.02, lxGt=16.36, lp=0.03, lg=1.91, aP=100.00, aGinf=91.25, aGt=67.25
2025-12-18 10:10:32,683: MaxHebb=0.23493, T=1.00, F=1.00, L=1.00, train_i=320300, total_steps=8007500
2025-12-18 10:10:32,683: it=320300, lxP=0.01, lxG=0.02, lxGt=22.48, lp=0.01, lg=1.94, aP=100.00, aGinf=94.50, aGt=68.00
2025-12-18 10:11:00,026: MaxHebb=0.23394, T=1.00, F=1.00, L=1.00, train_i=320400, total_steps=8010000
2025-12-18 10:11:00,026: it=320400, lxP=0.00, lxG=0.04, lxGt=20.57, lp=0.02, lg=1.95, aP=100.00, aGinf=93.00, aGt=69.25
2025-12-18 10:11:28,807: MaxHebb=0.23323, T=1.00, F=1.00, L=1.00, train_i=320500, total_steps=8012500
2025-12-18 10:11:28,807: it=320500, lxP=0.00, lxG=0.02, lxGt=20.98, lp=0.03, lg=1.97, aP=100.00, aGinf=91.00, aGt=66.00
2025-12-18 10:11:56,127: MaxHebb=0.23292, T=1.00, F=1.00, L=1.00, train_i=320600, total_steps=8015000
2025-12-18 10:11:56,127: it=320600, lxP=0.02, lxG=0.12, lxGt=20.73, lp=0.02, lg=1.96, aP=100.00, aGinf=91.25, aGt=67.00
2025-12-18 10:12:23,501: MaxHebb=0.23184, T=1.00, F=1.00, L=1.00, train_i=320700, total_steps=8017500
2025-12-18 10:12:23,501: it=320700, lxP=0.00, lxG=0.01, lxGt=20.88, lp=0.02, lg=1.95, aP=100.00, aGinf=91.00, aGt=67.00
2025-12-18 10:12:50,802: MaxHebb=0.23135, T=1.00, F=1.00, L=1.00, train_i=320800, total_steps=8020000
2025-12-18 10:12:50,802: it=320800, lxP=0.00, lxG=0.26, lxGt=22.43, lp=0.02, lg=1.97, aP=100.00, aGinf=89.00, aGt=63.00
2025-12-18 10:13:19,570: MaxHebb=0.22886, T=1.00, F=1.00, L=1.00, train_i=320900, total_steps=8022500
2025-12-18 10:13:19,570: it=320900, lxP=0.01, lxG=0.02, lxGt=21.50, lp=0.02, lg=1.91, aP=100.00, aGinf=94.75, aGt=69.25
2025-12-18 10:13:46,944: MaxHebb=0.22479, T=1.00, F=1.00, L=1.00, train_i=321000, total_steps=8025000
2025-12-18 10:13:46,944: it=321000, lxP=0.00, lxG=0.03, lxGt=19.70, lp=0.03, lg=1.94, aP=100.00, aGinf=89.75, aGt=63.75
2025-12-18 10:14:14,342: MaxHebb=0.23852, T=1.00, F=1.00, L=1.00, train_i=321100, total_steps=8027500
2025-12-18 10:14:14,342: it=321100, lxP=0.01, lxG=0.12, lxGt=19.40, lp=0.01, lg=1.90, aP=100.00, aGinf=95.75, aGt=73.00
2025-12-18 10:14:41,732: MaxHebb=0.23070, T=1.00, F=1.00, L=1.00, train_i=321200, total_steps=8030000
2025-12-18 10:14:41,732: it=321200, lxP=0.01, lxG=0.04, lxGt=22.03, lp=0.02, lg=1.92, aP=100.00, aGinf=91.25, aGt=66.00
2025-12-18 10:15:10,602: MaxHebb=0.23147, T=1.00, F=1.00, L=1.00, train_i=321300, total_steps=8032500
2025-12-18 10:15:10,602: it=321300, lxP=0.00, lxG=0.01, lxGt=20.41, lp=0.02, lg=1.90, aP=100.00, aGinf=91.25, aGt=68.00
2025-12-18 10:15:38,013: MaxHebb=0.23265, T=1.00, F=1.00, L=1.00, train_i=321400, total_steps=8035000
2025-12-18 10:15:38,013: it=321400, lxP=0.00, lxG=0.01, lxGt=21.09, lp=0.01, lg=1.89, aP=100.00, aGinf=95.00, aGt=67.75
2025-12-18 10:16:05,451: MaxHebb=0.22916, T=1.00, F=1.00, L=1.00, train_i=321500, total_steps=8037500
2025-12-18 10:16:05,451: it=321500, lxP=0.00, lxG=0.03, lxGt=23.53, lp=0.02, lg=1.92, aP=100.00, aGinf=91.50, aGt=63.75
2025-12-18 10:16:32,826: MaxHebb=0.23138, T=1.00, F=1.00, L=1.00, train_i=321600, total_steps=8040000
2025-12-18 10:16:32,826: it=321600, lxP=0.00, lxG=0.02, lxGt=21.52, lp=0.02, lg=1.93, aP=100.00, aGinf=89.50, aGt=65.00
2025-12-18 10:17:01,701: MaxHebb=0.23835, T=1.00, F=1.00, L=1.00, train_i=321700, total_steps=8042500
2025-12-18 10:17:01,701: it=321700, lxP=0.01, lxG=0.04, lxGt=22.63, lp=0.01, lg=1.90, aP=100.00, aGinf=96.25, aGt=69.25
2025-12-18 10:17:29,114: MaxHebb=0.23190, T=1.00, F=1.00, L=1.00, train_i=321800, total_steps=8045000
2025-12-18 10:17:29,115: it=321800, lxP=0.00, lxG=0.00, lxGt=20.51, lp=0.02, lg=1.91, aP=100.00, aGinf=94.75, aGt=69.50
2025-12-18 10:17:56,578: MaxHebb=0.23268, T=1.00, F=1.00, L=1.00, train_i=321900, total_steps=8047500
2025-12-18 10:17:56,578: it=321900, lxP=0.01, lxG=0.06, lxGt=22.75, lp=0.01, lg=1.88, aP=100.00, aGinf=93.25, aGt=67.00
2025-12-18 10:18:23,933: MaxHebb=0.23044, T=1.00, F=1.00, L=1.00, train_i=322000, total_steps=8050000
2025-12-18 10:18:23,933: it=322000, lxP=0.00, lxG=0.01, lxGt=21.90, lp=0.01, lg=1.96, aP=100.00, aGinf=92.75, aGt=67.25
2025-12-18 10:18:25,514: save data time 0.14, train_i=322000.00, total_steps=8050000.00
2025-12-18 10:18:52,783: MaxHebb=0.23357, T=1.00, F=1.00, L=1.00, train_i=322100, total_steps=8052500
2025-12-18 10:18:52,783: it=322100, lxP=0.00, lxG=0.03, lxGt=23.25, lp=0.02, lg=1.93, aP=100.00, aGinf=93.50, aGt=66.00
2025-12-18 10:19:20,080: MaxHebb=0.23995, T=1.00, F=1.00, L=1.00, train_i=322200, total_steps=8055000
2025-12-18 10:19:20,080: it=322200, lxP=0.02, lxG=0.02, lxGt=21.67, lp=0.02, lg=1.92, aP=100.00, aGinf=93.25, aGt=68.00
2025-12-18 10:19:47,388: MaxHebb=0.23318, T=1.00, F=1.00, L=1.00, train_i=322300, total_steps=8057500
2025-12-18 10:19:47,388: it=322300, lxP=0.00, lxG=0.08, lxGt=20.80, lp=0.01, lg=1.92, aP=100.00, aGinf=96.00, aGt=70.00
2025-12-18 10:20:14,687: MaxHebb=0.23452, T=1.00, F=1.00, L=1.00, train_i=322400, total_steps=8060000
2025-12-18 10:20:14,687: it=322400, lxP=0.00, lxG=0.01, lxGt=18.57, lp=0.01, lg=1.96, aP=100.00, aGinf=90.75, aGt=66.50
2025-12-18 10:20:43,446: MaxHebb=0.22734, T=1.00, F=1.00, L=1.00, train_i=322500, total_steps=8062500
2025-12-18 10:20:43,446: it=322500, lxP=0.01, lxG=0.10, lxGt=21.28, lp=0.01, lg=1.91, aP=100.00, aGinf=90.50, aGt=64.25
2025-12-18 10:21:10,840: MaxHebb=0.23247, T=1.00, F=1.00, L=1.00, train_i=322600, total_steps=8065000
2025-12-18 10:21:10,840: it=322600, lxP=0.03, lxG=0.07, lxGt=17.81, lp=0.01, lg=1.92, aP=100.00, aGinf=91.25, aGt=71.00
2025-12-18 10:21:38,174: MaxHebb=0.24062, T=1.00, F=1.00, L=1.00, train_i=322700, total_steps=8067500
2025-12-18 10:21:38,174: it=322700, lxP=0.00, lxG=0.02, lxGt=20.62, lp=0.02, lg=1.94, aP=100.00, aGinf=86.50, aGt=65.00
2025-12-18 10:22:05,506: MaxHebb=0.21821, T=1.00, F=1.00, L=1.00, train_i=322800, total_steps=8070000
2025-12-18 10:22:05,507: it=322800, lxP=0.00, lxG=0.01, lxGt=20.62, lp=0.03, lg=1.92, aP=100.00, aGinf=92.25, aGt=65.50
2025-12-18 10:22:34,225: MaxHebb=0.23250, T=1.00, F=1.00, L=1.00, train_i=322900, total_steps=8072500
2025-12-18 10:22:34,225: it=322900, lxP=0.00, lxG=0.00, lxGt=20.15, lp=0.02, lg=1.94, aP=100.00, aGinf=89.50, aGt=64.75
2025-12-18 10:23:01,474: MaxHebb=0.23661, T=1.00, F=1.00, L=1.00, train_i=323000, total_steps=8075000
2025-12-18 10:23:01,474: it=323000, lxP=0.00, lxG=0.01, lxGt=19.81, lp=0.01, lg=1.99, aP=100.00, aGinf=91.75, aGt=66.50
2025-12-18 10:23:28,763: MaxHebb=0.22397, T=1.00, F=1.00, L=1.00, train_i=323100, total_steps=8077500
2025-12-18 10:23:28,763: it=323100, lxP=0.00, lxG=0.46, lxGt=18.05, lp=0.02, lg=1.93, aP=100.00, aGinf=89.50, aGt=67.50
2025-12-18 10:23:56,068: MaxHebb=0.23923, T=1.00, F=1.00, L=1.00, train_i=323200, total_steps=8080000
2025-12-18 10:23:56,068: it=323200, lxP=0.00, lxG=0.01, lxGt=21.48, lp=0.01, lg=1.92, aP=100.00, aGinf=91.00, aGt=67.75
2025-12-18 10:24:24,785: MaxHebb=0.23282, T=1.00, F=1.00, L=1.00, train_i=323300, total_steps=8082500
2025-12-18 10:24:24,785: it=323300, lxP=0.00, lxG=0.16, lxGt=21.98, lp=0.01, lg=1.90, aP=100.00, aGinf=92.75, aGt=68.75
2025-12-18 10:24:52,092: MaxHebb=0.23916, T=1.00, F=1.00, L=1.00, train_i=323400, total_steps=8085000
2025-12-18 10:24:52,092: it=323400, lxP=0.01, lxG=0.02, lxGt=22.02, lp=0.01, lg=1.89, aP=100.00, aGinf=87.50, aGt=65.00
2025-12-18 10:25:19,473: MaxHebb=0.23562, T=1.00, F=1.00, L=1.00, train_i=323500, total_steps=8087500
2025-12-18 10:25:19,473: it=323500, lxP=0.00, lxG=0.08, lxGt=20.74, lp=0.02, lg=1.92, aP=100.00, aGinf=89.00, aGt=63.75
2025-12-18 10:25:46,827: MaxHebb=0.23486, T=1.00, F=1.00, L=1.00, train_i=323600, total_steps=8090000
2025-12-18 10:25:46,827: it=323600, lxP=0.00, lxG=0.05, lxGt=18.40, lp=0.02, lg=1.88, aP=100.00, aGinf=91.50, aGt=66.25
2025-12-18 10:26:15,617: MaxHebb=0.23003, T=1.00, F=1.00, L=1.00, train_i=323700, total_steps=8092500
2025-12-18 10:26:15,617: it=323700, lxP=0.01, lxG=0.05, lxGt=19.01, lp=0.01, lg=1.89, aP=100.00, aGinf=93.00, aGt=68.50
2025-12-18 10:26:42,924: MaxHebb=0.23880, T=1.00, F=1.00, L=1.00, train_i=323800, total_steps=8095000
2025-12-18 10:26:42,924: it=323800, lxP=0.00, lxG=0.13, lxGt=22.42, lp=0.03, lg=1.93, aP=100.00, aGinf=90.50, aGt=63.00
2025-12-18 10:27:10,244: MaxHebb=0.22620, T=1.00, F=1.00, L=1.00, train_i=323900, total_steps=8097500
2025-12-18 10:27:10,244: it=323900, lxP=0.02, lxG=0.14, lxGt=19.42, lp=0.02, lg=1.90, aP=100.00, aGinf=88.25, aGt=63.50
2025-12-18 10:27:37,577: MaxHebb=0.23284, T=1.00, F=1.00, L=1.00, train_i=324000, total_steps=8100000
2025-12-18 10:27:37,577: it=324000, lxP=0.00, lxG=0.00, lxGt=18.97, lp=0.02, lg=1.95, aP=100.00, aGinf=90.75, aGt=66.25
2025-12-18 10:27:39,133: save data time 0.12, train_i=324000.00, total_steps=8100000.00
2025-12-18 10:28:06,495: MaxHebb=0.24089, T=1.00, F=1.00, L=1.00, train_i=324100, total_steps=8102500
2025-12-18 10:28:06,495: it=324100, lxP=0.00, lxG=0.01, lxGt=17.88, lp=0.03, lg=1.92, aP=100.00, aGinf=85.50, aGt=60.25
2025-12-18 10:28:33,833: MaxHebb=0.23476, T=1.00, F=1.00, L=1.00, train_i=324200, total_steps=8105000
2025-12-18 10:28:33,833: it=324200, lxP=0.00, lxG=0.26, lxGt=18.65, lp=0.03, lg=1.95, aP=100.00, aGinf=86.75, aGt=64.25
2025-12-18 10:29:01,099: MaxHebb=0.23538, T=1.00, F=1.00, L=1.00, train_i=324300, total_steps=8107500
2025-12-18 10:29:01,099: it=324300, lxP=0.00, lxG=0.03, lxGt=20.23, lp=0.01, lg=1.91, aP=100.00, aGinf=91.50, aGt=68.75
2025-12-18 10:29:28,429: MaxHebb=0.23816, T=1.00, F=1.00, L=1.00, train_i=324400, total_steps=8110000
2025-12-18 10:29:28,429: it=324400, lxP=0.00, lxG=0.26, lxGt=21.32, lp=0.02, lg=1.91, aP=100.00, aGinf=92.75, aGt=67.50
2025-12-18 10:29:57,272: MaxHebb=0.23169, T=1.00, F=1.00, L=1.00, train_i=324500, total_steps=8112500
2025-12-18 10:29:57,272: it=324500, lxP=0.00, lxG=0.03, lxGt=22.60, lp=0.02, lg=1.91, aP=100.00, aGinf=89.50, aGt=61.75
2025-12-18 10:30:24,583: MaxHebb=0.23440, T=1.00, F=1.00, L=1.00, train_i=324600, total_steps=8115000
2025-12-18 10:30:24,583: it=324600, lxP=0.01, lxG=0.03, lxGt=21.68, lp=0.01, lg=1.89, aP=100.00, aGinf=93.50, aGt=69.25
2025-12-18 10:30:51,945: MaxHebb=0.23445, T=1.00, F=1.00, L=1.00, train_i=324700, total_steps=8117500
2025-12-18 10:30:51,945: it=324700, lxP=0.00, lxG=0.06, lxGt=18.42, lp=0.02, lg=1.93, aP=100.00, aGinf=89.50, aGt=66.00
2025-12-18 10:31:19,238: MaxHebb=0.23092, T=1.00, F=1.00, L=1.00, train_i=324800, total_steps=8120000
2025-12-18 10:31:19,239: it=324800, lxP=0.00, lxG=0.01, lxGt=24.54, lp=0.01, lg=1.92, aP=100.00, aGinf=95.75, aGt=70.50
2025-12-18 10:31:47,999: MaxHebb=0.22835, T=1.00, F=1.00, L=1.00, train_i=324900, total_steps=8122500
2025-12-18 10:31:47,999: it=324900, lxP=0.00, lxG=0.16, lxGt=20.68, lp=0.01, lg=1.90, aP=100.00, aGinf=92.75, aGt=66.25
2025-12-18 10:32:15,338: MaxHebb=0.22908, T=1.00, F=1.00, L=1.00, train_i=325000, total_steps=8125000
2025-12-18 10:32:15,338: it=325000, lxP=0.00, lxG=0.02, lxGt=18.49, lp=0.03, lg=1.92, aP=100.00, aGinf=90.25, aGt=66.25
2025-12-18 10:32:42,615: MaxHebb=0.23157, T=1.00, F=1.00, L=1.00, train_i=325100, total_steps=8127500
2025-12-18 10:32:42,615: it=325100, lxP=0.00, lxG=0.06, lxGt=18.45, lp=0.03, lg=1.91, aP=100.00, aGinf=87.75, aGt=63.75
2025-12-18 10:33:09,945: MaxHebb=0.23365, T=1.00, F=1.00, L=1.00, train_i=325200, total_steps=8130000
2025-12-18 10:33:09,945: it=325200, lxP=0.00, lxG=0.03, lxGt=23.28, lp=0.03, lg=1.91, aP=100.00, aGinf=92.75, aGt=62.75
2025-12-18 10:33:38,700: MaxHebb=0.24024, T=1.00, F=1.00, L=1.00, train_i=325300, total_steps=8132500
2025-12-18 10:33:38,700: it=325300, lxP=0.00, lxG=0.01, lxGt=20.83, lp=0.02, lg=1.96, aP=100.00, aGinf=88.25, aGt=67.00
2025-12-18 10:34:06,080: MaxHebb=0.23336, T=1.00, F=1.00, L=1.00, train_i=325400, total_steps=8135000
2025-12-18 10:34:06,080: it=325400, lxP=0.00, lxG=0.03, lxGt=23.60, lp=0.02, lg=1.93, aP=100.00, aGinf=85.00, aGt=58.25
2025-12-18 10:34:33,323: MaxHebb=0.22809, T=1.00, F=1.00, L=1.00, train_i=325500, total_steps=8137500
2025-12-18 10:34:33,323: it=325500, lxP=0.00, lxG=0.04, lxGt=21.53, lp=0.01, lg=1.89, aP=100.00, aGinf=94.50, aGt=69.75
2025-12-18 10:35:00,578: MaxHebb=0.22806, T=1.00, F=1.00, L=1.00, train_i=325600, total_steps=8140000
2025-12-18 10:35:00,578: it=325600, lxP=0.00, lxG=0.41, lxGt=22.94, lp=0.02, lg=1.90, aP=100.00, aGinf=92.00, aGt=65.50
2025-12-18 10:35:29,351: MaxHebb=0.23138, T=1.00, F=1.00, L=1.00, train_i=325700, total_steps=8142500
2025-12-18 10:35:29,351: it=325700, lxP=0.00, lxG=0.01, lxGt=19.13, lp=0.02, lg=1.90, aP=100.00, aGinf=90.75, aGt=65.25
2025-12-18 10:35:56,584: MaxHebb=0.23047, T=1.00, F=1.00, L=1.00, train_i=325800, total_steps=8145000
2025-12-18 10:35:56,584: it=325800, lxP=0.00, lxG=0.19, lxGt=19.24, lp=0.02, lg=1.94, aP=100.00, aGinf=89.25, aGt=64.75
2025-12-18 10:36:23,863: MaxHebb=0.22954, T=1.00, F=1.00, L=1.00, train_i=325900, total_steps=8147500
2025-12-18 10:36:23,863: it=325900, lxP=0.00, lxG=0.03, lxGt=18.36, lp=0.01, lg=1.91, aP=100.00, aGinf=92.75, aGt=70.50
2025-12-18 10:36:51,148: MaxHebb=0.23746, T=1.00, F=1.00, L=1.00, train_i=326000, total_steps=8150000
2025-12-18 10:36:51,148: it=326000, lxP=0.00, lxG=0.05, lxGt=23.29, lp=0.02, lg=1.92, aP=100.00, aGinf=91.25, aGt=63.50
2025-12-18 10:36:52,663: save data time 0.11, train_i=326000.00, total_steps=8150000.00
2025-12-18 10:37:19,929: MaxHebb=0.22918, T=1.00, F=1.00, L=1.00, train_i=326100, total_steps=8152500
2025-12-18 10:37:19,929: it=326100, lxP=0.00, lxG=0.22, lxGt=20.92, lp=0.01, lg=1.97, aP=100.00, aGinf=89.50, aGt=64.50
2025-12-18 10:37:47,310: MaxHebb=0.22903, T=1.00, F=1.00, L=1.00, train_i=326200, total_steps=8155000
2025-12-18 10:37:47,311: it=326200, lxP=0.10, lxG=0.05, lxGt=21.03, lp=0.02, lg=1.93, aP=100.00, aGinf=92.25, aGt=67.50
2025-12-18 10:38:14,565: MaxHebb=0.23481, T=1.00, F=1.00, L=1.00, train_i=326300, total_steps=8157500
2025-12-18 10:38:14,565: it=326300, lxP=0.00, lxG=0.02, lxGt=21.21, lp=0.01, lg=1.91, aP=100.00, aGinf=95.00, aGt=69.25
2025-12-18 10:38:41,804: MaxHebb=0.22989, T=1.00, F=1.00, L=1.00, train_i=326400, total_steps=8160000
2025-12-18 10:38:41,804: it=326400, lxP=0.03, lxG=0.05, lxGt=18.32, lp=0.03, lg=1.92, aP=100.00, aGinf=90.75, aGt=69.00
2025-12-18 10:39:10,557: MaxHebb=0.22733, T=1.00, F=1.00, L=1.00, train_i=326500, total_steps=8162500
2025-12-18 10:39:10,558: it=326500, lxP=0.00, lxG=0.04, lxGt=18.64, lp=0.03, lg=1.90, aP=100.00, aGinf=93.50, aGt=69.75
2025-12-18 10:39:37,890: MaxHebb=0.23752, T=1.00, F=1.00, L=1.00, train_i=326600, total_steps=8165000
2025-12-18 10:39:37,890: it=326600, lxP=0.00, lxG=0.01, lxGt=22.61, lp=0.02, lg=1.93, aP=100.00, aGinf=86.00, aGt=62.25
2025-12-18 10:40:05,172: MaxHebb=0.23456, T=1.00, F=1.00, L=1.00, train_i=326700, total_steps=8167500
2025-12-18 10:40:05,172: it=326700, lxP=0.01, lxG=0.02, lxGt=20.79, lp=0.02, lg=1.93, aP=100.00, aGinf=90.00, aGt=64.25
2025-12-18 10:40:32,528: MaxHebb=0.23092, T=1.00, F=1.00, L=1.00, train_i=326800, total_steps=8170000
2025-12-18 10:40:32,528: it=326800, lxP=0.00, lxG=0.27, lxGt=22.46, lp=0.02, lg=1.93, aP=100.00, aGinf=94.25, aGt=68.00
2025-12-18 10:41:01,291: MaxHebb=0.22815, T=1.00, F=1.00, L=1.00, train_i=326900, total_steps=8172500
2025-12-18 10:41:01,291: it=326900, lxP=0.00, lxG=0.04, lxGt=20.85, lp=0.03, lg=1.91, aP=100.00, aGinf=91.50, aGt=67.50
2025-12-18 10:41:28,597: MaxHebb=0.23875, T=1.00, F=1.00, L=1.00, train_i=327000, total_steps=8175000
2025-12-18 10:41:28,597: it=327000, lxP=0.00, lxG=0.12, lxGt=24.85, lp=0.02, lg=1.92, aP=100.00, aGinf=91.00, aGt=68.00
2025-12-18 10:41:55,902: MaxHebb=0.23779, T=1.00, F=1.00, L=1.00, train_i=327100, total_steps=8177500
2025-12-18 10:41:55,902: it=327100, lxP=0.00, lxG=0.02, lxGt=23.31, lp=0.01, lg=1.94, aP=100.00, aGinf=93.00, aGt=64.00
2025-12-18 10:42:23,223: MaxHebb=0.22845, T=1.00, F=1.00, L=1.00, train_i=327200, total_steps=8180000
2025-12-18 10:42:23,223: it=327200, lxP=0.00, lxG=0.09, lxGt=21.15, lp=0.02, lg=1.91, aP=100.00, aGinf=93.25, aGt=68.50
2025-12-18 10:42:52,041: MaxHebb=0.23151, T=1.00, F=1.00, L=1.00, train_i=327300, total_steps=8182500
2025-12-18 10:42:52,041: it=327300, lxP=0.00, lxG=0.61, lxGt=20.02, lp=0.03, lg=1.95, aP=100.00, aGinf=87.25, aGt=65.75
2025-12-18 10:43:19,393: MaxHebb=0.23035, T=1.00, F=1.00, L=1.00, train_i=327400, total_steps=8185000
2025-12-18 10:43:19,394: it=327400, lxP=0.00, lxG=0.19, lxGt=20.36, lp=0.02, lg=1.92, aP=100.00, aGinf=94.75, aGt=70.00
2025-12-18 10:43:46,660: MaxHebb=0.23509, T=1.00, F=1.00, L=1.00, train_i=327500, total_steps=8187500
2025-12-18 10:43:46,660: it=327500, lxP=0.00, lxG=0.22, lxGt=20.46, lp=0.01, lg=1.93, aP=100.00, aGinf=95.25, aGt=71.25
2025-12-18 10:44:13,982: MaxHebb=0.23829, T=1.00, F=1.00, L=1.00, train_i=327600, total_steps=8190000
2025-12-18 10:44:13,982: it=327600, lxP=0.01, lxG=0.02, lxGt=21.30, lp=0.01, lg=1.88, aP=100.00, aGinf=95.00, aGt=70.75
2025-12-18 10:44:42,752: MaxHebb=0.23314, T=1.00, F=1.00, L=1.00, train_i=327700, total_steps=8192500
2025-12-18 10:44:42,752: it=327700, lxP=0.00, lxG=0.02, lxGt=22.05, lp=0.02, lg=1.92, aP=100.00, aGinf=93.25, aGt=65.50
2025-12-18 10:45:10,050: MaxHebb=0.23197, T=1.00, F=1.00, L=1.00, train_i=327800, total_steps=8195000
2025-12-18 10:45:10,050: it=327800, lxP=0.00, lxG=0.02, lxGt=21.32, lp=0.02, lg=1.93, aP=100.00, aGinf=90.75, aGt=65.00
2025-12-18 10:45:37,363: MaxHebb=0.23191, T=1.00, F=1.00, L=1.00, train_i=327900, total_steps=8197500
2025-12-18 10:45:37,363: it=327900, lxP=0.00, lxG=0.24, lxGt=19.21, lp=0.02, lg=1.93, aP=100.00, aGinf=87.75, aGt=63.50
2025-12-18 10:46:04,722: MaxHebb=0.23328, T=1.00, F=1.00, L=1.00, train_i=328000, total_steps=8200000
2025-12-18 10:46:04,723: it=328000, lxP=0.01, lxG=0.02, lxGt=22.39, lp=0.01, lg=1.92, aP=100.00, aGinf=94.00, aGt=64.75
2025-12-18 10:46:06,286: save data time 0.13, train_i=328000.00, total_steps=8200000.00
2025-12-18 10:46:33,602: MaxHebb=0.22973, T=1.00, F=1.00, L=1.00, train_i=328100, total_steps=8202500
2025-12-18 10:46:33,603: it=328100, lxP=0.00, lxG=1.11, lxGt=23.73, lp=0.02, lg=1.90, aP=100.00, aGinf=91.50, aGt=65.00
2025-12-18 10:47:00,943: MaxHebb=0.23823, T=1.00, F=1.00, L=1.00, train_i=328200, total_steps=8205000
2025-12-18 10:47:00,944: it=328200, lxP=0.00, lxG=0.36, lxGt=21.38, lp=0.01, lg=1.91, aP=100.00, aGinf=94.50, aGt=69.00
2025-12-18 10:47:28,185: MaxHebb=0.23378, T=1.00, F=1.00, L=1.00, train_i=328300, total_steps=8207500
2025-12-18 10:47:28,185: it=328300, lxP=0.00, lxG=0.01, lxGt=20.68, lp=0.02, lg=1.93, aP=100.00, aGinf=94.00, aGt=69.50
2025-12-18 10:47:55,519: MaxHebb=0.23012, T=1.00, F=1.00, L=1.00, train_i=328400, total_steps=8210000
2025-12-18 10:47:55,520: it=328400, lxP=0.01, lxG=0.03, lxGt=22.69, lp=0.01, lg=1.87, aP=100.00, aGinf=91.25, aGt=65.75
2025-12-18 10:48:24,260: MaxHebb=0.23170, T=1.00, F=1.00, L=1.00, train_i=328500, total_steps=8212500
2025-12-18 10:48:24,260: it=328500, lxP=0.00, lxG=0.01, lxGt=19.85, lp=0.02, lg=1.91, aP=100.00, aGinf=89.25, aGt=64.75
2025-12-18 10:48:51,648: MaxHebb=0.24039, T=1.00, F=1.00, L=1.00, train_i=328600, total_steps=8215000
2025-12-18 10:48:51,648: it=328600, lxP=0.00, lxG=0.01, lxGt=19.65, lp=0.02, lg=1.92, aP=100.00, aGinf=89.75, aGt=67.50
2025-12-18 10:49:18,946: MaxHebb=0.23253, T=1.00, F=1.00, L=1.00, train_i=328700, total_steps=8217500
2025-12-18 10:49:18,946: it=328700, lxP=0.01, lxG=0.03, lxGt=22.44, lp=0.02, lg=1.89, aP=100.00, aGinf=89.50, aGt=66.00
2025-12-18 10:49:46,158: MaxHebb=0.23348, T=1.00, F=1.00, L=1.00, train_i=328800, total_steps=8220000
2025-12-18 10:49:46,158: it=328800, lxP=0.00, lxG=0.01, lxGt=21.23, lp=0.02, lg=1.89, aP=100.00, aGinf=90.25, aGt=65.75
2025-12-18 10:50:14,837: MaxHebb=0.23791, T=1.00, F=1.00, L=1.00, train_i=328900, total_steps=8222500
2025-12-18 10:50:14,837: it=328900, lxP=0.03, lxG=0.03, lxGt=20.77, lp=0.01, lg=1.85, aP=100.00, aGinf=91.00, aGt=64.25
2025-12-18 10:50:42,163: MaxHebb=0.23797, T=1.00, F=1.00, L=1.00, train_i=329000, total_steps=8225000
2025-12-18 10:50:42,163: it=329000, lxP=0.00, lxG=0.22, lxGt=19.97, lp=0.02, lg=1.88, aP=100.00, aGinf=87.75, aGt=65.25
2025-12-18 10:51:09,482: MaxHebb=0.23566, T=1.00, F=1.00, L=1.00, train_i=329100, total_steps=8227500
2025-12-18 10:51:09,482: it=329100, lxP=0.00, lxG=0.09, lxGt=20.27, lp=0.02, lg=1.86, aP=100.00, aGinf=91.00, aGt=65.75
2025-12-18 10:51:36,691: MaxHebb=0.23505, T=1.00, F=1.00, L=1.00, train_i=329200, total_steps=8230000
2025-12-18 10:51:36,691: it=329200, lxP=0.00, lxG=0.01, lxGt=20.75, lp=0.02, lg=1.92, aP=100.00, aGinf=95.25, aGt=71.25
2025-12-18 10:52:05,522: MaxHebb=0.22459, T=1.00, F=1.00, L=1.00, train_i=329300, total_steps=8232500
2025-12-18 10:52:05,522: it=329300, lxP=0.02, lxG=0.06, lxGt=21.08, lp=0.01, lg=1.89, aP=100.00, aGinf=95.00, aGt=68.50
2025-12-18 10:52:32,761: MaxHebb=0.23110, T=1.00, F=1.00, L=1.00, train_i=329400, total_steps=8235000
2025-12-18 10:52:32,762: it=329400, lxP=0.01, lxG=0.01, lxGt=18.98, lp=0.03, lg=1.90, aP=100.00, aGinf=90.75, aGt=67.25
2025-12-18 10:53:00,013: MaxHebb=0.23413, T=1.00, F=1.00, L=1.00, train_i=329500, total_steps=8237500
2025-12-18 10:53:00,013: it=329500, lxP=0.02, lxG=0.26, lxGt=19.38, lp=0.01, lg=1.90, aP=100.00, aGinf=90.25, aGt=67.00
2025-12-18 10:53:27,306: MaxHebb=0.23538, T=1.00, F=1.00, L=1.00, train_i=329600, total_steps=8240000
2025-12-18 10:53:27,306: it=329600, lxP=0.11, lxG=0.02, lxGt=17.04, lp=0.01, lg=1.89, aP=100.00, aGinf=89.00, aGt=68.75
2025-12-18 10:53:56,104: MaxHebb=0.22917, T=1.00, F=1.00, L=1.00, train_i=329700, total_steps=8242500
2025-12-18 10:53:56,104: it=329700, lxP=0.00, lxG=0.33, lxGt=20.80, lp=0.01, lg=1.88, aP=100.00, aGinf=95.00, aGt=69.00
2025-12-18 10:54:23,443: MaxHebb=0.22751, T=1.00, F=1.00, L=1.00, train_i=329800, total_steps=8245000
2025-12-18 10:54:23,443: it=329800, lxP=0.00, lxG=0.01, lxGt=17.53, lp=0.04, lg=1.91, aP=100.00, aGinf=88.75, aGt=65.50
2025-12-18 10:54:50,818: MaxHebb=0.23357, T=1.00, F=1.00, L=1.00, train_i=329900, total_steps=8247500
2025-12-18 10:54:50,818: it=329900, lxP=0.00, lxG=0.03, lxGt=22.70, lp=0.03, lg=1.92, aP=100.00, aGinf=92.75, aGt=65.25
2025-12-18 10:55:18,131: MaxHebb=0.22298, T=1.00, F=1.00, L=1.00, train_i=330000, total_steps=8250000
2025-12-18 10:55:18,131: it=330000, lxP=0.00, lxG=0.40, lxGt=27.39, lp=0.02, lg=1.92, aP=100.00, aGinf=89.75, aGt=62.00
2025-12-18 10:55:19,712: save data time 0.13, train_i=330000.00, total_steps=8250000.00
2025-12-18 10:55:47,005: MaxHebb=0.22736, T=1.00, F=1.00, L=1.00, train_i=330100, total_steps=8252500
2025-12-18 10:55:47,005: it=330100, lxP=0.00, lxG=0.03, lxGt=21.60, lp=0.03, lg=1.92, aP=100.00, aGinf=85.75, aGt=63.25
2025-12-18 10:56:14,354: MaxHebb=0.22649, T=1.00, F=1.00, L=1.00, train_i=330200, total_steps=8255000
2025-12-18 10:56:14,354: it=330200, lxP=0.00, lxG=1.00, lxGt=20.22, lp=0.01, lg=1.93, aP=100.00, aGinf=86.00, aGt=65.25
2025-12-18 10:56:41,587: MaxHebb=0.23375, T=1.00, F=1.00, L=1.00, train_i=330300, total_steps=8257500
2025-12-18 10:56:41,587: it=330300, lxP=0.01, lxG=0.04, lxGt=20.23, lp=0.02, lg=1.91, aP=100.00, aGinf=89.75, aGt=64.50
2025-12-18 10:57:08,904: MaxHebb=0.23169, T=1.00, F=1.00, L=1.00, train_i=330400, total_steps=8260000
2025-12-18 10:57:08,904: it=330400, lxP=0.00, lxG=0.01, lxGt=22.62, lp=0.03, lg=1.93, aP=100.00, aGinf=90.00, aGt=62.25
2025-12-18 10:57:37,677: MaxHebb=0.22986, T=1.00, F=1.00, L=1.00, train_i=330500, total_steps=8262500
2025-12-18 10:57:37,677: it=330500, lxP=0.00, lxG=0.25, lxGt=19.22, lp=0.01, lg=1.91, aP=100.00, aGinf=96.50, aGt=73.25
2025-12-18 10:58:05,078: MaxHebb=0.23405, T=1.00, F=1.00, L=1.00, train_i=330600, total_steps=8265000
2025-12-18 10:58:05,078: it=330600, lxP=0.00, lxG=0.06, lxGt=20.50, lp=0.02, lg=1.89, aP=100.00, aGinf=94.75, aGt=71.50
2025-12-18 10:58:32,412: MaxHebb=0.23430, T=1.00, F=1.00, L=1.00, train_i=330700, total_steps=8267500
2025-12-18 10:58:32,412: it=330700, lxP=0.01, lxG=0.12, lxGt=17.06, lp=0.04, lg=1.88, aP=100.00, aGinf=88.00, aGt=66.50
2025-12-18 10:58:59,694: MaxHebb=0.22882, T=1.00, F=1.00, L=1.00, train_i=330800, total_steps=8270000
2025-12-18 10:58:59,694: it=330800, lxP=0.00, lxG=0.03, lxGt=20.32, lp=0.02, lg=1.91, aP=100.00, aGinf=88.75, aGt=62.00
2025-12-18 10:59:28,484: MaxHebb=0.22456, T=1.00, F=1.00, L=1.00, train_i=330900, total_steps=8272500
2025-12-18 10:59:28,484: it=330900, lxP=0.00, lxG=0.00, lxGt=24.17, lp=0.01, lg=1.92, aP=100.00, aGinf=93.50, aGt=65.25
2025-12-18 10:59:55,878: MaxHebb=0.23234, T=1.00, F=1.00, L=1.00, train_i=331000, total_steps=8275000
2025-12-18 10:59:55,879: it=331000, lxP=0.00, lxG=0.18, lxGt=22.22, lp=0.01, lg=1.89, aP=100.00, aGinf=91.75, aGt=66.50
2025-12-18 11:00:23,162: MaxHebb=0.23058, T=1.00, F=1.00, L=1.00, train_i=331100, total_steps=8277500
2025-12-18 11:00:23,162: it=331100, lxP=0.00, lxG=0.01, lxGt=19.93, lp=0.02, lg=1.93, aP=100.00, aGinf=91.25, aGt=67.00
2025-12-18 11:00:50,531: MaxHebb=0.21155, T=1.00, F=1.00, L=1.00, train_i=331200, total_steps=8280000
2025-12-18 11:00:50,531: it=331200, lxP=0.00, lxG=0.01, lxGt=19.08, lp=0.01, lg=1.90, aP=100.00, aGinf=92.50, aGt=68.75
2025-12-18 11:01:19,294: MaxHebb=0.22719, T=1.00, F=1.00, L=1.00, train_i=331300, total_steps=8282500
2025-12-18 11:01:19,294: it=331300, lxP=0.02, lxG=0.07, lxGt=23.17, lp=0.02, lg=1.88, aP=100.00, aGinf=94.50, aGt=68.25
2025-12-18 11:01:46,557: MaxHebb=0.22152, T=1.00, F=1.00, L=1.00, train_i=331400, total_steps=8285000
2025-12-18 11:01:46,557: it=331400, lxP=0.00, lxG=0.01, lxGt=22.02, lp=0.02, lg=1.92, aP=100.00, aGinf=95.50, aGt=70.00
2025-12-18 11:02:13,868: MaxHebb=0.22521, T=1.00, F=1.00, L=1.00, train_i=331500, total_steps=8287500
2025-12-18 11:02:13,868: it=331500, lxP=0.01, lxG=0.04, lxGt=18.50, lp=0.02, lg=1.90, aP=100.00, aGinf=86.75, aGt=62.25
2025-12-18 11:02:41,246: MaxHebb=0.22596, T=1.00, F=1.00, L=1.00, train_i=331600, total_steps=8290000
2025-12-18 11:02:41,246: it=331600, lxP=0.02, lxG=0.08, lxGt=17.79, lp=0.02, lg=1.90, aP=100.00, aGinf=90.00, aGt=67.00
2025-12-18 11:03:10,082: MaxHebb=0.22901, T=1.00, F=1.00, L=1.00, train_i=331700, total_steps=8292500
2025-12-18 11:03:10,082: it=331700, lxP=0.00, lxG=0.01, lxGt=19.46, lp=0.02, lg=1.90, aP=100.00, aGinf=91.25, aGt=67.00
2025-12-18 11:03:37,352: MaxHebb=0.21759, T=1.00, F=1.00, L=1.00, train_i=331800, total_steps=8295000
2025-12-18 11:03:37,353: it=331800, lxP=0.00, lxG=0.02, lxGt=23.60, lp=0.02, lg=1.87, aP=100.00, aGinf=94.75, aGt=69.25
2025-12-18 11:04:04,752: MaxHebb=0.23030, T=1.00, F=1.00, L=1.00, train_i=331900, total_steps=8297500
2025-12-18 11:04:04,752: it=331900, lxP=0.01, lxG=0.30, lxGt=21.83, lp=0.02, lg=1.90, aP=100.00, aGinf=89.75, aGt=68.00
2025-12-18 11:04:32,023: MaxHebb=0.22708, T=1.00, F=1.00, L=1.00, train_i=332000, total_steps=8300000
2025-12-18 11:04:32,023: it=332000, lxP=0.00, lxG=0.01, lxGt=17.70, lp=0.03, lg=1.90, aP=100.00, aGinf=88.75, aGt=69.75
2025-12-18 11:04:33,567: save data time 0.10, train_i=332000.00, total_steps=8300000.00
2025-12-18 11:05:00,901: MaxHebb=0.22236, T=1.00, F=1.00, L=1.00, train_i=332100, total_steps=8302500
2025-12-18 11:05:00,901: it=332100, lxP=0.02, lxG=0.02, lxGt=18.92, lp=0.03, lg=1.91, aP=100.00, aGinf=87.75, aGt=63.75
2025-12-18 11:05:28,236: MaxHebb=0.22994, T=1.00, F=1.00, L=1.00, train_i=332200, total_steps=8305000
2025-12-18 11:05:28,236: it=332200, lxP=0.00, lxG=0.35, lxGt=20.31, lp=0.02, lg=1.90, aP=100.00, aGinf=90.50, aGt=68.75
2025-12-18 11:05:55,641: MaxHebb=0.22664, T=1.00, F=1.00, L=1.00, train_i=332300, total_steps=8307500
2025-12-18 11:05:55,641: it=332300, lxP=0.00, lxG=0.01, lxGt=20.27, lp=0.02, lg=1.91, aP=100.00, aGinf=91.75, aGt=67.00
2025-12-18 11:06:22,966: MaxHebb=0.21895, T=1.00, F=1.00, L=1.00, train_i=332400, total_steps=8310000
2025-12-18 11:06:22,966: it=332400, lxP=0.00, lxG=0.19, lxGt=22.83, lp=0.01, lg=1.88, aP=100.00, aGinf=94.00, aGt=72.25
2025-12-18 11:06:51,754: MaxHebb=0.23061, T=1.00, F=1.00, L=1.00, train_i=332500, total_steps=8312500
2025-12-18 11:06:51,754: it=332500, lxP=0.00, lxG=0.28, lxGt=19.70, lp=0.02, lg=1.90, aP=100.00, aGinf=87.00, aGt=63.75
2025-12-18 11:07:19,057: MaxHebb=0.22824, T=1.00, F=1.00, L=1.00, train_i=332600, total_steps=8315000
2025-12-18 11:07:19,057: it=332600, lxP=0.00, lxG=0.00, lxGt=16.42, lp=0.04, lg=1.91, aP=100.00, aGinf=86.75, aGt=63.75
2025-12-18 11:07:46,420: MaxHebb=0.22586, T=1.00, F=1.00, L=1.00, train_i=332700, total_steps=8317500
2025-12-18 11:07:46,420: it=332700, lxP=0.00, lxG=0.07, lxGt=21.20, lp=0.02, lg=1.88, aP=100.00, aGinf=94.00, aGt=65.50
2025-12-18 11:08:13,786: MaxHebb=0.22312, T=1.00, F=1.00, L=1.00, train_i=332800, total_steps=8320000
2025-12-18 11:08:13,786: it=332800, lxP=0.00, lxG=0.28, lxGt=20.70, lp=0.01, lg=1.89, aP=100.00, aGinf=96.75, aGt=73.75
2025-12-18 11:08:42,621: MaxHebb=0.22922, T=1.00, F=1.00, L=1.00, train_i=332900, total_steps=8322500
2025-12-18 11:08:42,621: it=332900, lxP=0.00, lxG=0.01, lxGt=22.60, lp=0.01, lg=1.87, aP=100.00, aGinf=94.00, aGt=70.25
2025-12-18 11:09:09,884: MaxHebb=0.22708, T=1.00, F=1.00, L=1.00, train_i=333000, total_steps=8325000
2025-12-18 11:09:09,884: it=333000, lxP=0.32, lxG=0.08, lxGt=24.20, lp=0.01, lg=1.84, aP=100.00, aGinf=92.25, aGt=66.25
2025-12-18 11:09:37,240: MaxHebb=0.22521, T=1.00, F=1.00, L=1.00, train_i=333100, total_steps=8327500
2025-12-18 11:09:37,240: it=333100, lxP=0.06, lxG=0.11, lxGt=19.53, lp=0.02, lg=1.84, aP=100.00, aGinf=95.00, aGt=69.50
2025-12-18 11:10:04,557: MaxHebb=0.21552, T=1.00, F=1.00, L=1.00, train_i=333200, total_steps=8330000
2025-12-18 11:10:04,557: it=333200, lxP=0.01, lxG=0.14, lxGt=18.50, lp=0.02, lg=1.86, aP=100.00, aGinf=89.75, aGt=67.50
2025-12-18 11:10:33,237: MaxHebb=0.22677, T=1.00, F=1.00, L=1.00, train_i=333300, total_steps=8332500
2025-12-18 11:10:33,237: it=333300, lxP=0.00, lxG=0.04, lxGt=16.72, lp=0.03, lg=1.91, aP=100.00, aGinf=89.25, aGt=64.75
2025-12-18 11:11:00,627: MaxHebb=0.22858, T=1.00, F=1.00, L=1.00, train_i=333400, total_steps=8335000
2025-12-18 11:11:00,627: it=333400, lxP=0.00, lxG=0.03, lxGt=21.61, lp=0.02, lg=1.91, aP=100.00, aGinf=94.50, aGt=69.00
2025-12-18 11:11:27,919: MaxHebb=0.22116, T=1.00, F=1.00, L=1.00, train_i=333500, total_steps=8337500
2025-12-18 11:11:27,919: it=333500, lxP=0.00, lxG=0.15, lxGt=19.17, lp=0.05, lg=1.89, aP=100.00, aGinf=83.75, aGt=61.75
2025-12-18 11:11:55,231: MaxHebb=0.23199, T=1.00, F=1.00, L=1.00, train_i=333600, total_steps=8340000
2025-12-18 11:11:55,231: it=333600, lxP=0.00, lxG=1.23, lxGt=22.22, lp=0.01, lg=1.91, aP=100.00, aGinf=90.75, aGt=65.00
2025-12-18 11:12:23,960: MaxHebb=0.23065, T=1.00, F=1.00, L=1.00, train_i=333700, total_steps=8342500
2025-12-18 11:12:23,960: it=333700, lxP=0.01, lxG=0.19, lxGt=24.09, lp=0.02, lg=1.91, aP=100.00, aGinf=90.50, aGt=65.75
2025-12-18 11:12:51,285: MaxHebb=0.22856, T=1.00, F=1.00, L=1.00, train_i=333800, total_steps=8345000
2025-12-18 11:12:51,285: it=333800, lxP=0.01, lxG=0.05, lxGt=21.75, lp=0.01, lg=1.90, aP=100.00, aGinf=93.50, aGt=67.25
2025-12-18 11:13:18,627: MaxHebb=0.21941, T=1.00, F=1.00, L=1.00, train_i=333900, total_steps=8347500
2025-12-18 11:13:18,627: it=333900, lxP=0.00, lxG=0.11, lxGt=19.96, lp=0.02, lg=1.92, aP=100.00, aGinf=91.50, aGt=65.00
2025-12-18 11:13:45,920: MaxHebb=0.22866, T=1.00, F=1.00, L=1.00, train_i=334000, total_steps=8350000
2025-12-18 11:13:45,920: it=334000, lxP=0.00, lxG=0.63, lxGt=15.47, lp=0.02, lg=1.91, aP=100.00, aGinf=89.00, aGt=66.75
2025-12-18 11:13:47,456: save data time 0.11, train_i=334000.00, total_steps=8350000.00
2025-12-18 11:14:14,792: MaxHebb=0.22179, T=1.00, F=1.00, L=1.00, train_i=334100, total_steps=8352500
2025-12-18 11:14:14,792: it=334100, lxP=0.00, lxG=0.07, lxGt=22.82, lp=0.01, lg=1.91, aP=100.00, aGinf=96.00, aGt=71.25
2025-12-18 11:14:42,154: MaxHebb=0.19873, T=1.00, F=1.00, L=1.00, train_i=334200, total_steps=8355000
2025-12-18 11:14:42,154: it=334200, lxP=0.01, lxG=0.49, lxGt=19.72, lp=0.01, lg=1.89, aP=100.00, aGinf=88.75, aGt=67.25
2025-12-18 11:15:09,434: MaxHebb=0.21863, T=1.00, F=1.00, L=1.00, train_i=334300, total_steps=8357500
2025-12-18 11:15:09,434: it=334300, lxP=0.04, lxG=0.19, lxGt=23.35, lp=0.02, lg=1.88, aP=100.00, aGinf=94.50, aGt=67.50
2025-12-18 11:15:36,754: MaxHebb=0.23840, T=1.00, F=1.00, L=1.00, train_i=334400, total_steps=8360000
2025-12-18 11:15:36,755: it=334400, lxP=0.01, lxG=0.02, lxGt=21.95, lp=0.03, lg=1.92, aP=100.00, aGinf=89.00, aGt=64.75
2025-12-18 11:16:05,523: MaxHebb=0.22356, T=1.00, F=1.00, L=1.00, train_i=334500, total_steps=8362500
2025-12-18 11:16:05,523: it=334500, lxP=0.00, lxG=0.60, lxGt=22.20, lp=0.01, lg=1.90, aP=100.00, aGinf=90.25, aGt=65.50
2025-12-18 11:16:32,794: MaxHebb=0.22711, T=1.00, F=1.00, L=1.00, train_i=334600, total_steps=8365000
2025-12-18 11:16:32,794: it=334600, lxP=0.02, lxG=0.03, lxGt=20.18, lp=0.02, lg=1.90, aP=100.00, aGinf=92.50, aGt=68.50
2025-12-18 11:17:00,059: MaxHebb=0.22428, T=1.00, F=1.00, L=1.00, train_i=334700, total_steps=8367500
2025-12-18 11:17:00,059: it=334700, lxP=0.00, lxG=0.00, lxGt=19.69, lp=0.04, lg=1.91, aP=100.00, aGinf=89.75, aGt=65.00
2025-12-18 11:17:27,400: MaxHebb=0.22300, T=1.00, F=1.00, L=1.00, train_i=334800, total_steps=8370000
2025-12-18 11:17:27,400: it=334800, lxP=0.00, lxG=0.01, lxGt=23.92, lp=0.01, lg=1.92, aP=100.00, aGinf=92.25, aGt=66.75
2025-12-18 11:17:56,159: MaxHebb=0.22529, T=1.00, F=1.00, L=1.00, train_i=334900, total_steps=8372500
2025-12-18 11:17:56,159: it=334900, lxP=0.00, lxG=0.03, lxGt=22.22, lp=0.01, lg=1.95, aP=100.00, aGinf=88.75, aGt=62.75
2025-12-18 11:18:23,454: MaxHebb=0.21883, T=1.00, F=1.00, L=1.00, train_i=335000, total_steps=8375000
2025-12-18 11:18:23,454: it=335000, lxP=0.00, lxG=0.73, lxGt=19.93, lp=0.01, lg=1.94, aP=100.00, aGinf=90.25, aGt=66.50
2025-12-18 11:18:50,843: MaxHebb=0.21945, T=1.00, F=1.00, L=1.00, train_i=335100, total_steps=8377500
2025-12-18 11:18:50,843: it=335100, lxP=0.01, lxG=0.03, lxGt=21.04, lp=0.03, lg=1.93, aP=100.00, aGinf=92.50, aGt=68.25
2025-12-18 11:19:18,138: MaxHebb=0.21809, T=1.00, F=1.00, L=1.00, train_i=335200, total_steps=8380000
2025-12-18 11:19:18,138: it=335200, lxP=0.01, lxG=0.11, lxGt=25.66, lp=0.01, lg=1.92, aP=100.00, aGinf=93.25, aGt=67.25
2025-12-18 11:19:46,934: MaxHebb=0.21764, T=1.00, F=1.00, L=1.00, train_i=335300, total_steps=8382500
2025-12-18 11:19:46,934: it=335300, lxP=0.01, lxG=0.07, lxGt=23.81, lp=0.01, lg=1.88, aP=100.00, aGinf=91.25, aGt=67.75
2025-12-18 11:20:14,151: MaxHebb=0.22294, T=1.00, F=1.00, L=1.00, train_i=335400, total_steps=8385000
2025-12-18 11:20:14,151: it=335400, lxP=0.01, lxG=0.06, lxGt=22.45, lp=0.01, lg=1.89, aP=100.00, aGinf=89.75, aGt=61.25
2025-12-18 11:20:41,432: MaxHebb=0.21970, T=1.00, F=1.00, L=1.00, train_i=335500, total_steps=8387500
2025-12-18 11:20:41,432: it=335500, lxP=0.03, lxG=0.14, lxGt=22.81, lp=0.02, lg=1.89, aP=100.00, aGinf=93.50, aGt=65.50
2025-12-18 11:21:08,681: MaxHebb=0.21734, T=1.00, F=1.00, L=1.00, train_i=335600, total_steps=8390000
2025-12-18 11:21:08,681: it=335600, lxP=0.00, lxG=0.04, lxGt=22.20, lp=0.02, lg=1.92, aP=100.00, aGinf=91.75, aGt=67.50
2025-12-18 11:21:37,388: MaxHebb=0.22496, T=1.00, F=1.00, L=1.00, train_i=335700, total_steps=8392500
2025-12-18 11:21:37,388: it=335700, lxP=0.00, lxG=0.49, lxGt=20.78, lp=0.02, lg=1.94, aP=100.00, aGinf=93.75, aGt=69.25
2025-12-18 11:22:04,709: MaxHebb=0.22093, T=1.00, F=1.00, L=1.00, train_i=335800, total_steps=8395000
2025-12-18 11:22:04,709: it=335800, lxP=0.00, lxG=0.30, lxGt=20.31, lp=0.01, lg=1.91, aP=100.00, aGinf=92.00, aGt=66.25
2025-12-18 11:22:32,041: MaxHebb=0.22629, T=1.00, F=1.00, L=1.00, train_i=335900, total_steps=8397500
2025-12-18 11:22:32,042: it=335900, lxP=0.01, lxG=0.03, lxGt=20.85, lp=0.01, lg=1.89, aP=100.00, aGinf=92.75, aGt=67.50
2025-12-18 11:22:59,300: MaxHebb=0.22300, T=1.00, F=1.00, L=1.00, train_i=336000, total_steps=8400000
2025-12-18 11:22:59,300: it=336000, lxP=0.02, lxG=1.03, lxGt=23.88, lp=0.01, lg=1.88, aP=100.00, aGinf=89.00, aGt=65.75
2025-12-18 11:23:00,869: save data time 0.12, train_i=336000.00, total_steps=8400000.00
2025-12-18 11:23:28,179: MaxHebb=0.23042, T=1.00, F=1.00, L=1.00, train_i=336100, total_steps=8402500
2025-12-18 11:23:28,179: it=336100, lxP=0.00, lxG=0.11, lxGt=24.08, lp=0.01, lg=1.90, aP=100.00, aGinf=90.75, aGt=65.50
2025-12-18 11:23:55,446: MaxHebb=0.23429, T=1.00, F=1.00, L=1.00, train_i=336200, total_steps=8405000
2025-12-18 11:23:55,446: it=336200, lxP=0.02, lxG=0.17, lxGt=21.58, lp=0.01, lg=1.87, aP=100.00, aGinf=97.75, aGt=72.50
2025-12-18 11:24:22,746: MaxHebb=0.22585, T=1.00, F=1.00, L=1.00, train_i=336300, total_steps=8407500
2025-12-18 11:24:22,746: it=336300, lxP=0.00, lxG=0.14, lxGt=20.69, lp=0.02, lg=1.88, aP=100.00, aGinf=91.75, aGt=68.25
2025-12-18 11:24:49,984: MaxHebb=0.22671, T=1.00, F=1.00, L=1.00, train_i=336400, total_steps=8410000
2025-12-18 11:24:49,984: it=336400, lxP=0.00, lxG=0.02, lxGt=24.05, lp=0.02, lg=1.92, aP=100.00, aGinf=90.00, aGt=65.25
2025-12-18 11:25:18,783: MaxHebb=0.21921, T=1.00, F=1.00, L=1.00, train_i=336500, total_steps=8412500
2025-12-18 11:25:18,783: it=336500, lxP=0.00, lxG=0.08, lxGt=20.56, lp=0.02, lg=1.89, aP=100.00, aGinf=94.25, aGt=69.25
2025-12-18 11:25:46,123: MaxHebb=0.21770, T=1.00, F=1.00, L=1.00, train_i=336600, total_steps=8415000
2025-12-18 11:25:46,124: it=336600, lxP=0.00, lxG=0.15, lxGt=23.25, lp=0.01, lg=1.91, aP=100.00, aGinf=96.75, aGt=70.00
2025-12-18 11:26:13,591: MaxHebb=0.22251, T=1.00, F=1.00, L=1.00, train_i=336700, total_steps=8417500
2025-12-18 11:26:13,591: it=336700, lxP=0.01, lxG=0.04, lxGt=22.43, lp=0.01, lg=1.91, aP=100.00, aGinf=94.50, aGt=69.25
2025-12-18 11:26:41,004: MaxHebb=0.22478, T=1.00, F=1.00, L=1.00, train_i=336800, total_steps=8420000
2025-12-18 11:26:41,004: it=336800, lxP=0.00, lxG=0.10, lxGt=16.90, lp=0.04, lg=1.90, aP=100.00, aGinf=89.25, aGt=67.75
2025-12-18 11:27:09,918: MaxHebb=0.21990, T=1.00, F=1.00, L=1.00, train_i=336900, total_steps=8422500
2025-12-18 11:27:09,918: it=336900, lxP=0.00, lxG=0.01, lxGt=24.88, lp=0.02, lg=1.91, aP=100.00, aGinf=91.50, aGt=63.75
2025-12-18 11:27:37,296: MaxHebb=0.22674, T=1.00, F=1.00, L=1.00, train_i=337000, total_steps=8425000
2025-12-18 11:27:37,296: it=337000, lxP=0.02, lxG=0.06, lxGt=19.55, lp=0.01, lg=1.87, aP=100.00, aGinf=91.25, aGt=66.00
2025-12-18 11:28:04,671: MaxHebb=0.21627, T=1.00, F=1.00, L=1.00, train_i=337100, total_steps=8427500
2025-12-18 11:28:04,671: it=337100, lxP=0.00, lxG=0.02, lxGt=18.22, lp=0.02, lg=1.88, aP=100.00, aGinf=93.75, aGt=71.00
2025-12-18 11:28:31,983: MaxHebb=0.21856, T=1.00, F=1.00, L=1.00, train_i=337200, total_steps=8430000
2025-12-18 11:28:31,984: it=337200, lxP=0.00, lxG=0.01, lxGt=22.43, lp=0.02, lg=1.91, aP=100.00, aGinf=90.75, aGt=64.75
2025-12-18 11:29:00,732: MaxHebb=0.22704, T=1.00, F=1.00, L=1.00, train_i=337300, total_steps=8432500
2025-12-18 11:29:00,732: it=337300, lxP=0.00, lxG=0.33, lxGt=19.51, lp=0.02, lg=1.91, aP=100.00, aGinf=89.50, aGt=67.25
2025-12-18 11:29:28,091: MaxHebb=0.22162, T=1.00, F=1.00, L=1.00, train_i=337400, total_steps=8435000
2025-12-18 11:29:28,091: it=337400, lxP=0.01, lxG=0.05, lxGt=19.68, lp=0.02, lg=1.86, aP=100.00, aGinf=92.00, aGt=65.00
2025-12-18 11:29:55,420: MaxHebb=0.21822, T=1.00, F=1.00, L=1.00, train_i=337500, total_steps=8437500
2025-12-18 11:29:55,420: it=337500, lxP=0.00, lxG=0.02, lxGt=22.77, lp=0.01, lg=1.89, aP=100.00, aGinf=93.25, aGt=70.50
2025-12-18 11:30:22,787: MaxHebb=0.22354, T=1.00, F=1.00, L=1.00, train_i=337600, total_steps=8440000
2025-12-18 11:30:22,787: it=337600, lxP=0.00, lxG=0.20, lxGt=22.77, lp=0.01, lg=1.91, aP=100.00, aGinf=92.75, aGt=66.50
2025-12-18 11:30:51,556: MaxHebb=0.21856, T=1.00, F=1.00, L=1.00, train_i=337700, total_steps=8442500
2025-12-18 11:30:51,556: it=337700, lxP=0.00, lxG=0.05, lxGt=21.73, lp=0.01, lg=1.88, aP=100.00, aGinf=92.50, aGt=65.75
2025-12-18 11:31:18,821: MaxHebb=0.22397, T=1.00, F=1.00, L=1.00, train_i=337800, total_steps=8445000
2025-12-18 11:31:18,822: it=337800, lxP=0.02, lxG=0.07, lxGt=19.57, lp=0.01, lg=1.90, aP=100.00, aGinf=88.50, aGt=65.25
2025-12-18 11:31:46,051: MaxHebb=0.21951, T=1.00, F=1.00, L=1.00, train_i=337900, total_steps=8447500
2025-12-18 11:31:46,051: it=337900, lxP=0.00, lxG=0.00, lxGt=24.10, lp=0.01, lg=1.92, aP=100.00, aGinf=90.75, aGt=67.00
2025-12-18 11:32:13,407: MaxHebb=0.21958, T=1.00, F=1.00, L=1.00, train_i=338000, total_steps=8450000
2025-12-18 11:32:13,407: it=338000, lxP=0.00, lxG=0.21, lxGt=18.82, lp=0.03, lg=1.91, aP=100.00, aGinf=89.00, aGt=67.00
2025-12-18 11:32:14,993: save data time 0.13, train_i=338000.00, total_steps=8450000.00
2025-12-18 11:32:42,277: MaxHebb=0.22486, T=1.00, F=1.00, L=1.00, train_i=338100, total_steps=8452500
2025-12-18 11:32:42,278: it=338100, lxP=0.01, lxG=0.05, lxGt=19.37, lp=0.02, lg=1.89, aP=100.00, aGinf=93.50, aGt=69.25
2025-12-18 11:33:09,614: MaxHebb=0.22169, T=1.00, F=1.00, L=1.00, train_i=338200, total_steps=8455000
2025-12-18 11:33:09,614: it=338200, lxP=0.02, lxG=0.06, lxGt=20.58, lp=0.02, lg=1.88, aP=100.00, aGinf=92.25, aGt=68.75
2025-12-18 11:33:36,927: MaxHebb=0.22199, T=1.00, F=1.00, L=1.00, train_i=338300, total_steps=8457500
2025-12-18 11:33:36,927: it=338300, lxP=0.00, lxG=0.02, lxGt=20.61, lp=0.02, lg=1.89, aP=100.00, aGinf=96.00, aGt=69.75
2025-12-18 11:34:04,274: MaxHebb=0.22798, T=1.00, F=1.00, L=1.00, train_i=338400, total_steps=8460000
2025-12-18 11:34:04,274: it=338400, lxP=0.00, lxG=0.00, lxGt=15.65, lp=0.02, lg=1.90, aP=100.00, aGinf=96.00, aGt=73.00
2025-12-18 11:34:32,904: MaxHebb=0.22240, T=1.00, F=1.00, L=1.00, train_i=338500, total_steps=8462500
2025-12-18 11:34:32,904: it=338500, lxP=0.00, lxG=0.06, lxGt=19.01, lp=0.01, lg=1.92, aP=100.00, aGinf=94.25, aGt=69.50
2025-12-18 11:35:00,180: MaxHebb=0.21677, T=1.00, F=1.00, L=1.00, train_i=338600, total_steps=8465000
2025-12-18 11:35:00,180: it=338600, lxP=0.00, lxG=0.03, lxGt=23.10, lp=0.01, lg=1.88, aP=100.00, aGinf=93.75, aGt=66.25
2025-12-18 11:35:27,375: MaxHebb=0.22374, T=1.00, F=1.00, L=1.00, train_i=338700, total_steps=8467500
2025-12-18 11:35:27,376: it=338700, lxP=0.08, lxG=0.10, lxGt=24.63, lp=0.02, lg=1.88, aP=100.00, aGinf=91.25, aGt=65.50
2025-12-18 11:35:54,643: MaxHebb=0.22613, T=1.00, F=1.00, L=1.00, train_i=338800, total_steps=8470000
2025-12-18 11:35:54,643: it=338800, lxP=0.01, lxG=0.04, lxGt=22.21, lp=0.02, lg=1.90, aP=100.00, aGinf=91.50, aGt=67.50
2025-12-18 11:36:23,348: MaxHebb=0.21899, T=1.00, F=1.00, L=1.00, train_i=338900, total_steps=8472500
2025-12-18 11:36:23,349: it=338900, lxP=0.00, lxG=0.32, lxGt=21.15, lp=0.01, lg=1.92, aP=100.00, aGinf=90.25, aGt=62.75
2025-12-18 11:36:50,665: MaxHebb=0.21696, T=1.00, F=1.00, L=1.00, train_i=339000, total_steps=8475000
2025-12-18 11:36:50,665: it=339000, lxP=0.00, lxG=0.01, lxGt=20.29, lp=0.03, lg=1.92, aP=100.00, aGinf=87.75, aGt=64.50
2025-12-18 11:37:17,984: MaxHebb=0.22173, T=1.00, F=1.00, L=1.00, train_i=339100, total_steps=8477500
2025-12-18 11:37:17,984: it=339100, lxP=0.00, lxG=0.00, lxGt=25.26, lp=0.02, lg=1.95, aP=100.00, aGinf=91.00, aGt=65.50
2025-12-18 11:37:45,272: MaxHebb=0.21663, T=1.00, F=1.00, L=1.00, train_i=339200, total_steps=8480000
2025-12-18 11:37:45,272: it=339200, lxP=0.05, lxG=0.03, lxGt=22.73, lp=0.02, lg=1.91, aP=100.00, aGinf=95.50, aGt=72.00
2025-12-18 11:38:13,895: MaxHebb=0.21653, T=1.00, F=1.00, L=1.00, train_i=339300, total_steps=8482500
2025-12-18 11:38:13,895: it=339300, lxP=0.00, lxG=0.02, lxGt=20.03, lp=0.02, lg=1.90, aP=100.00, aGinf=92.75, aGt=70.00
2025-12-18 11:38:41,196: MaxHebb=0.21363, T=1.00, F=1.00, L=1.00, train_i=339400, total_steps=8485000
2025-12-18 11:38:41,196: it=339400, lxP=0.00, lxG=0.20, lxGt=23.18, lp=0.01, lg=1.88, aP=100.00, aGinf=91.50, aGt=65.75
2025-12-18 11:39:08,455: MaxHebb=0.22318, T=1.00, F=1.00, L=1.00, train_i=339500, total_steps=8487500
2025-12-18 11:39:08,455: it=339500, lxP=0.00, lxG=0.09, lxGt=21.68, lp=0.02, lg=1.90, aP=100.00, aGinf=92.25, aGt=68.00
2025-12-18 11:39:35,741: MaxHebb=0.22684, T=1.00, F=1.00, L=1.00, train_i=339600, total_steps=8490000
2025-12-18 11:39:35,741: it=339600, lxP=0.00, lxG=0.01, lxGt=20.45, lp=0.02, lg=1.90, aP=100.00, aGinf=93.25, aGt=68.50
2025-12-18 11:40:04,462: MaxHebb=0.22184, T=1.00, F=1.00, L=1.00, train_i=339700, total_steps=8492500
2025-12-18 11:40:04,462: it=339700, lxP=0.01, lxG=0.19, lxGt=18.04, lp=0.02, lg=1.88, aP=100.00, aGinf=93.50, aGt=72.00
2025-12-18 11:40:31,775: MaxHebb=0.22839, T=1.00, F=1.00, L=1.00, train_i=339800, total_steps=8495000
2025-12-18 11:40:31,775: it=339800, lxP=0.00, lxG=0.01, lxGt=21.25, lp=0.03, lg=1.93, aP=100.00, aGinf=90.25, aGt=68.25
2025-12-18 11:40:59,126: MaxHebb=0.22785, T=1.00, F=1.00, L=1.00, train_i=339900, total_steps=8497500
2025-12-18 11:40:59,126: it=339900, lxP=0.00, lxG=0.03, lxGt=23.14, lp=0.02, lg=1.93, aP=100.00, aGinf=91.25, aGt=64.00
2025-12-18 11:41:26,468: MaxHebb=0.23510, T=1.00, F=1.00, L=1.00, train_i=340000, total_steps=8500000
2025-12-18 11:41:26,468: it=340000, lxP=0.00, lxG=0.05, lxGt=21.20, lp=0.02, lg=1.89, aP=100.00, aGinf=90.75, aGt=64.50
2025-12-18 11:41:27,980: save data time 0.13, train_i=340000.00, total_steps=8500000.00
2025-12-18 11:41:55,279: MaxHebb=0.22626, T=1.00, F=1.00, L=1.00, train_i=340100, total_steps=8502500
2025-12-18 11:41:55,279: it=340100, lxP=0.06, lxG=0.01, lxGt=19.91, lp=0.02, lg=1.89, aP=100.00, aGinf=95.00, aGt=70.25
2025-12-18 11:42:22,572: MaxHebb=0.22095, T=1.00, F=1.00, L=1.00, train_i=340200, total_steps=8505000
2025-12-18 11:42:22,572: it=340200, lxP=0.00, lxG=0.11, lxGt=20.49, lp=0.04, lg=1.90, aP=100.00, aGinf=87.00, aGt=60.75
2025-12-18 11:42:49,901: MaxHebb=0.21486, T=1.00, F=1.00, L=1.00, train_i=340300, total_steps=8507500
2025-12-18 11:42:49,901: it=340300, lxP=0.00, lxG=0.01, lxGt=18.26, lp=0.01, lg=1.90, aP=100.00, aGinf=93.25, aGt=70.75
2025-12-18 11:43:17,136: MaxHebb=0.22809, T=1.00, F=1.00, L=1.00, train_i=340400, total_steps=8510000
2025-12-18 11:43:17,136: it=340400, lxP=0.00, lxG=0.42, lxGt=19.38, lp=0.04, lg=1.92, aP=100.00, aGinf=92.75, aGt=71.25
2025-12-18 11:43:45,868: MaxHebb=0.22235, T=1.00, F=1.00, L=1.00, train_i=340500, total_steps=8512500
2025-12-18 11:43:45,868: it=340500, lxP=0.01, lxG=0.46, lxGt=17.79, lp=0.04, lg=1.89, aP=100.00, aGinf=87.50, aGt=64.25
2025-12-18 11:44:13,276: MaxHebb=0.22255, T=1.00, F=1.00, L=1.00, train_i=340600, total_steps=8515000
2025-12-18 11:44:13,276: it=340600, lxP=0.00, lxG=0.10, lxGt=17.61, lp=0.02, lg=1.90, aP=100.00, aGinf=95.50, aGt=75.75
2025-12-18 11:44:40,538: MaxHebb=0.22370, T=1.00, F=1.00, L=1.00, train_i=340700, total_steps=8517500
2025-12-18 11:44:40,538: it=340700, lxP=0.00, lxG=0.16, lxGt=21.52, lp=0.01, lg=1.88, aP=100.00, aGinf=95.50, aGt=70.50
2025-12-18 11:45:07,909: MaxHebb=0.22785, T=1.00, F=1.00, L=1.00, train_i=340800, total_steps=8520000
2025-12-18 11:45:07,909: it=340800, lxP=0.00, lxG=0.21, lxGt=19.04, lp=0.02, lg=1.89, aP=100.00, aGinf=90.25, aGt=68.75
2025-12-18 11:45:36,660: MaxHebb=0.21935, T=1.00, F=1.00, L=1.00, train_i=340900, total_steps=8522500
2025-12-18 11:45:36,660: it=340900, lxP=0.00, lxG=0.18, lxGt=20.22, lp=0.01, lg=1.87, aP=100.00, aGinf=85.00, aGt=62.50
2025-12-18 11:46:03,956: MaxHebb=0.21583, T=1.00, F=1.00, L=1.00, train_i=341000, total_steps=8525000
2025-12-18 11:46:03,956: it=341000, lxP=0.01, lxG=0.01, lxGt=20.74, lp=0.02, lg=1.86, aP=100.00, aGinf=93.00, aGt=67.25
2025-12-18 11:46:31,257: MaxHebb=0.22923, T=1.00, F=1.00, L=1.00, train_i=341100, total_steps=8527500
2025-12-18 11:46:31,257: it=341100, lxP=0.00, lxG=0.02, lxGt=21.44, lp=0.01, lg=1.91, aP=100.00, aGinf=93.00, aGt=67.25
2025-12-18 11:46:58,592: MaxHebb=0.22254, T=1.00, F=1.00, L=1.00, train_i=341200, total_steps=8530000
2025-12-18 11:46:58,592: it=341200, lxP=0.00, lxG=0.05, lxGt=17.79, lp=0.03, lg=1.88, aP=100.00, aGinf=94.00, aGt=69.50
2025-12-18 11:47:27,322: MaxHebb=0.22281, T=1.00, F=1.00, L=1.00, train_i=341300, total_steps=8532500
2025-12-18 11:47:27,322: it=341300, lxP=0.00, lxG=0.04, lxGt=22.62, lp=0.02, lg=1.90, aP=100.00, aGinf=92.75, aGt=67.25
2025-12-18 11:47:54,633: MaxHebb=0.23080, T=1.00, F=1.00, L=1.00, train_i=341400, total_steps=8535000
2025-12-18 11:47:54,633: it=341400, lxP=0.00, lxG=0.09, lxGt=16.25, lp=0.02, lg=1.91, aP=100.00, aGinf=88.75, aGt=66.25
2025-12-18 11:48:21,890: MaxHebb=0.22279, T=1.00, F=1.00, L=1.00, train_i=341500, total_steps=8537500
2025-12-18 11:48:21,890: it=341500, lxP=0.00, lxG=0.02, lxGt=21.58, lp=0.02, lg=1.89, aP=100.00, aGinf=94.75, aGt=71.75
2025-12-18 11:48:49,182: MaxHebb=0.22050, T=1.00, F=1.00, L=1.00, train_i=341600, total_steps=8540000
2025-12-18 11:48:49,182: it=341600, lxP=0.00, lxG=0.02, lxGt=20.99, lp=0.03, lg=1.91, aP=100.00, aGinf=91.00, aGt=66.25
2025-12-18 11:49:17,869: MaxHebb=0.22361, T=1.00, F=1.00, L=1.00, train_i=341700, total_steps=8542500
2025-12-18 11:49:17,869: it=341700, lxP=0.00, lxG=0.01, lxGt=19.85, lp=0.03, lg=1.91, aP=100.00, aGinf=91.00, aGt=66.75
2025-12-18 11:49:45,157: MaxHebb=0.24616, T=1.00, F=1.00, L=1.00, train_i=341800, total_steps=8545000
2025-12-18 11:49:45,157: it=341800, lxP=0.00, lxG=0.01, lxGt=21.33, lp=0.01, lg=1.91, aP=100.00, aGinf=91.25, aGt=65.75
2025-12-18 11:50:12,463: MaxHebb=0.22531, T=1.00, F=1.00, L=1.00, train_i=341900, total_steps=8547500
2025-12-18 11:50:12,463: it=341900, lxP=0.00, lxG=0.02, lxGt=22.81, lp=0.02, lg=1.90, aP=100.00, aGinf=93.50, aGt=66.75
2025-12-18 11:50:39,831: MaxHebb=0.21091, T=1.00, F=1.00, L=1.00, train_i=342000, total_steps=8550000
2025-12-18 11:50:39,831: it=342000, lxP=0.00, lxG=0.00, lxGt=20.21, lp=0.01, lg=1.93, aP=100.00, aGinf=88.50, aGt=65.50
2025-12-18 11:50:41,336: save data time 0.11, train_i=342000.00, total_steps=8550000.00
2025-12-18 11:51:08,599: MaxHebb=0.22062, T=1.00, F=1.00, L=1.00, train_i=342100, total_steps=8552500
2025-12-18 11:51:08,599: it=342100, lxP=0.04, lxG=0.01, lxGt=20.11, lp=0.02, lg=1.88, aP=100.00, aGinf=88.75, aGt=66.00
2025-12-18 11:51:35,878: MaxHebb=0.21731, T=1.00, F=1.00, L=1.00, train_i=342200, total_steps=8555000
2025-12-18 11:51:35,879: it=342200, lxP=0.00, lxG=0.06, lxGt=17.99, lp=0.03, lg=1.89, aP=100.00, aGinf=87.50, aGt=62.50
2025-12-18 11:52:03,117: MaxHebb=0.21717, T=1.00, F=1.00, L=1.00, train_i=342300, total_steps=8557500
2025-12-18 11:52:03,117: it=342300, lxP=0.00, lxG=0.03, lxGt=22.06, lp=0.01, lg=1.91, aP=100.00, aGinf=91.50, aGt=67.00
2025-12-18 11:52:30,369: MaxHebb=0.21579, T=1.00, F=1.00, L=1.00, train_i=342400, total_steps=8560000
2025-12-18 11:52:30,369: it=342400, lxP=0.00, lxG=0.02, lxGt=18.12, lp=0.03, lg=1.90, aP=100.00, aGinf=89.75, aGt=68.00
2025-12-18 11:52:59,013: MaxHebb=0.22698, T=1.00, F=1.00, L=1.00, train_i=342500, total_steps=8562500
2025-12-18 11:52:59,013: it=342500, lxP=0.00, lxG=0.01, lxGt=22.57, lp=0.02, lg=1.93, aP=100.00, aGinf=97.50, aGt=70.00
2025-12-18 11:53:26,248: MaxHebb=0.22805, T=1.00, F=1.00, L=1.00, train_i=342600, total_steps=8565000
2025-12-18 11:53:26,248: it=342600, lxP=0.00, lxG=0.03, lxGt=20.66, lp=0.03, lg=1.91, aP=100.00, aGinf=90.25, aGt=64.75
2025-12-18 11:53:53,477: MaxHebb=0.22128, T=1.00, F=1.00, L=1.00, train_i=342700, total_steps=8567500
2025-12-18 11:53:53,477: it=342700, lxP=0.00, lxG=0.11, lxGt=21.19, lp=0.03, lg=1.89, aP=100.00, aGinf=88.25, aGt=61.75
2025-12-18 11:54:20,691: MaxHebb=0.21596, T=1.00, F=1.00, L=1.00, train_i=342800, total_steps=8570000
2025-12-18 11:54:20,691: it=342800, lxP=0.00, lxG=0.31, lxGt=24.59, lp=0.02, lg=1.87, aP=100.00, aGinf=92.00, aGt=64.75
2025-12-18 11:54:49,379: MaxHebb=0.21569, T=1.00, F=1.00, L=1.00, train_i=342900, total_steps=8572500
2025-12-18 11:54:49,379: it=342900, lxP=0.05, lxG=0.02, lxGt=17.19, lp=0.04, lg=1.88, aP=100.00, aGinf=89.75, aGt=66.50
2025-12-18 11:55:16,614: MaxHebb=0.21203, T=1.00, F=1.00, L=1.00, train_i=343000, total_steps=8575000
2025-12-18 11:55:16,614: it=343000, lxP=0.02, lxG=0.36, lxGt=17.28, lp=0.02, lg=1.86, aP=100.00, aGinf=91.25, aGt=69.25
2025-12-18 11:55:43,802: MaxHebb=0.21110, T=1.00, F=1.00, L=1.00, train_i=343100, total_steps=8577500
2025-12-18 11:55:43,802: it=343100, lxP=0.01, lxG=0.06, lxGt=21.49, lp=0.01, lg=1.88, aP=100.00, aGinf=93.25, aGt=65.25
2025-12-18 11:56:11,050: MaxHebb=0.21887, T=1.00, F=1.00, L=1.00, train_i=343200, total_steps=8580000
2025-12-18 11:56:11,050: it=343200, lxP=0.01, lxG=0.17, lxGt=23.43, lp=0.02, lg=1.90, aP=100.00, aGinf=96.75, aGt=71.25
2025-12-18 11:56:39,720: MaxHebb=0.22276, T=1.00, F=1.00, L=1.00, train_i=343300, total_steps=8582500
2025-12-18 11:56:39,720: it=343300, lxP=0.02, lxG=0.19, lxGt=22.98, lp=0.02, lg=1.89, aP=100.00, aGinf=91.25, aGt=66.25
2025-12-18 11:57:07,045: MaxHebb=0.21794, T=1.00, F=1.00, L=1.00, train_i=343400, total_steps=8585000
2025-12-18 11:57:07,045: it=343400, lxP=0.01, lxG=0.40, lxGt=23.06, lp=0.02, lg=1.92, aP=100.00, aGinf=88.25, aGt=62.50
2025-12-18 11:57:34,306: MaxHebb=0.21863, T=1.00, F=1.00, L=1.00, train_i=343500, total_steps=8587500
2025-12-18 11:57:34,306: it=343500, lxP=0.00, lxG=0.01, lxGt=17.30, lp=0.01, lg=1.88, aP=100.00, aGinf=93.25, aGt=70.25
2025-12-18 11:58:01,599: MaxHebb=0.22213, T=1.00, F=1.00, L=1.00, train_i=343600, total_steps=8590000
2025-12-18 11:58:01,599: it=343600, lxP=0.00, lxG=0.92, lxGt=23.74, lp=0.02, lg=1.91, aP=100.00, aGinf=93.75, aGt=69.75
2025-12-18 11:58:30,273: MaxHebb=0.21564, T=1.00, F=1.00, L=1.00, train_i=343700, total_steps=8592500
2025-12-18 11:58:30,273: it=343700, lxP=0.00, lxG=0.03, lxGt=21.33, lp=0.02, lg=1.86, aP=100.00, aGinf=92.25, aGt=70.25
2025-12-18 11:58:57,445: MaxHebb=0.25818, T=1.00, F=1.00, L=1.00, train_i=343800, total_steps=8595000
2025-12-18 11:58:57,445: it=343800, lxP=0.00, lxG=0.07, lxGt=19.34, lp=0.02, lg=1.87, aP=100.00, aGinf=94.25, aGt=72.25
2025-12-18 11:59:24,715: MaxHebb=0.23113, T=1.00, F=1.00, L=1.00, train_i=343900, total_steps=8597500
2025-12-18 11:59:24,715: it=343900, lxP=0.00, lxG=0.05, lxGt=20.61, lp=0.03, lg=1.89, aP=100.00, aGinf=88.25, aGt=65.50
2025-12-18 11:59:51,951: MaxHebb=0.21689, T=1.00, F=1.00, L=1.00, train_i=344000, total_steps=8600000
2025-12-18 11:59:51,951: it=344000, lxP=0.00, lxG=0.01, lxGt=22.04, lp=0.01, lg=1.88, aP=100.00, aGinf=94.00, aGt=70.25
2025-12-18 11:59:53,531: save data time 0.16, train_i=344000.00, total_steps=8600000.00
2025-12-18 12:00:20,799: MaxHebb=0.21368, T=1.00, F=1.00, L=1.00, train_i=344100, total_steps=8602500
2025-12-18 12:00:20,799: it=344100, lxP=0.03, lxG=0.22, lxGt=21.45, lp=0.01, lg=1.86, aP=100.00, aGinf=92.00, aGt=68.75
2025-12-18 12:00:48,106: MaxHebb=0.22024, T=1.00, F=1.00, L=1.00, train_i=344200, total_steps=8605000
2025-12-18 12:00:48,106: it=344200, lxP=0.00, lxG=1.08, lxGt=22.76, lp=0.03, lg=1.88, aP=100.00, aGinf=91.50, aGt=67.75
2025-12-18 12:01:15,368: MaxHebb=0.21886, T=1.00, F=1.00, L=1.00, train_i=344300, total_steps=8607500
2025-12-18 12:01:15,368: it=344300, lxP=0.00, lxG=0.02, lxGt=21.82, lp=0.01, lg=1.85, aP=100.00, aGinf=93.00, aGt=66.25
2025-12-18 12:01:42,664: MaxHebb=0.22979, T=1.00, F=1.00, L=1.00, train_i=344400, total_steps=8610000
2025-12-18 12:01:42,664: it=344400, lxP=0.00, lxG=0.01, lxGt=16.52, lp=0.02, lg=1.90, aP=100.00, aGinf=94.00, aGt=72.50
2025-12-18 12:02:11,399: MaxHebb=0.20997, T=1.00, F=1.00, L=1.00, train_i=344500, total_steps=8612500
2025-12-18 12:02:11,399: it=344500, lxP=0.00, lxG=0.09, lxGt=20.17, lp=0.02, lg=1.88, aP=100.00, aGinf=90.25, aGt=67.25
2025-12-18 12:02:38,653: MaxHebb=0.21498, T=1.00, F=1.00, L=1.00, train_i=344600, total_steps=8615000
2025-12-18 12:02:38,653: it=344600, lxP=0.00, lxG=0.32, lxGt=18.95, lp=0.02, lg=1.89, aP=100.00, aGinf=93.25, aGt=70.50
2025-12-18 12:03:05,975: MaxHebb=0.22079, T=1.00, F=1.00, L=1.00, train_i=344700, total_steps=8617500
2025-12-18 12:03:05,975: it=344700, lxP=0.00, lxG=0.03, lxGt=23.62, lp=0.01, lg=1.88, aP=100.00, aGinf=93.00, aGt=67.75
2025-12-18 12:03:33,217: MaxHebb=0.21856, T=1.00, F=1.00, L=1.00, train_i=344800, total_steps=8620000
2025-12-18 12:03:33,217: it=344800, lxP=0.00, lxG=0.08, lxGt=22.06, lp=0.02, lg=1.92, aP=100.00, aGinf=91.75, aGt=67.50
2025-12-18 12:04:01,906: MaxHebb=0.21194, T=1.00, F=1.00, L=1.00, train_i=344900, total_steps=8622500
2025-12-18 12:04:01,906: it=344900, lxP=0.00, lxG=0.19, lxGt=21.43, lp=0.02, lg=1.88, aP=100.00, aGinf=91.50, aGt=68.00
2025-12-18 12:04:29,165: MaxHebb=0.21503, T=1.00, F=1.00, L=1.00, train_i=345000, total_steps=8625000
2025-12-18 12:04:29,165: it=345000, lxP=0.00, lxG=0.05, lxGt=24.58, lp=0.01, lg=1.88, aP=100.00, aGinf=92.00, aGt=65.75
2025-12-18 12:04:56,414: MaxHebb=0.22901, T=1.00, F=1.00, L=1.00, train_i=345100, total_steps=8627500
2025-12-18 12:04:56,415: it=345100, lxP=0.00, lxG=0.02, lxGt=19.93, lp=0.01, lg=1.91, aP=100.00, aGinf=88.75, aGt=67.50
2025-12-18 12:05:23,696: MaxHebb=0.23140, T=1.00, F=1.00, L=1.00, train_i=345200, total_steps=8630000
2025-12-18 12:05:23,696: it=345200, lxP=0.00, lxG=0.01, lxGt=23.89, lp=0.01, lg=1.87, aP=100.00, aGinf=94.75, aGt=66.75
2025-12-18 12:05:52,422: MaxHebb=0.23361, T=1.00, F=1.00, L=1.00, train_i=345300, total_steps=8632500
2025-12-18 12:05:52,422: it=345300, lxP=0.00, lxG=0.02, lxGt=20.23, lp=0.01, lg=1.90, aP=100.00, aGinf=93.00, aGt=71.25
2025-12-18 12:06:19,693: MaxHebb=0.21545, T=1.00, F=1.00, L=1.00, train_i=345400, total_steps=8635000
2025-12-18 12:06:19,694: it=345400, lxP=0.00, lxG=0.01, lxGt=19.11, lp=0.02, lg=1.92, aP=100.00, aGinf=90.00, aGt=66.25
2025-12-18 12:06:46,920: MaxHebb=0.21203, T=1.00, F=1.00, L=1.00, train_i=345500, total_steps=8637500
2025-12-18 12:06:46,920: it=345500, lxP=0.00, lxG=0.05, lxGt=22.17, lp=0.02, lg=1.90, aP=100.00, aGinf=88.25, aGt=64.75
2025-12-18 12:07:14,205: MaxHebb=0.21709, T=1.00, F=1.00, L=1.00, train_i=345600, total_steps=8640000
2025-12-18 12:07:14,205: it=345600, lxP=0.00, lxG=0.00, lxGt=19.30, lp=0.01, lg=1.91, aP=100.00, aGinf=89.25, aGt=66.75
2025-12-18 12:07:42,972: MaxHebb=0.22812, T=1.00, F=1.00, L=1.00, train_i=345700, total_steps=8642500
2025-12-18 12:07:42,973: it=345700, lxP=0.00, lxG=0.19, lxGt=22.68, lp=0.01, lg=1.90, aP=100.00, aGinf=89.75, aGt=65.00
2025-12-18 12:08:10,339: MaxHebb=0.21750, T=1.00, F=1.00, L=1.00, train_i=345800, total_steps=8645000
2025-12-18 12:08:10,339: it=345800, lxP=0.00, lxG=0.00, lxGt=22.18, lp=0.01, lg=1.89, aP=100.00, aGinf=87.50, aGt=61.25
2025-12-18 12:08:37,716: MaxHebb=0.21042, T=1.00, F=1.00, L=1.00, train_i=345900, total_steps=8647500
2025-12-18 12:08:37,716: it=345900, lxP=0.00, lxG=0.01, lxGt=20.90, lp=0.01, lg=1.91, aP=100.00, aGinf=96.00, aGt=71.75
2025-12-18 12:09:05,045: MaxHebb=0.21753, T=1.00, F=1.00, L=1.00, train_i=346000, total_steps=8650000
2025-12-18 12:09:05,045: it=346000, lxP=0.00, lxG=0.01, lxGt=19.91, lp=0.02, lg=1.94, aP=100.00, aGinf=88.00, aGt=65.00
2025-12-18 12:09:06,621: save data time 0.14, train_i=346000.00, total_steps=8650000.00
2025-12-18 12:09:34,002: MaxHebb=0.21689, T=1.00, F=1.00, L=1.00, train_i=346100, total_steps=8652500
2025-12-18 12:09:34,002: it=346100, lxP=0.00, lxG=0.05, lxGt=19.85, lp=0.02, lg=1.87, aP=100.00, aGinf=87.25, aGt=60.00
2025-12-18 12:10:01,322: MaxHebb=0.21322, T=1.00, F=1.00, L=1.00, train_i=346200, total_steps=8655000
2025-12-18 12:10:01,322: it=346200, lxP=0.00, lxG=0.06, lxGt=22.10, lp=0.02, lg=1.91, aP=100.00, aGinf=91.25, aGt=65.50
2025-12-18 12:10:28,642: MaxHebb=0.21451, T=1.00, F=1.00, L=1.00, train_i=346300, total_steps=8657500
2025-12-18 12:10:28,642: it=346300, lxP=0.00, lxG=0.00, lxGt=19.07, lp=0.02, lg=1.92, aP=100.00, aGinf=94.75, aGt=69.00
2025-12-18 12:10:55,984: MaxHebb=0.21780, T=1.00, F=1.00, L=1.00, train_i=346400, total_steps=8660000
2025-12-18 12:10:55,984: it=346400, lxP=0.01, lxG=0.08, lxGt=20.02, lp=0.02, lg=1.86, aP=100.00, aGinf=92.25, aGt=67.25
2025-12-18 12:11:24,732: MaxHebb=0.21824, T=1.00, F=1.00, L=1.00, train_i=346500, total_steps=8662500
2025-12-18 12:11:24,732: it=346500, lxP=0.00, lxG=0.04, lxGt=20.79, lp=0.01, lg=1.88, aP=100.00, aGinf=93.00, aGt=69.50
2025-12-18 12:11:52,052: MaxHebb=0.21285, T=1.00, F=1.00, L=1.00, train_i=346600, total_steps=8665000
2025-12-18 12:11:52,052: it=346600, lxP=0.02, lxG=0.01, lxGt=20.44, lp=0.02, lg=1.90, aP=100.00, aGinf=90.00, aGt=66.25
2025-12-18 12:12:19,352: MaxHebb=0.21510, T=1.00, F=1.00, L=1.00, train_i=346700, total_steps=8667500
2025-12-18 12:12:19,352: it=346700, lxP=0.00, lxG=0.43, lxGt=20.85, lp=0.03, lg=1.89, aP=100.00, aGinf=86.50, aGt=64.00
2025-12-18 12:12:46,625: MaxHebb=0.21509, T=1.00, F=1.00, L=1.00, train_i=346800, total_steps=8670000
2025-12-18 12:12:46,625: it=346800, lxP=0.00, lxG=0.12, lxGt=19.55, lp=0.01, lg=1.88, aP=100.00, aGinf=85.00, aGt=61.00
2025-12-18 12:13:15,212: MaxHebb=0.22425, T=1.00, F=1.00, L=1.00, train_i=346900, total_steps=8672500
2025-12-18 12:13:15,212: it=346900, lxP=0.00, lxG=0.00, lxGt=21.57, lp=0.01, lg=1.91, aP=100.00, aGinf=92.00, aGt=66.50
2025-12-18 12:13:42,365: MaxHebb=0.21878, T=1.00, F=1.00, L=1.00, train_i=347000, total_steps=8675000
2025-12-18 12:13:42,365: it=347000, lxP=0.00, lxG=0.97, lxGt=18.09, lp=0.02, lg=1.88, aP=100.00, aGinf=87.00, aGt=63.25
2025-12-18 12:14:09,571: MaxHebb=0.20933, T=1.00, F=1.00, L=1.00, train_i=347100, total_steps=8677500
2025-12-18 12:14:09,571: it=347100, lxP=0.00, lxG=0.04, lxGt=21.23, lp=0.01, lg=1.86, aP=100.00, aGinf=93.00, aGt=69.25
2025-12-18 12:14:36,802: MaxHebb=0.22428, T=1.00, F=1.00, L=1.00, train_i=347200, total_steps=8680000
2025-12-18 12:14:36,803: it=347200, lxP=0.09, lxG=0.04, lxGt=21.64, lp=0.02, lg=1.89, aP=100.00, aGinf=91.75, aGt=64.75
2025-12-18 12:15:05,485: MaxHebb=0.21882, T=1.00, F=1.00, L=1.00, train_i=347300, total_steps=8682500
2025-12-18 12:15:05,485: it=347300, lxP=0.01, lxG=0.51, lxGt=25.21, lp=0.02, lg=1.89, aP=100.00, aGinf=91.00, aGt=62.75
2025-12-18 12:15:32,744: MaxHebb=0.21343, T=1.00, F=1.00, L=1.00, train_i=347400, total_steps=8685000
2025-12-18 12:15:32,744: it=347400, lxP=0.00, lxG=0.27, lxGt=18.19, lp=0.01, lg=1.89, aP=100.00, aGinf=92.25, aGt=70.25
2025-12-18 12:16:00,099: MaxHebb=0.21615, T=1.00, F=1.00, L=1.00, train_i=347500, total_steps=8687500
2025-12-18 12:16:00,099: it=347500, lxP=0.01, lxG=0.03, lxGt=19.63, lp=0.02, lg=1.86, aP=100.00, aGinf=93.50, aGt=67.25
2025-12-18 12:16:27,472: MaxHebb=0.21655, T=1.00, F=1.00, L=1.00, train_i=347600, total_steps=8690000
2025-12-18 12:16:27,472: it=347600, lxP=0.00, lxG=0.02, lxGt=21.59, lp=0.01, lg=1.88, aP=100.00, aGinf=94.50, aGt=66.00
2025-12-18 12:16:56,238: MaxHebb=0.20907, T=1.00, F=1.00, L=1.00, train_i=347700, total_steps=8692500
2025-12-18 12:16:56,238: it=347700, lxP=0.00, lxG=0.09, lxGt=21.31, lp=0.03, lg=1.91, aP=100.00, aGinf=88.00, aGt=67.50
2025-12-18 12:17:23,528: MaxHebb=0.21995, T=1.00, F=1.00, L=1.00, train_i=347800, total_steps=8695000
2025-12-18 12:17:23,529: it=347800, lxP=0.00, lxG=0.02, lxGt=28.69, lp=0.01, lg=1.90, aP=100.00, aGinf=91.25, aGt=65.50
2025-12-18 12:17:50,775: MaxHebb=0.21788, T=1.00, F=1.00, L=1.00, train_i=347900, total_steps=8697500
2025-12-18 12:17:50,775: it=347900, lxP=0.00, lxG=0.33, lxGt=19.45, lp=0.01, lg=1.88, aP=100.00, aGinf=96.00, aGt=71.50
2025-12-18 12:18:18,095: MaxHebb=0.21537, T=1.00, F=1.00, L=1.00, train_i=348000, total_steps=8700000
2025-12-18 12:18:18,095: it=348000, lxP=0.00, lxG=0.03, lxGt=17.97, lp=0.02, lg=1.88, aP=100.00, aGinf=91.50, aGt=70.25
2025-12-18 12:18:19,652: save data time 0.11, train_i=348000.00, total_steps=8700000.00
2025-12-18 12:18:46,967: MaxHebb=0.21424, T=1.00, F=1.00, L=1.00, train_i=348100, total_steps=8702500
2025-12-18 12:18:46,967: it=348100, lxP=0.00, lxG=0.03, lxGt=21.67, lp=0.01, lg=1.89, aP=100.00, aGinf=93.00, aGt=67.75
2025-12-18 12:19:14,328: MaxHebb=0.21622, T=1.00, F=1.00, L=1.00, train_i=348200, total_steps=8705000
2025-12-18 12:19:14,328: it=348200, lxP=0.00, lxG=0.02, lxGt=20.93, lp=0.01, lg=1.87, aP=100.00, aGinf=95.50, aGt=70.00
2025-12-18 12:19:41,652: MaxHebb=0.21302, T=1.00, F=1.00, L=1.00, train_i=348300, total_steps=8707500
2025-12-18 12:19:41,652: it=348300, lxP=0.00, lxG=0.05, lxGt=24.67, lp=0.01, lg=1.90, aP=100.00, aGinf=91.00, aGt=64.50
2025-12-18 12:20:08,969: MaxHebb=0.20557, T=1.00, F=1.00, L=1.00, train_i=348400, total_steps=8710000
2025-12-18 12:20:08,970: it=348400, lxP=0.01, lxG=0.08, lxGt=21.45, lp=0.02, lg=1.89, aP=100.00, aGinf=91.50, aGt=68.25
2025-12-18 12:20:37,705: MaxHebb=0.20392, T=1.00, F=1.00, L=1.00, train_i=348500, total_steps=8712500
2025-12-18 12:20:37,706: it=348500, lxP=0.00, lxG=0.02, lxGt=20.66, lp=0.02, lg=1.87, aP=100.00, aGinf=92.00, aGt=67.25
2025-12-18 12:21:05,064: MaxHebb=0.20754, T=1.00, F=1.00, L=1.00, train_i=348600, total_steps=8715000
2025-12-18 12:21:05,064: it=348600, lxP=0.00, lxG=0.03, lxGt=24.99, lp=0.01, lg=1.87, aP=100.00, aGinf=93.25, aGt=65.75
2025-12-18 12:21:32,482: MaxHebb=0.20723, T=1.00, F=1.00, L=1.00, train_i=348700, total_steps=8717500
2025-12-18 12:21:32,482: it=348700, lxP=0.01, lxG=0.12, lxGt=16.48, lp=0.07, lg=1.88, aP=100.00, aGinf=83.50, aGt=63.50
2025-12-18 12:21:59,764: MaxHebb=0.21814, T=1.00, F=1.00, L=1.00, train_i=348800, total_steps=8720000
2025-12-18 12:21:59,764: it=348800, lxP=0.01, lxG=0.92, lxGt=18.67, lp=0.04, lg=1.86, aP=100.00, aGinf=88.00, aGt=66.25
2025-12-18 12:22:28,573: MaxHebb=0.20327, T=1.00, F=1.00, L=1.00, train_i=348900, total_steps=8722500
2025-12-18 12:22:28,573: it=348900, lxP=0.00, lxG=0.02, lxGt=21.12, lp=0.02, lg=1.89, aP=100.00, aGinf=93.25, aGt=67.50
2025-12-18 12:22:55,847: MaxHebb=0.21118, T=1.00, F=1.00, L=1.00, train_i=349000, total_steps=8725000
2025-12-18 12:22:55,848: it=349000, lxP=0.02, lxG=0.01, lxGt=20.46, lp=0.02, lg=1.90, aP=100.00, aGinf=95.00, aGt=68.50
2025-12-18 12:23:23,075: MaxHebb=0.21202, T=1.00, F=1.00, L=1.00, train_i=349100, total_steps=8727500
2025-12-18 12:23:23,075: it=349100, lxP=0.02, lxG=0.14, lxGt=18.91, lp=0.03, lg=1.88, aP=100.00, aGinf=90.25, aGt=66.50
2025-12-18 12:23:50,372: MaxHebb=0.21038, T=1.00, F=1.00, L=1.00, train_i=349200, total_steps=8730000
2025-12-18 12:23:50,372: it=349200, lxP=0.00, lxG=0.03, lxGt=22.71, lp=0.01, lg=1.92, aP=100.00, aGinf=92.75, aGt=68.50
2025-12-18 12:24:19,078: MaxHebb=0.20619, T=1.00, F=1.00, L=1.00, train_i=349300, total_steps=8732500
2025-12-18 12:24:19,078: it=349300, lxP=0.00, lxG=0.25, lxGt=23.28, lp=0.02, lg=1.87, aP=100.00, aGinf=93.75, aGt=69.75
2025-12-18 12:24:46,360: MaxHebb=0.20930, T=1.00, F=1.00, L=1.00, train_i=349400, total_steps=8735000
2025-12-18 12:24:46,360: it=349400, lxP=0.00, lxG=0.05, lxGt=24.78, lp=0.01, lg=1.88, aP=100.00, aGinf=96.75, aGt=69.00
2025-12-18 12:25:13,670: MaxHebb=0.20651, T=1.00, F=1.00, L=1.00, train_i=349500, total_steps=8737500
2025-12-18 12:25:13,670: it=349500, lxP=0.00, lxG=0.12, lxGt=20.71, lp=0.01, lg=1.87, aP=100.00, aGinf=91.75, aGt=68.00
2025-12-18 12:25:41,005: MaxHebb=0.20822, T=1.00, F=1.00, L=1.00, train_i=349600, total_steps=8740000
2025-12-18 12:25:41,005: it=349600, lxP=0.01, lxG=0.04, lxGt=18.73, lp=0.01, lg=1.88, aP=100.00, aGinf=92.00, aGt=67.00
2025-12-18 12:26:09,811: MaxHebb=0.20375, T=1.00, F=1.00, L=1.00, train_i=349700, total_steps=8742500
2025-12-18 12:26:09,811: it=349700, lxP=0.06, lxG=0.25, lxGt=23.50, lp=0.02, lg=1.87, aP=100.00, aGinf=90.25, aGt=66.25
2025-12-18 12:26:37,141: MaxHebb=0.20238, T=1.00, F=1.00, L=1.00, train_i=349800, total_steps=8745000
2025-12-18 12:26:37,141: it=349800, lxP=0.00, lxG=0.31, lxGt=19.13, lp=0.02, lg=1.90, aP=100.00, aGinf=86.75, aGt=62.25
2025-12-18 12:27:04,368: MaxHebb=0.21517, T=1.00, F=1.00, L=1.00, train_i=349900, total_steps=8747500
2025-12-18 12:27:04,368: it=349900, lxP=0.00, lxG=0.46, lxGt=20.17, lp=0.02, lg=1.89, aP=100.00, aGinf=90.50, aGt=66.25
2025-12-18 12:27:31,625: MaxHebb=0.21148, T=1.00, F=1.00, L=1.00, train_i=350000, total_steps=8750000
2025-12-18 12:27:31,625: it=350000, lxP=0.01, lxG=0.04, lxGt=17.55, lp=0.01, lg=1.83, aP=100.00, aGinf=94.25, aGt=72.50
2025-12-18 12:27:33,188: save data time 0.12, train_i=350000.00, total_steps=8750000.00
2025-12-18 12:28:00,385: MaxHebb=0.21130, T=1.00, F=1.00, L=1.00, train_i=350100, total_steps=8752500
2025-12-18 12:28:00,385: it=350100, lxP=0.00, lxG=0.34, lxGt=21.37, lp=0.02, lg=1.88, aP=100.00, aGinf=95.25, aGt=70.25
2025-12-18 12:28:27,709: MaxHebb=0.21019, T=1.00, F=1.00, L=1.00, train_i=350200, total_steps=8755000
2025-12-18 12:28:27,709: it=350200, lxP=0.00, lxG=0.32, lxGt=17.38, lp=0.05, lg=1.87, aP=100.00, aGinf=82.75, aGt=56.75
2025-12-18 12:28:55,033: MaxHebb=0.21837, T=1.00, F=1.00, L=1.00, train_i=350300, total_steps=8757500
2025-12-18 12:28:55,033: it=350300, lxP=0.00, lxG=0.01, lxGt=22.94, lp=0.03, lg=1.87, aP=100.00, aGinf=86.75, aGt=62.75
2025-12-18 12:29:22,359: MaxHebb=0.20294, T=1.00, F=1.00, L=1.00, train_i=350400, total_steps=8760000
2025-12-18 12:29:22,359: it=350400, lxP=0.00, lxG=0.03, lxGt=20.44, lp=0.02, lg=1.90, aP=100.00, aGinf=92.75, aGt=67.00
2025-12-18 12:29:51,046: MaxHebb=0.19867, T=1.00, F=1.00, L=1.00, train_i=350500, total_steps=8762500
2025-12-18 12:29:51,046: it=350500, lxP=0.00, lxG=0.74, lxGt=20.21, lp=0.01, lg=1.88, aP=100.00, aGinf=89.25, aGt=65.50
2025-12-18 12:30:18,329: MaxHebb=0.20729, T=1.00, F=1.00, L=1.00, train_i=350600, total_steps=8765000
2025-12-18 12:30:18,329: it=350600, lxP=0.00, lxG=0.02, lxGt=17.80, lp=0.03, lg=1.90, aP=100.00, aGinf=90.00, aGt=67.50
2025-12-18 12:30:45,618: MaxHebb=0.20198, T=1.00, F=1.00, L=1.00, train_i=350700, total_steps=8767500
2025-12-18 12:30:45,618: it=350700, lxP=0.01, lxG=0.29, lxGt=19.87, lp=0.02, lg=1.88, aP=100.00, aGinf=90.75, aGt=65.50
2025-12-18 12:31:12,913: MaxHebb=0.22424, T=1.00, F=1.00, L=1.00, train_i=350800, total_steps=8770000
2025-12-18 12:31:12,913: it=350800, lxP=0.00, lxG=0.35, lxGt=22.65, lp=0.02, lg=1.90, aP=100.00, aGinf=89.25, aGt=64.25
2025-12-18 12:31:41,608: MaxHebb=0.20332, T=1.00, F=1.00, L=1.00, train_i=350900, total_steps=8772500
2025-12-18 12:31:41,608: it=350900, lxP=0.00, lxG=0.04, lxGt=14.65, lp=0.03, lg=1.86, aP=100.00, aGinf=87.50, aGt=66.00
2025-12-18 12:32:08,902: MaxHebb=0.19529, T=1.00, F=1.00, L=1.00, train_i=351000, total_steps=8775000
2025-12-18 12:32:08,902: it=351000, lxP=0.00, lxG=0.02, lxGt=19.22, lp=0.02, lg=1.90, aP=100.00, aGinf=91.00, aGt=68.00
2025-12-18 12:32:36,102: MaxHebb=0.19798, T=1.00, F=1.00, L=1.00, train_i=351100, total_steps=8777500
2025-12-18 12:32:36,102: it=351100, lxP=0.00, lxG=0.05, lxGt=17.94, lp=0.01, lg=1.89, aP=100.00, aGinf=88.25, aGt=67.50
2025-12-18 12:33:03,361: MaxHebb=0.19249, T=1.00, F=1.00, L=1.00, train_i=351200, total_steps=8780000
2025-12-18 12:33:03,361: it=351200, lxP=0.00, lxG=1.81, lxGt=19.58, lp=0.04, lg=1.92, aP=100.00, aGinf=84.25, aGt=58.50
2025-12-18 12:33:32,065: MaxHebb=0.20018, T=1.00, F=1.00, L=1.00, train_i=351300, total_steps=8782500
2025-12-18 12:33:32,066: it=351300, lxP=0.00, lxG=0.01, lxGt=21.98, lp=0.02, lg=1.87, aP=100.00, aGinf=95.00, aGt=68.00
2025-12-18 12:33:59,360: MaxHebb=0.20730, T=1.00, F=1.00, L=1.00, train_i=351400, total_steps=8785000
2025-12-18 12:33:59,360: it=351400, lxP=0.04, lxG=0.02, lxGt=19.79, lp=0.03, lg=1.86, aP=100.00, aGinf=84.50, aGt=59.50
2025-12-18 12:34:26,630: MaxHebb=0.19897, T=1.00, F=1.00, L=1.00, train_i=351500, total_steps=8787500
2025-12-18 12:34:26,630: it=351500, lxP=0.00, lxG=0.08, lxGt=20.79, lp=0.03, lg=1.88, aP=100.00, aGinf=86.50, aGt=63.00
2025-12-18 12:34:53,922: MaxHebb=0.21129, T=1.00, F=1.00, L=1.00, train_i=351600, total_steps=8790000
2025-12-18 12:34:53,922: it=351600, lxP=0.00, lxG=0.02, lxGt=21.61, lp=0.02, lg=1.88, aP=100.00, aGinf=94.75, aGt=67.75
2025-12-18 12:35:22,700: MaxHebb=0.21438, T=1.00, F=1.00, L=1.00, train_i=351700, total_steps=8792500
2025-12-18 12:35:22,700: it=351700, lxP=0.00, lxG=0.01, lxGt=19.37, lp=0.01, lg=1.84, aP=100.00, aGinf=94.75, aGt=69.50
2025-12-18 12:35:50,013: MaxHebb=0.20134, T=1.00, F=1.00, L=1.00, train_i=351800, total_steps=8795000
2025-12-18 12:35:50,013: it=351800, lxP=0.00, lxG=0.06, lxGt=18.14, lp=0.03, lg=1.88, aP=100.00, aGinf=89.50, aGt=65.25
2025-12-18 12:36:17,283: MaxHebb=0.19834, T=1.00, F=1.00, L=1.00, train_i=351900, total_steps=8797500
2025-12-18 12:36:17,284: it=351900, lxP=0.00, lxG=0.00, lxGt=21.32, lp=0.01, lg=1.88, aP=100.00, aGinf=94.75, aGt=68.50
2025-12-18 12:36:44,670: MaxHebb=0.19933, T=1.00, F=1.00, L=1.00, train_i=352000, total_steps=8800000
2025-12-18 12:36:44,670: it=352000, lxP=0.00, lxG=0.00, lxGt=19.13, lp=0.01, lg=1.87, aP=100.00, aGinf=86.25, aGt=60.25
2025-12-18 12:36:46,206: save data time 0.12, train_i=352000.00, total_steps=8800000.00
2025-12-18 12:37:13,422: MaxHebb=0.19636, T=1.00, F=1.00, L=1.00, train_i=352100, total_steps=8802500
2025-12-18 12:37:13,422: it=352100, lxP=0.00, lxG=0.07, lxGt=18.99, lp=0.03, lg=1.87, aP=100.00, aGinf=92.75, aGt=70.00
2025-12-18 12:37:40,769: MaxHebb=0.19178, T=1.00, F=1.00, L=1.00, train_i=352200, total_steps=8805000
2025-12-18 12:37:40,769: it=352200, lxP=0.00, lxG=0.01, lxGt=17.13, lp=0.04, lg=1.86, aP=100.00, aGinf=84.50, aGt=59.00
2025-12-18 12:38:08,009: MaxHebb=0.19509, T=1.00, F=1.00, L=1.00, train_i=352300, total_steps=8807500
2025-12-18 12:38:08,009: it=352300, lxP=0.00, lxG=0.01, lxGt=19.61, lp=0.04, lg=1.89, aP=100.00, aGinf=87.50, aGt=62.50
2025-12-18 12:38:35,159: MaxHebb=0.19527, T=1.00, F=1.00, L=1.00, train_i=352400, total_steps=8810000
2025-12-18 12:38:35,159: it=352400, lxP=0.06, lxG=0.06, lxGt=19.85, lp=0.01, lg=1.84, aP=100.00, aGinf=94.00, aGt=69.25
2025-12-18 12:39:03,845: MaxHebb=0.20346, T=1.00, F=1.00, L=1.00, train_i=352500, total_steps=8812500
2025-12-18 12:39:03,845: it=352500, lxP=0.00, lxG=0.12, lxGt=19.69, lp=0.01, lg=1.88, aP=100.00, aGinf=87.75, aGt=65.00
2025-12-18 12:39:31,152: MaxHebb=0.19551, T=1.00, F=1.00, L=1.00, train_i=352600, total_steps=8815000
2025-12-18 12:39:31,152: it=352600, lxP=0.00, lxG=0.03, lxGt=20.86, lp=0.03, lg=1.90, aP=100.00, aGinf=88.00, aGt=61.75
2025-12-18 12:39:58,518: MaxHebb=0.19271, T=1.00, F=1.00, L=1.00, train_i=352700, total_steps=8817500
2025-12-18 12:39:58,518: it=352700, lxP=0.00, lxG=0.10, lxGt=22.19, lp=0.02, lg=1.88, aP=100.00, aGinf=89.25, aGt=59.50
2025-12-18 12:40:25,810: MaxHebb=0.19546, T=1.00, F=1.00, L=1.00, train_i=352800, total_steps=8820000
2025-12-18 12:40:25,810: it=352800, lxP=0.01, lxG=0.02, lxGt=19.91, lp=0.03, lg=1.88, aP=100.00, aGinf=87.50, aGt=62.25
2025-12-18 12:40:54,479: MaxHebb=0.19856, T=1.00, F=1.00, L=1.00, train_i=352900, total_steps=8822500
2025-12-18 12:40:54,479: it=352900, lxP=0.00, lxG=0.02, lxGt=16.12, lp=0.05, lg=1.91, aP=100.00, aGinf=81.25, aGt=57.00
2025-12-18 12:41:21,783: MaxHebb=0.19640, T=1.00, F=1.00, L=1.00, train_i=353000, total_steps=8825000
2025-12-18 12:41:21,783: it=353000, lxP=0.03, lxG=0.09, lxGt=23.31, lp=0.03, lg=1.89, aP=100.00, aGinf=91.00, aGt=66.75
2025-12-18 12:41:49,055: MaxHebb=0.19645, T=1.00, F=1.00, L=1.00, train_i=353100, total_steps=8827500
2025-12-18 12:41:49,055: it=353100, lxP=0.00, lxG=0.02, lxGt=18.77, lp=0.04, lg=1.87, aP=100.00, aGinf=88.00, aGt=62.50
2025-12-18 12:42:16,322: MaxHebb=0.19687, T=1.00, F=1.00, L=1.00, train_i=353200, total_steps=8830000
2025-12-18 12:42:16,322: it=353200, lxP=0.00, lxG=0.00, lxGt=13.86, lp=0.04, lg=1.91, aP=100.00, aGinf=85.50, aGt=64.25
2025-12-18 12:42:45,002: MaxHebb=0.21132, T=1.00, F=1.00, L=1.00, train_i=353300, total_steps=8832500
2025-12-18 12:42:45,002: it=353300, lxP=0.01, lxG=0.01, lxGt=18.59, lp=0.03, lg=1.87, aP=100.00, aGinf=92.25, aGt=71.50
2025-12-18 12:43:12,323: MaxHebb=0.19813, T=1.00, F=1.00, L=1.00, train_i=353400, total_steps=8835000
2025-12-18 12:43:12,323: it=353400, lxP=0.00, lxG=0.68, lxGt=22.44, lp=0.02, lg=1.87, aP=100.00, aGinf=92.00, aGt=67.00
2025-12-18 12:43:39,666: MaxHebb=0.21383, T=1.00, F=1.00, L=1.00, train_i=353500, total_steps=8837500
2025-12-18 12:43:39,666: it=353500, lxP=0.00, lxG=0.18, lxGt=18.33, lp=0.03, lg=1.88, aP=100.00, aGinf=93.00, aGt=68.25
2025-12-18 12:44:06,992: MaxHebb=0.18689, T=1.00, F=1.00, L=1.00, train_i=353600, total_steps=8840000
2025-12-18 12:44:06,992: it=353600, lxP=0.00, lxG=0.17, lxGt=20.87, lp=0.03, lg=1.89, aP=100.00, aGinf=90.25, aGt=64.25
2025-12-18 12:44:35,756: MaxHebb=0.23158, T=1.00, F=1.00, L=1.00, train_i=353700, total_steps=8842500
2025-12-18 12:44:35,756: it=353700, lxP=0.00, lxG=0.04, lxGt=22.60, lp=0.01, lg=1.84, aP=100.00, aGinf=92.25, aGt=64.50
2025-12-18 12:45:03,163: MaxHebb=0.27026, T=1.00, F=1.00, L=1.00, train_i=353800, total_steps=8845000
2025-12-18 12:45:03,163: it=353800, lxP=0.02, lxG=0.03, lxGt=19.86, lp=0.02, lg=1.88, aP=100.00, aGinf=91.50, aGt=65.75
2025-12-18 12:45:30,547: MaxHebb=0.20629, T=1.00, F=1.00, L=1.00, train_i=353900, total_steps=8847500
2025-12-18 12:45:30,547: it=353900, lxP=0.00, lxG=0.05, lxGt=24.90, lp=0.03, lg=1.88, aP=100.00, aGinf=83.25, aGt=59.75
2025-12-18 12:45:57,884: MaxHebb=0.27778, T=1.00, F=1.00, L=1.00, train_i=354000, total_steps=8850000
2025-12-18 12:45:57,884: it=354000, lxP=0.00, lxG=0.02, lxGt=21.63, lp=0.03, lg=1.89, aP=100.00, aGinf=91.25, aGt=67.00
2025-12-18 12:45:59,445: save data time 0.13, train_i=354000.00, total_steps=8850000.00
2025-12-18 12:46:26,793: MaxHebb=0.21156, T=1.00, F=1.00, L=1.00, train_i=354100, total_steps=8852500
2025-12-18 12:46:26,793: it=354100, lxP=0.00, lxG=0.06, lxGt=21.73, lp=0.01, lg=1.92, aP=100.00, aGinf=91.00, aGt=61.50
2025-12-18 12:46:54,049: MaxHebb=0.19188, T=1.00, F=1.00, L=1.00, train_i=354200, total_steps=8855000
2025-12-18 12:46:54,049: it=354200, lxP=0.00, lxG=0.02, lxGt=24.42, lp=0.01, lg=1.88, aP=100.00, aGinf=95.25, aGt=70.50
2025-12-18 12:47:21,355: MaxHebb=0.19423, T=1.00, F=1.00, L=1.00, train_i=354300, total_steps=8857500
2025-12-18 12:47:21,355: it=354300, lxP=0.02, lxG=0.04, lxGt=19.40, lp=0.02, lg=1.86, aP=100.00, aGinf=89.25, aGt=65.50
2025-12-18 12:47:48,679: MaxHebb=0.19387, T=1.00, F=1.00, L=1.00, train_i=354400, total_steps=8860000
2025-12-18 12:47:48,679: it=354400, lxP=0.01, lxG=0.04, lxGt=14.78, lp=0.02, lg=1.88, aP=100.00, aGinf=90.75, aGt=69.25
2025-12-18 12:48:17,382: MaxHebb=0.19597, T=1.00, F=1.00, L=1.00, train_i=354500, total_steps=8862500
2025-12-18 12:48:17,382: it=354500, lxP=0.00, lxG=0.21, lxGt=20.23, lp=0.04, lg=1.86, aP=100.00, aGinf=88.50, aGt=62.50
2025-12-18 12:48:44,616: MaxHebb=0.19891, T=1.00, F=1.00, L=1.00, train_i=354600, total_steps=8865000
2025-12-18 12:48:44,616: it=354600, lxP=0.00, lxG=0.01, lxGt=24.10, lp=0.02, lg=1.91, aP=100.00, aGinf=90.25, aGt=64.50
2025-12-18 12:49:11,853: MaxHebb=0.20411, T=1.00, F=1.00, L=1.00, train_i=354700, total_steps=8867500
2025-12-18 12:49:11,853: it=354700, lxP=0.00, lxG=0.01, lxGt=20.94, lp=0.01, lg=1.90, aP=100.00, aGinf=87.50, aGt=65.00
2025-12-18 12:49:39,104: MaxHebb=0.21403, T=1.00, F=1.00, L=1.00, train_i=354800, total_steps=8870000
2025-12-18 12:49:39,104: it=354800, lxP=0.00, lxG=0.28, lxGt=18.78, lp=0.03, lg=1.92, aP=100.00, aGinf=89.25, aGt=67.50
2025-12-18 12:50:07,806: MaxHebb=0.21456, T=1.00, F=1.00, L=1.00, train_i=354900, total_steps=8872500
2025-12-18 12:50:07,806: it=354900, lxP=0.00, lxG=0.01, lxGt=20.85, lp=0.03, lg=1.90, aP=100.00, aGinf=90.75, aGt=63.75
2025-12-18 12:50:35,102: MaxHebb=0.25794, T=1.00, F=1.00, L=1.00, train_i=355000, total_steps=8875000
2025-12-18 12:50:35,102: it=355000, lxP=0.00, lxG=0.09, lxGt=22.95, lp=0.03, lg=1.92, aP=100.00, aGinf=84.00, aGt=59.50
2025-12-18 12:51:02,432: MaxHebb=0.21482, T=1.00, F=1.00, L=1.00, train_i=355100, total_steps=8877500
2025-12-18 12:51:02,432: it=355100, lxP=0.00, lxG=0.01, lxGt=20.46, lp=0.01, lg=1.91, aP=100.00, aGinf=85.50, aGt=63.00
2025-12-18 12:51:29,642: MaxHebb=0.23694, T=1.00, F=1.00, L=1.00, train_i=355200, total_steps=8880000
2025-12-18 12:51:29,642: it=355200, lxP=0.01, lxG=0.02, lxGt=20.91, lp=0.01, lg=1.90, aP=100.00, aGinf=89.00, aGt=61.00
2025-12-18 12:51:58,320: MaxHebb=0.22937, T=1.00, F=1.00, L=1.00, train_i=355300, total_steps=8882500
2025-12-18 12:51:58,320: it=355300, lxP=0.00, lxG=0.01, lxGt=18.95, lp=0.04, lg=1.88, aP=100.00, aGinf=88.25, aGt=67.25
2025-12-18 12:52:25,540: MaxHebb=0.20746, T=1.00, F=1.00, L=1.00, train_i=355400, total_steps=8885000
2025-12-18 12:52:25,540: it=355400, lxP=0.00, lxG=0.50, lxGt=22.57, lp=0.01, lg=1.91, aP=100.00, aGinf=95.00, aGt=68.00
2025-12-18 12:52:52,801: MaxHebb=0.19550, T=1.00, F=1.00, L=1.00, train_i=355500, total_steps=8887500
2025-12-18 12:52:52,801: it=355500, lxP=0.04, lxG=0.25, lxGt=20.08, lp=0.03, lg=1.90, aP=100.00, aGinf=90.00, aGt=68.00
2025-12-18 12:53:20,060: MaxHebb=0.22308, T=1.00, F=1.00, L=1.00, train_i=355600, total_steps=8890000
2025-12-18 12:53:20,060: it=355600, lxP=0.00, lxG=0.09, lxGt=20.07, lp=0.04, lg=1.92, aP=100.00, aGinf=86.00, aGt=61.25
2025-12-18 12:53:48,773: MaxHebb=0.19222, T=1.00, F=1.00, L=1.00, train_i=355700, total_steps=8892500
2025-12-18 12:53:48,773: it=355700, lxP=0.00, lxG=0.03, lxGt=22.40, lp=0.02, lg=1.92, aP=100.00, aGinf=92.00, aGt=68.25
2025-12-18 12:54:16,024: MaxHebb=0.23418, T=1.00, F=1.00, L=1.00, train_i=355800, total_steps=8895000
2025-12-18 12:54:16,024: it=355800, lxP=0.00, lxG=0.10, lxGt=22.42, lp=0.01, lg=1.87, aP=100.00, aGinf=91.50, aGt=68.50
2025-12-18 12:54:43,214: MaxHebb=0.24295, T=1.00, F=1.00, L=1.00, train_i=355900, total_steps=8897500
2025-12-18 12:54:43,214: it=355900, lxP=0.00, lxG=0.00, lxGt=22.64, lp=0.02, lg=1.91, aP=100.00, aGinf=96.25, aGt=69.00
2025-12-18 12:55:10,531: MaxHebb=0.27048, T=1.00, F=1.00, L=1.00, train_i=356000, total_steps=8900000
2025-12-18 12:55:10,531: it=356000, lxP=0.01, lxG=0.02, lxGt=18.86, lp=0.02, lg=1.88, aP=100.00, aGinf=91.00, aGt=68.50
2025-12-18 12:55:12,053: save data time 0.11, train_i=356000.00, total_steps=8900000.00
2025-12-18 12:55:39,372: MaxHebb=0.23164, T=1.00, F=1.00, L=1.00, train_i=356100, total_steps=8902500
2025-12-18 12:55:39,372: it=356100, lxP=0.00, lxG=0.09, lxGt=20.37, lp=0.01, lg=1.91, aP=100.00, aGinf=90.50, aGt=66.00
2025-12-18 12:56:06,691: MaxHebb=0.19362, T=1.00, F=1.00, L=1.00, train_i=356200, total_steps=8905000
2025-12-18 12:56:06,691: it=356200, lxP=0.00, lxG=0.01, lxGt=18.83, lp=0.02, lg=1.92, aP=100.00, aGinf=95.50, aGt=72.25
2025-12-18 12:56:33,911: MaxHebb=0.19481, T=1.00, F=1.00, L=1.00, train_i=356300, total_steps=8907500
2025-12-18 12:56:33,911: it=356300, lxP=0.01, lxG=0.02, lxGt=21.41, lp=0.02, lg=1.91, aP=100.00, aGinf=94.50, aGt=68.75
2025-12-18 12:57:01,294: MaxHebb=0.18908, T=1.00, F=1.00, L=1.00, train_i=356400, total_steps=8910000
2025-12-18 12:57:01,294: it=356400, lxP=0.00, lxG=0.01, lxGt=21.60, lp=0.02, lg=1.90, aP=100.00, aGinf=90.50, aGt=64.25
2025-12-18 12:57:30,064: MaxHebb=0.19144, T=1.00, F=1.00, L=1.00, train_i=356500, total_steps=8912500
2025-12-18 12:57:30,064: it=356500, lxP=0.00, lxG=0.20, lxGt=21.67, lp=0.02, lg=1.92, aP=100.00, aGinf=93.25, aGt=66.25
2025-12-18 12:57:57,416: MaxHebb=0.24324, T=1.00, F=1.00, L=1.00, train_i=356600, total_steps=8915000
2025-12-18 12:57:57,416: it=356600, lxP=0.00, lxG=0.00, lxGt=22.79, lp=0.01, lg=1.90, aP=100.00, aGinf=92.00, aGt=68.50
2025-12-18 12:58:24,733: MaxHebb=0.19516, T=1.00, F=1.00, L=1.00, train_i=356700, total_steps=8917500
2025-12-18 12:58:24,733: it=356700, lxP=0.10, lxG=0.02, lxGt=19.60, lp=0.02, lg=1.89, aP=100.00, aGinf=90.75, aGt=66.75
2025-12-18 12:58:52,034: MaxHebb=0.20668, T=1.00, F=1.00, L=1.00, train_i=356800, total_steps=8920000
2025-12-18 12:58:52,034: it=356800, lxP=0.01, lxG=0.01, lxGt=21.56, lp=0.02, lg=1.88, aP=100.00, aGinf=91.00, aGt=64.50
2025-12-18 12:59:20,867: MaxHebb=0.19286, T=1.00, F=1.00, L=1.00, train_i=356900, total_steps=8922500
2025-12-18 12:59:20,867: it=356900, lxP=0.00, lxG=0.01, lxGt=23.33, lp=0.02, lg=1.89, aP=100.00, aGinf=90.00, aGt=66.50
2025-12-18 12:59:48,187: MaxHebb=0.19119, T=1.00, F=1.00, L=1.00, train_i=357000, total_steps=8925000
2025-12-18 12:59:48,187: it=357000, lxP=0.00, lxG=0.02, lxGt=22.34, lp=0.02, lg=1.90, aP=100.00, aGinf=91.25, aGt=65.00
2025-12-18 13:00:15,474: MaxHebb=0.19238, T=1.00, F=1.00, L=1.00, train_i=357100, total_steps=8927500
2025-12-18 13:00:15,474: it=357100, lxP=0.00, lxG=0.01, lxGt=20.20, lp=0.03, lg=1.90, aP=100.00, aGinf=89.00, aGt=63.75
2025-12-18 13:00:42,737: MaxHebb=0.21212, T=1.00, F=1.00, L=1.00, train_i=357200, total_steps=8930000
2025-12-18 13:00:42,737: it=357200, lxP=0.03, lxG=0.21, lxGt=23.52, lp=0.01, lg=1.88, aP=100.00, aGinf=91.50, aGt=66.00
2025-12-18 13:01:11,461: MaxHebb=0.24528, T=1.00, F=1.00, L=1.00, train_i=357300, total_steps=8932500
2025-12-18 13:01:11,461: it=357300, lxP=0.02, lxG=0.02, lxGt=19.42, lp=0.03, lg=1.88, aP=100.00, aGinf=90.75, aGt=65.50
2025-12-18 13:01:38,687: MaxHebb=0.18341, T=1.00, F=1.00, L=1.00, train_i=357400, total_steps=8935000
2025-12-18 13:01:38,687: it=357400, lxP=0.00, lxG=0.02, lxGt=20.66, lp=0.01, lg=1.92, aP=100.00, aGinf=90.50, aGt=68.50
2025-12-18 13:02:05,991: MaxHebb=0.21713, T=1.00, F=1.00, L=1.00, train_i=357500, total_steps=8937500
2025-12-18 13:02:05,991: it=357500, lxP=0.00, lxG=0.03, lxGt=18.59, lp=0.04, lg=1.92, aP=100.00, aGinf=87.75, aGt=66.25
2025-12-18 13:02:33,217: MaxHebb=0.19272, T=1.00, F=1.00, L=1.00, train_i=357600, total_steps=8940000
2025-12-18 13:02:33,218: it=357600, lxP=0.00, lxG=0.04, lxGt=19.93, lp=0.02, lg=1.89, aP=100.00, aGinf=94.75, aGt=72.00
2025-12-18 13:03:01,945: MaxHebb=0.19946, T=1.00, F=1.00, L=1.00, train_i=357700, total_steps=8942500
2025-12-18 13:03:01,945: it=357700, lxP=0.00, lxG=0.16, lxGt=20.58, lp=0.03, lg=1.90, aP=100.00, aGinf=93.25, aGt=70.25
2025-12-18 13:03:29,288: MaxHebb=0.17822, T=1.00, F=1.00, L=1.00, train_i=357800, total_steps=8945000
2025-12-18 13:03:29,288: it=357800, lxP=0.00, lxG=0.65, lxGt=20.43, lp=0.03, lg=1.91, aP=100.00, aGinf=87.50, aGt=63.75
2025-12-18 13:03:56,690: MaxHebb=0.19222, T=1.00, F=1.00, L=1.00, train_i=357900, total_steps=8947500
2025-12-18 13:03:56,690: it=357900, lxP=0.00, lxG=0.04, lxGt=20.46, lp=0.02, lg=1.89, aP=100.00, aGinf=88.75, aGt=62.50
2025-12-18 13:04:23,960: MaxHebb=0.18272, T=1.00, F=1.00, L=1.00, train_i=358000, total_steps=8950000
2025-12-18 13:04:23,960: it=358000, lxP=0.00, lxG=0.04, lxGt=18.10, lp=0.01, lg=1.90, aP=100.00, aGinf=93.50, aGt=72.00
2025-12-18 13:04:25,522: save data time 0.11, train_i=358000.00, total_steps=8950000.00
2025-12-18 13:04:52,783: MaxHebb=0.18246, T=1.00, F=1.00, L=1.00, train_i=358100, total_steps=8952500
2025-12-18 13:04:52,783: it=358100, lxP=0.02, lxG=0.11, lxGt=21.08, lp=0.01, lg=1.86, aP=100.00, aGinf=90.75, aGt=68.50
2025-12-18 13:05:19,986: MaxHebb=0.18568, T=1.00, F=1.00, L=1.00, train_i=358200, total_steps=8955000
2025-12-18 13:05:19,986: it=358200, lxP=0.00, lxG=0.01, lxGt=19.76, lp=0.04, lg=1.89, aP=100.00, aGinf=87.75, aGt=65.25
2025-12-18 13:05:47,258: MaxHebb=0.18615, T=1.00, F=1.00, L=1.00, train_i=358300, total_steps=8957500
2025-12-18 13:05:47,258: it=358300, lxP=0.00, lxG=0.09, lxGt=18.92, lp=0.03, lg=1.86, aP=100.00, aGinf=91.00, aGt=68.00
2025-12-18 13:06:14,572: MaxHebb=0.21899, T=1.00, F=1.00, L=1.00, train_i=358400, total_steps=8960000
2025-12-18 13:06:14,572: it=358400, lxP=0.00, lxG=0.01, lxGt=23.51, lp=0.01, lg=1.92, aP=100.00, aGinf=89.75, aGt=65.00
2025-12-18 13:06:43,281: MaxHebb=0.19494, T=1.00, F=1.00, L=1.00, train_i=358500, total_steps=8962500
2025-12-18 13:06:43,281: it=358500, lxP=0.00, lxG=0.07, lxGt=20.49, lp=0.01, lg=1.86, aP=100.00, aGinf=90.25, aGt=68.75
2025-12-18 13:07:10,518: MaxHebb=0.19178, T=1.00, F=1.00, L=1.00, train_i=358600, total_steps=8965000
2025-12-18 13:07:10,518: it=358600, lxP=0.00, lxG=0.35, lxGt=24.59, lp=0.01, lg=1.88, aP=100.00, aGinf=90.75, aGt=62.00
2025-12-18 13:07:37,836: MaxHebb=0.17938, T=1.00, F=1.00, L=1.00, train_i=358700, total_steps=8967500
2025-12-18 13:07:37,836: it=358700, lxP=0.00, lxG=0.02, lxGt=19.92, lp=0.03, lg=1.90, aP=100.00, aGinf=90.00, aGt=68.00
2025-12-18 13:08:05,163: MaxHebb=0.18631, T=1.00, F=1.00, L=1.00, train_i=358800, total_steps=8970000
2025-12-18 13:08:05,163: it=358800, lxP=0.00, lxG=0.05, lxGt=21.13, lp=0.02, lg=1.89, aP=100.00, aGinf=90.25, aGt=67.25
2025-12-18 13:08:33,844: MaxHebb=0.18851, T=1.00, F=1.00, L=1.00, train_i=358900, total_steps=8972500
2025-12-18 13:08:33,844: it=358900, lxP=0.00, lxG=0.02, lxGt=15.82, lp=0.02, lg=1.90, aP=100.00, aGinf=91.00, aGt=69.50
2025-12-18 13:09:01,149: MaxHebb=0.19383, T=1.00, F=1.00, L=1.00, train_i=359000, total_steps=8975000
2025-12-18 13:09:01,149: it=359000, lxP=0.00, lxG=0.04, lxGt=19.94, lp=0.01, lg=1.91, aP=100.00, aGinf=93.75, aGt=68.50
2025-12-18 13:09:28,382: MaxHebb=0.21873, T=1.00, F=1.00, L=1.00, train_i=359100, total_steps=8977500
2025-12-18 13:09:28,382: it=359100, lxP=0.00, lxG=0.01, lxGt=21.08, lp=0.01, lg=1.88, aP=100.00, aGinf=87.25, aGt=64.00
2025-12-18 13:09:55,682: MaxHebb=0.18618, T=1.00, F=1.00, L=1.00, train_i=359200, total_steps=8980000
2025-12-18 13:09:55,682: it=359200, lxP=0.00, lxG=0.02, lxGt=17.92, lp=0.04, lg=1.89, aP=100.00, aGinf=85.50, aGt=64.25
2025-12-18 13:10:24,450: MaxHebb=0.19553, T=1.00, F=1.00, L=1.00, train_i=359300, total_steps=8982500
2025-12-18 13:10:24,450: it=359300, lxP=0.02, lxG=0.04, lxGt=20.81, lp=0.02, lg=1.85, aP=100.00, aGinf=95.25, aGt=68.50
2025-12-18 13:10:51,730: MaxHebb=0.19498, T=1.00, F=1.00, L=1.00, train_i=359400, total_steps=8985000
2025-12-18 13:10:51,730: it=359400, lxP=0.00, lxG=0.09, lxGt=20.51, lp=0.02, lg=1.90, aP=100.00, aGinf=94.75, aGt=71.25
2025-12-18 13:11:19,013: MaxHebb=0.19250, T=1.00, F=1.00, L=1.00, train_i=359500, total_steps=8987500
2025-12-18 13:11:19,014: it=359500, lxP=0.02, lxG=0.01, lxGt=18.52, lp=0.03, lg=1.87, aP=100.00, aGinf=89.50, aGt=64.50
2025-12-18 13:11:46,251: MaxHebb=0.19723, T=1.00, F=1.00, L=1.00, train_i=359600, total_steps=8990000
2025-12-18 13:11:46,251: it=359600, lxP=0.00, lxG=0.00, lxGt=16.29, lp=0.03, lg=1.94, aP=100.00, aGinf=86.75, aGt=62.25
2025-12-18 13:12:14,910: MaxHebb=0.18853, T=1.00, F=1.00, L=1.00, train_i=359700, total_steps=8992500
2025-12-18 13:12:14,910: it=359700, lxP=0.02, lxG=0.04, lxGt=20.22, lp=0.01, lg=1.86, aP=100.00, aGinf=93.50, aGt=66.75
2025-12-18 13:12:42,228: MaxHebb=0.19251, T=1.00, F=1.00, L=1.00, train_i=359800, total_steps=8995000
2025-12-18 13:12:42,228: it=359800, lxP=0.01, lxG=0.02, lxGt=21.22, lp=0.03, lg=1.88, aP=100.00, aGinf=91.75, aGt=66.00
2025-12-18 13:13:09,404: MaxHebb=0.19034, T=1.00, F=1.00, L=1.00, train_i=359900, total_steps=8997500
2025-12-18 13:13:09,404: it=359900, lxP=0.00, lxG=0.01, lxGt=24.89, lp=0.01, lg=1.92, aP=100.00, aGinf=94.50, aGt=65.50
2025-12-18 13:13:36,582: MaxHebb=0.22190, T=1.00, F=1.00, L=1.00, train_i=360000, total_steps=9000000
2025-12-18 13:13:36,582: it=360000, lxP=0.00, lxG=0.03, lxGt=21.48, lp=0.01, lg=1.89, aP=100.00, aGinf=90.25, aGt=64.75
2025-12-18 13:13:38,103: save data time 0.10, train_i=360000.00, total_steps=9000000.00
2025-12-18 13:14:05,337: MaxHebb=0.22982, T=1.00, F=1.00, L=1.00, train_i=360100, total_steps=9002500
2025-12-18 13:14:05,338: it=360100, lxP=0.00, lxG=0.10, lxGt=17.63, lp=0.02, lg=1.86, aP=100.00, aGinf=89.75, aGt=68.25
2025-12-18 13:14:32,691: MaxHebb=0.21104, T=1.00, F=1.00, L=1.00, train_i=360200, total_steps=9005000
2025-12-18 13:14:32,691: it=360200, lxP=0.00, lxG=0.63, lxGt=22.65, lp=0.02, lg=1.88, aP=100.00, aGinf=92.75, aGt=66.25
2025-12-18 13:15:00,010: MaxHebb=0.22443, T=1.00, F=1.00, L=1.00, train_i=360300, total_steps=9007500
2025-12-18 13:15:00,011: it=360300, lxP=0.00, lxG=0.13, lxGt=20.47, lp=0.03, lg=1.87, aP=100.00, aGinf=88.75, aGt=67.50
2025-12-18 13:15:27,296: MaxHebb=0.19950, T=1.00, F=1.00, L=1.00, train_i=360400, total_steps=9010000
2025-12-18 13:15:27,296: it=360400, lxP=0.00, lxG=0.01, lxGt=18.33, lp=0.03, lg=1.90, aP=100.00, aGinf=90.25, aGt=65.00
2025-12-18 13:15:56,094: MaxHebb=0.19066, T=1.00, F=1.00, L=1.00, train_i=360500, total_steps=9012500
2025-12-18 13:15:56,094: it=360500, lxP=0.00, lxG=0.00, lxGt=23.87, lp=0.01, lg=1.92, aP=100.00, aGinf=94.00, aGt=64.75
2025-12-18 13:16:23,394: MaxHebb=0.19633, T=1.00, F=1.00, L=1.00, train_i=360600, total_steps=9015000
2025-12-18 13:16:23,394: it=360600, lxP=0.00, lxG=0.44, lxGt=23.68, lp=0.01, lg=1.87, aP=100.00, aGinf=90.50, aGt=64.00
2025-12-18 13:16:50,637: MaxHebb=0.19307, T=1.00, F=1.00, L=1.00, train_i=360700, total_steps=9017500
2025-12-18 13:16:50,637: it=360700, lxP=0.00, lxG=0.15, lxGt=20.75, lp=0.01, lg=1.87, aP=100.00, aGinf=87.25, aGt=62.00
2025-12-18 13:17:17,980: MaxHebb=0.19248, T=1.00, F=1.00, L=1.00, train_i=360800, total_steps=9020000
2025-12-18 13:17:17,981: it=360800, lxP=0.00, lxG=0.00, lxGt=21.04, lp=0.02, lg=1.90, aP=100.00, aGinf=93.50, aGt=68.50
2025-12-18 13:17:46,720: MaxHebb=0.19222, T=1.00, F=1.00, L=1.00, train_i=360900, total_steps=9022500
2025-12-18 13:17:46,720: it=360900, lxP=0.01, lxG=0.02, lxGt=17.20, lp=0.02, lg=1.84, aP=100.00, aGinf=94.25, aGt=71.25
2025-12-18 13:18:13,957: MaxHebb=0.20128, T=1.00, F=1.00, L=1.00, train_i=361000, total_steps=9025000
2025-12-18 13:18:13,958: it=361000, lxP=0.00, lxG=0.02, lxGt=22.24, lp=0.01, lg=1.87, aP=100.00, aGinf=91.25, aGt=64.75
2025-12-18 13:18:41,209: MaxHebb=0.19750, T=1.00, F=1.00, L=1.00, train_i=361100, total_steps=9027500
2025-12-18 13:18:41,209: it=361100, lxP=0.00, lxG=0.18, lxGt=22.43, lp=0.01, lg=1.86, aP=100.00, aGinf=92.50, aGt=68.00
2025-12-18 13:19:08,445: MaxHebb=0.19224, T=1.00, F=1.00, L=1.00, train_i=361200, total_steps=9030000
2025-12-18 13:19:08,445: it=361200, lxP=0.00, lxG=0.00, lxGt=19.89, lp=0.03, lg=1.87, aP=100.00, aGinf=91.00, aGt=65.75
2025-12-18 13:19:37,151: MaxHebb=0.19221, T=1.00, F=1.00, L=1.00, train_i=361300, total_steps=9032500
2025-12-18 13:19:37,151: it=361300, lxP=0.00, lxG=0.26, lxGt=21.40, lp=0.02, lg=1.86, aP=100.00, aGinf=94.50, aGt=68.00
2025-12-18 13:20:04,425: MaxHebb=0.19278, T=1.00, F=1.00, L=1.00, train_i=361400, total_steps=9035000
2025-12-18 13:20:04,425: it=361400, lxP=0.00, lxG=0.00, lxGt=20.95, lp=0.02, lg=1.90, aP=100.00, aGinf=89.00, aGt=66.75
2025-12-18 13:20:31,751: MaxHebb=0.19716, T=1.00, F=1.00, L=1.00, train_i=361500, total_steps=9037500
2025-12-18 13:20:31,751: it=361500, lxP=0.00, lxG=0.02, lxGt=19.36, lp=0.02, lg=1.85, aP=100.00, aGinf=90.25, aGt=66.00
2025-12-18 13:20:58,968: MaxHebb=0.20007, T=1.00, F=1.00, L=1.00, train_i=361600, total_steps=9040000
2025-12-18 13:20:58,968: it=361600, lxP=0.01, lxG=0.02, lxGt=19.15, lp=0.01, lg=1.87, aP=100.00, aGinf=90.00, aGt=66.50
2025-12-18 13:21:27,697: MaxHebb=0.19358, T=1.00, F=1.00, L=1.00, train_i=361700, total_steps=9042500
2025-12-18 13:21:27,697: it=361700, lxP=0.00, lxG=0.02, lxGt=21.95, lp=0.03, lg=1.85, aP=100.00, aGinf=89.50, aGt=62.00
2025-12-18 13:21:54,951: MaxHebb=0.19166, T=1.00, F=1.00, L=1.00, train_i=361800, total_steps=9045000
2025-12-18 13:21:54,951: it=361800, lxP=0.00, lxG=0.15, lxGt=22.60, lp=0.03, lg=1.90, aP=100.00, aGinf=91.25, aGt=64.25
2025-12-18 13:22:22,171: MaxHebb=0.19586, T=1.00, F=1.00, L=1.00, train_i=361900, total_steps=9047500
2025-12-18 13:22:22,171: it=361900, lxP=0.00, lxG=0.02, lxGt=17.44, lp=0.04, lg=1.90, aP=100.00, aGinf=87.50, aGt=63.50
2025-12-18 13:22:49,422: MaxHebb=0.18976, T=1.00, F=1.00, L=1.00, train_i=362000, total_steps=9050000
2025-12-18 13:22:49,422: it=362000, lxP=0.00, lxG=0.04, lxGt=18.49, lp=0.02, lg=1.89, aP=100.00, aGinf=91.75, aGt=69.75
2025-12-18 13:22:50,997: save data time 0.13, train_i=362000.00, total_steps=9050000.00
2025-12-18 13:23:18,288: MaxHebb=0.21550, T=1.00, F=1.00, L=1.00, train_i=362100, total_steps=9052500
2025-12-18 13:23:18,288: it=362100, lxP=0.00, lxG=0.03, lxGt=20.72, lp=0.01, lg=1.90, aP=100.00, aGinf=93.25, aGt=66.50
2025-12-18 13:23:45,553: MaxHebb=0.20052, T=1.00, F=1.00, L=1.00, train_i=362200, total_steps=9055000
2025-12-18 13:23:45,553: it=362200, lxP=0.00, lxG=0.01, lxGt=22.86, lp=0.02, lg=1.87, aP=100.00, aGinf=90.75, aGt=65.50
2025-12-18 13:24:12,831: MaxHebb=0.19557, T=1.00, F=1.00, L=1.00, train_i=362300, total_steps=9057500
2025-12-18 13:24:12,831: it=362300, lxP=0.00, lxG=0.00, lxGt=20.03, lp=0.02, lg=1.91, aP=100.00, aGinf=92.50, aGt=68.25
2025-12-18 13:24:40,030: MaxHebb=0.19219, T=1.00, F=1.00, L=1.00, train_i=362400, total_steps=9060000
2025-12-18 13:24:40,030: it=362400, lxP=0.00, lxG=0.02, lxGt=21.21, lp=0.01, lg=1.86, aP=100.00, aGinf=92.00, aGt=66.75
2025-12-18 13:25:08,730: MaxHebb=0.19608, T=1.00, F=1.00, L=1.00, train_i=362500, total_steps=9062500
2025-12-18 13:25:08,730: it=362500, lxP=0.00, lxG=0.13, lxGt=24.42, lp=0.02, lg=1.86, aP=100.00, aGinf=95.75, aGt=70.75
2025-12-18 13:25:36,084: MaxHebb=0.19393, T=1.00, F=1.00, L=1.00, train_i=362600, total_steps=9065000
2025-12-18 13:25:36,084: it=362600, lxP=0.04, lxG=0.01, lxGt=22.73, lp=0.03, lg=1.86, aP=100.00, aGinf=94.25, aGt=69.75
2025-12-18 13:26:03,359: MaxHebb=0.20150, T=1.00, F=1.00, L=1.00, train_i=362700, total_steps=9067500
2025-12-18 13:26:03,359: it=362700, lxP=0.00, lxG=0.01, lxGt=20.98, lp=0.01, lg=1.86, aP=100.00, aGinf=95.00, aGt=72.00
2025-12-18 13:26:30,598: MaxHebb=0.19859, T=1.00, F=1.00, L=1.00, train_i=362800, total_steps=9070000
2025-12-18 13:26:30,598: it=362800, lxP=0.00, lxG=0.04, lxGt=21.94, lp=0.01, lg=1.88, aP=100.00, aGinf=90.00, aGt=63.75
2025-12-18 13:26:59,194: MaxHebb=0.19660, T=1.00, F=1.00, L=1.00, train_i=362900, total_steps=9072500
2025-12-18 13:26:59,194: it=362900, lxP=0.00, lxG=0.18, lxGt=22.10, lp=0.02, lg=1.89, aP=100.00, aGinf=93.50, aGt=68.00
2025-12-18 13:27:26,352: MaxHebb=0.19607, T=1.00, F=1.00, L=1.00, train_i=363000, total_steps=9075000
2025-12-18 13:27:26,353: it=363000, lxP=0.00, lxG=0.00, lxGt=19.93, lp=0.01, lg=1.89, aP=100.00, aGinf=94.25, aGt=68.50
2025-12-18 13:27:53,575: MaxHebb=0.19499, T=1.00, F=1.00, L=1.00, train_i=363100, total_steps=9077500
2025-12-18 13:27:53,575: it=363100, lxP=0.00, lxG=0.33, lxGt=19.27, lp=0.01, lg=1.88, aP=100.00, aGinf=92.25, aGt=67.25
2025-12-18 13:28:20,680: MaxHebb=0.20203, T=1.00, F=1.00, L=1.00, train_i=363200, total_steps=9080000
2025-12-18 13:28:20,680: it=363200, lxP=0.04, lxG=0.13, lxGt=19.57, lp=0.02, lg=1.85, aP=100.00, aGinf=92.75, aGt=67.75
2025-12-18 13:28:49,341: MaxHebb=0.21781, T=1.00, F=1.00, L=1.00, train_i=363300, total_steps=9082500
2025-12-18 13:28:49,341: it=363300, lxP=0.10, lxG=0.12, lxGt=20.20, lp=0.02, lg=1.87, aP=100.00, aGinf=94.00, aGt=70.00
2025-12-18 13:29:16,617: MaxHebb=0.21497, T=1.00, F=1.00, L=1.00, train_i=363400, total_steps=9085000
2025-12-18 13:29:16,617: it=363400, lxP=0.00, lxG=0.01, lxGt=16.06, lp=0.02, lg=1.86, aP=100.00, aGinf=92.50, aGt=69.75
2025-12-18 13:29:43,902: MaxHebb=0.24760, T=1.00, F=1.00, L=1.00, train_i=363500, total_steps=9087500
2025-12-18 13:29:43,902: it=363500, lxP=0.00, lxG=0.01, lxGt=21.16, lp=0.01, lg=1.86, aP=100.00, aGinf=88.00, aGt=64.25
2025-12-18 13:30:11,092: MaxHebb=0.19170, T=1.00, F=1.00, L=1.00, train_i=363600, total_steps=9090000
2025-12-18 13:30:11,092: it=363600, lxP=0.00, lxG=0.03, lxGt=21.61, lp=0.01, lg=1.89, aP=100.00, aGinf=89.00, aGt=61.50
2025-12-18 13:30:39,741: MaxHebb=0.21909, T=1.00, F=1.00, L=1.00, train_i=363700, total_steps=9092500
2025-12-18 13:30:39,741: it=363700, lxP=0.00, lxG=0.20, lxGt=21.45, lp=0.03, lg=1.89, aP=100.00, aGinf=86.75, aGt=64.00
2025-12-18 13:31:07,046: MaxHebb=0.20064, T=1.00, F=1.00, L=1.00, train_i=363800, total_steps=9095000
2025-12-18 13:31:07,046: it=363800, lxP=0.00, lxG=0.04, lxGt=21.46, lp=0.03, lg=1.89, aP=100.00, aGinf=89.50, aGt=63.25
2025-12-18 13:31:34,337: MaxHebb=0.21834, T=1.00, F=1.00, L=1.00, train_i=363900, total_steps=9097500
2025-12-18 13:31:34,337: it=363900, lxP=0.00, lxG=0.31, lxGt=21.23, lp=0.02, lg=1.89, aP=100.00, aGinf=90.25, aGt=67.25
2025-12-18 13:32:01,533: MaxHebb=0.20458, T=1.00, F=1.00, L=1.00, train_i=364000, total_steps=9100000
2025-12-18 13:32:01,533: it=364000, lxP=0.02, lxG=0.31, lxGt=23.05, lp=0.02, lg=1.91, aP=100.00, aGinf=90.75, aGt=65.25
2025-12-18 13:32:03,087: save data time 0.12, train_i=364000.00, total_steps=9100000.00
2025-12-18 13:32:30,369: MaxHebb=0.20550, T=1.00, F=1.00, L=1.00, train_i=364100, total_steps=9102500
2025-12-18 13:32:30,369: it=364100, lxP=0.00, lxG=0.01, lxGt=20.22, lp=0.03, lg=1.90, aP=100.00, aGinf=86.75, aGt=62.75
2025-12-18 13:32:57,628: MaxHebb=0.19351, T=1.00, F=1.00, L=1.00, train_i=364200, total_steps=9105000
2025-12-18 13:32:57,628: it=364200, lxP=0.00, lxG=0.38, lxGt=20.67, lp=0.01, lg=1.87, aP=100.00, aGinf=87.50, aGt=64.00
2025-12-18 13:33:24,875: MaxHebb=0.19409, T=1.00, F=1.00, L=1.00, train_i=364300, total_steps=9107500
2025-12-18 13:33:24,875: it=364300, lxP=0.00, lxG=0.03, lxGt=19.92, lp=0.01, lg=1.89, aP=100.00, aGinf=93.00, aGt=66.50
2025-12-18 13:33:52,101: MaxHebb=0.21509, T=1.00, F=1.00, L=1.00, train_i=364400, total_steps=9110000
2025-12-18 13:33:52,101: it=364400, lxP=0.00, lxG=0.03, lxGt=19.76, lp=0.03, lg=1.88, aP=100.00, aGinf=95.00, aGt=69.50
2025-12-18 13:34:20,801: MaxHebb=0.19670, T=1.00, F=1.00, L=1.00, train_i=364500, total_steps=9112500
2025-12-18 13:34:20,801: it=364500, lxP=0.00, lxG=0.01, lxGt=18.77, lp=0.03, lg=1.90, aP=100.00, aGinf=93.75, aGt=70.75
2025-12-18 13:34:48,009: MaxHebb=0.20688, T=1.00, F=1.00, L=1.00, train_i=364600, total_steps=9115000
2025-12-18 13:34:48,010: it=364600, lxP=0.01, lxG=0.08, lxGt=19.50, lp=0.02, lg=1.87, aP=100.00, aGinf=92.00, aGt=68.00
2025-12-18 13:35:15,229: MaxHebb=0.19335, T=1.00, F=1.00, L=1.00, train_i=364700, total_steps=9117500
2025-12-18 13:35:15,229: it=364700, lxP=0.00, lxG=0.02, lxGt=20.44, lp=0.03, lg=1.88, aP=100.00, aGinf=88.75, aGt=63.75
2025-12-18 13:35:42,419: MaxHebb=0.19484, T=1.00, F=1.00, L=1.00, train_i=364800, total_steps=9120000
2025-12-18 13:35:42,419: it=364800, lxP=0.00, lxG=0.02, lxGt=23.42, lp=0.02, lg=1.92, aP=100.00, aGinf=91.50, aGt=65.75
2025-12-18 13:36:11,100: MaxHebb=0.20736, T=1.00, F=1.00, L=1.00, train_i=364900, total_steps=9122500
2025-12-18 13:36:11,100: it=364900, lxP=0.00, lxG=0.01, lxGt=18.59, lp=0.02, lg=1.90, aP=100.00, aGinf=91.00, aGt=65.25
2025-12-18 13:36:38,344: MaxHebb=0.18051, T=1.00, F=1.00, L=1.00, train_i=365000, total_steps=9125000
2025-12-18 13:36:38,344: it=365000, lxP=0.00, lxG=0.03, lxGt=23.05, lp=0.01, lg=1.87, aP=100.00, aGinf=95.00, aGt=69.25
2025-12-18 13:37:05,610: MaxHebb=0.19308, T=1.00, F=1.00, L=1.00, train_i=365100, total_steps=9127500
2025-12-18 13:37:05,610: it=365100, lxP=0.00, lxG=0.06, lxGt=20.81, lp=0.02, lg=1.87, aP=100.00, aGinf=89.25, aGt=66.75
2025-12-18 13:37:32,945: MaxHebb=0.19152, T=1.00, F=1.00, L=1.00, train_i=365200, total_steps=9130000
2025-12-18 13:37:32,945: it=365200, lxP=0.00, lxG=0.04, lxGt=21.02, lp=0.02, lg=1.86, aP=100.00, aGinf=94.25, aGt=68.75
2025-12-18 13:38:01,679: MaxHebb=0.19011, T=1.00, F=1.00, L=1.00, train_i=365300, total_steps=9132500
2025-12-18 13:38:01,679: it=365300, lxP=0.00, lxG=0.01, lxGt=23.47, lp=0.02, lg=1.88, aP=100.00, aGinf=94.50, aGt=73.25
2025-12-18 13:38:28,877: MaxHebb=0.18516, T=1.00, F=1.00, L=1.00, train_i=365400, total_steps=9135000
2025-12-18 13:38:28,877: it=365400, lxP=0.00, lxG=0.09, lxGt=16.85, lp=0.02, lg=1.88, aP=100.00, aGinf=85.25, aGt=62.00
2025-12-18 13:38:56,093: MaxHebb=0.19094, T=1.00, F=1.00, L=1.00, train_i=365500, total_steps=9137500
2025-12-18 13:38:56,093: it=365500, lxP=0.00, lxG=0.01, lxGt=21.29, lp=0.01, lg=1.87, aP=100.00, aGinf=91.75, aGt=64.75
2025-12-18 13:39:23,379: MaxHebb=0.18138, T=1.00, F=1.00, L=1.00, train_i=365600, total_steps=9140000
2025-12-18 13:39:23,379: it=365600, lxP=0.00, lxG=0.01, lxGt=19.31, lp=0.02, lg=1.91, aP=100.00, aGinf=92.25, aGt=69.00
2025-12-18 13:39:51,971: MaxHebb=0.18965, T=1.00, F=1.00, L=1.00, train_i=365700, total_steps=9142500
2025-12-18 13:39:51,971: it=365700, lxP=0.00, lxG=0.14, lxGt=21.62, lp=0.02, lg=1.87, aP=100.00, aGinf=90.00, aGt=65.00
2025-12-18 13:40:19,165: MaxHebb=0.18473, T=1.00, F=1.00, L=1.00, train_i=365800, total_steps=9145000
2025-12-18 13:40:19,165: it=365800, lxP=0.01, lxG=0.03, lxGt=19.79, lp=0.02, lg=1.85, aP=100.00, aGinf=91.25, aGt=65.50
2025-12-18 13:40:46,467: MaxHebb=0.23240, T=1.00, F=1.00, L=1.00, train_i=365900, total_steps=9147500
2025-12-18 13:40:46,467: it=365900, lxP=0.00, lxG=0.37, lxGt=24.37, lp=0.01, lg=1.85, aP=100.00, aGinf=93.75, aGt=66.25
2025-12-18 13:41:13,630: MaxHebb=0.19656, T=1.00, F=1.00, L=1.00, train_i=366000, total_steps=9150000
2025-12-18 13:41:13,630: it=366000, lxP=0.00, lxG=0.09, lxGt=21.65, lp=0.01, lg=1.88, aP=100.00, aGinf=92.50, aGt=67.00
2025-12-18 13:41:15,151: save data time 0.10, train_i=366000.00, total_steps=9150000.00
2025-12-18 13:41:42,396: MaxHebb=0.23901, T=1.00, F=1.00, L=1.00, train_i=366100, total_steps=9152500
2025-12-18 13:41:42,396: it=366100, lxP=0.00, lxG=0.00, lxGt=23.11, lp=0.02, lg=1.90, aP=100.00, aGinf=92.00, aGt=65.00
2025-12-18 13:42:09,690: MaxHebb=0.18754, T=1.00, F=1.00, L=1.00, train_i=366200, total_steps=9155000
2025-12-18 13:42:09,690: it=366200, lxP=0.00, lxG=0.00, lxGt=18.46, lp=0.05, lg=1.92, aP=100.00, aGinf=88.00, aGt=64.25
2025-12-18 13:42:36,934: MaxHebb=0.20666, T=1.00, F=1.00, L=1.00, train_i=366300, total_steps=9157500
2025-12-18 13:42:36,934: it=366300, lxP=0.01, lxG=0.05, lxGt=22.98, lp=0.03, lg=1.90, aP=100.00, aGinf=88.75, aGt=62.50
2025-12-18 13:43:04,156: MaxHebb=0.25168, T=1.00, F=1.00, L=1.00, train_i=366400, total_steps=9160000
2025-12-18 13:43:04,156: it=366400, lxP=0.00, lxG=0.06, lxGt=17.29, lp=0.06, lg=1.90, aP=100.00, aGinf=86.00, aGt=60.50
2025-12-18 13:43:32,829: MaxHebb=0.25615, T=1.00, F=1.00, L=1.00, train_i=366500, total_steps=9162500
2025-12-18 13:43:32,829: it=366500, lxP=0.00, lxG=0.13, lxGt=20.82, lp=0.01, lg=1.89, aP=100.00, aGinf=87.75, aGt=63.00
2025-12-18 13:44:00,072: MaxHebb=0.21419, T=1.00, F=1.00, L=1.00, train_i=366600, total_steps=9165000
2025-12-18 13:44:00,072: it=366600, lxP=0.00, lxG=0.01, lxGt=17.97, lp=0.03, lg=1.92, aP=100.00, aGinf=92.25, aGt=71.00
2025-12-18 13:44:27,260: MaxHebb=0.22867, T=1.00, F=1.00, L=1.00, train_i=366700, total_steps=9167500
2025-12-18 13:44:27,260: it=366700, lxP=0.00, lxG=0.01, lxGt=21.09, lp=0.01, lg=1.91, aP=100.00, aGinf=94.25, aGt=67.25
2025-12-18 13:44:54,552: MaxHebb=0.18958, T=1.00, F=1.00, L=1.00, train_i=366800, total_steps=9170000
2025-12-18 13:44:54,552: it=366800, lxP=0.00, lxG=0.02, lxGt=15.26, lp=0.04, lg=1.91, aP=100.00, aGinf=85.75, aGt=62.25
2025-12-18 13:45:23,263: MaxHebb=0.21322, T=1.00, F=1.00, L=1.00, train_i=366900, total_steps=9172500
2025-12-18 13:45:23,263: it=366900, lxP=0.00, lxG=0.02, lxGt=18.68, lp=0.03, lg=1.88, aP=100.00, aGinf=94.75, aGt=72.75
2025-12-18 13:45:50,550: MaxHebb=0.19074, T=1.00, F=1.00, L=1.00, train_i=367000, total_steps=9175000
2025-12-18 13:45:50,550: it=367000, lxP=0.00, lxG=0.00, lxGt=19.86, lp=0.01, lg=1.85, aP=100.00, aGinf=92.00, aGt=68.00
2025-12-18 13:46:17,811: MaxHebb=0.18187, T=1.00, F=1.00, L=1.00, train_i=367100, total_steps=9177500
2025-12-18 13:46:17,812: it=367100, lxP=0.00, lxG=0.34, lxGt=18.87, lp=0.03, lg=1.85, aP=100.00, aGinf=87.75, aGt=62.75
2025-12-18 13:46:45,056: MaxHebb=0.19224, T=1.00, F=1.00, L=1.00, train_i=367200, total_steps=9180000
2025-12-18 13:46:45,056: it=367200, lxP=0.00, lxG=0.04, lxGt=20.17, lp=0.02, lg=1.91, aP=100.00, aGinf=92.25, aGt=67.75
2025-12-18 13:47:13,754: MaxHebb=0.18706, T=1.00, F=1.00, L=1.00, train_i=367300, total_steps=9182500
2025-12-18 13:47:13,755: it=367300, lxP=0.00, lxG=0.00, lxGt=21.71, lp=0.03, lg=1.89, aP=100.00, aGinf=92.50, aGt=68.00
2025-12-18 13:47:41,019: MaxHebb=0.18519, T=1.00, F=1.00, L=1.00, train_i=367400, total_steps=9185000
2025-12-18 13:47:41,019: it=367400, lxP=0.00, lxG=0.02, lxGt=19.04, lp=0.06, lg=1.88, aP=100.00, aGinf=88.75, aGt=63.00
2025-12-18 13:48:08,215: MaxHebb=0.20935, T=1.00, F=1.00, L=1.00, train_i=367500, total_steps=9187500
2025-12-18 13:48:08,215: it=367500, lxP=0.00, lxG=0.04, lxGt=20.49, lp=0.03, lg=1.90, aP=100.00, aGinf=90.25, aGt=67.50
2025-12-18 13:48:35,697: MaxHebb=0.18708, T=1.00, F=1.00, L=1.00, train_i=367600, total_steps=9190000
2025-12-18 13:48:35,697: it=367600, lxP=0.00, lxG=0.52, lxGt=24.87, lp=0.01, lg=1.89, aP=100.00, aGinf=90.25, aGt=66.00
2025-12-18 13:49:04,335: MaxHebb=0.19186, T=1.00, F=1.00, L=1.00, train_i=367700, total_steps=9192500
2025-12-18 13:49:04,335: it=367700, lxP=0.00, lxG=0.02, lxGt=19.83, lp=0.02, lg=1.88, aP=100.00, aGinf=92.25, aGt=67.50
2025-12-18 13:49:31,573: MaxHebb=0.22224, T=1.00, F=1.00, L=1.00, train_i=367800, total_steps=9195000
2025-12-18 13:49:31,573: it=367800, lxP=0.00, lxG=1.51, lxGt=16.83, lp=0.04, lg=1.88, aP=100.00, aGinf=88.50, aGt=65.00
2025-12-18 13:49:58,944: MaxHebb=0.19122, T=1.00, F=1.00, L=1.00, train_i=367900, total_steps=9197500
2025-12-18 13:49:58,944: it=367900, lxP=0.01, lxG=0.02, lxGt=23.67, lp=0.02, lg=1.87, aP=100.00, aGinf=93.00, aGt=63.75
2025-12-18 13:50:26,186: MaxHebb=0.18273, T=1.00, F=1.00, L=1.00, train_i=368000, total_steps=9200000
2025-12-18 13:50:26,186: it=368000, lxP=0.00, lxG=0.01, lxGt=23.31, lp=0.01, lg=1.88, aP=100.00, aGinf=94.50, aGt=67.50
2025-12-18 13:50:27,748: save data time 0.14, train_i=368000.00, total_steps=9200000.00
2025-12-18 13:50:54,936: MaxHebb=0.18646, T=1.00, F=1.00, L=1.00, train_i=368100, total_steps=9202500
2025-12-18 13:50:54,936: it=368100, lxP=0.00, lxG=0.00, lxGt=19.83, lp=0.01, lg=1.87, aP=100.00, aGinf=94.50, aGt=68.00
2025-12-18 13:51:22,074: MaxHebb=0.19180, T=1.00, F=1.00, L=1.00, train_i=368200, total_steps=9205000
2025-12-18 13:51:22,074: it=368200, lxP=0.00, lxG=0.25, lxGt=19.93, lp=0.01, lg=1.87, aP=100.00, aGinf=92.75, aGt=66.25
2025-12-18 13:51:49,133: MaxHebb=0.19256, T=1.00, F=1.00, L=1.00, train_i=368300, total_steps=9207500
2025-12-18 13:51:49,133: it=368300, lxP=0.02, lxG=0.06, lxGt=22.31, lp=0.01, lg=1.85, aP=100.00, aGinf=89.50, aGt=63.00
2025-12-18 13:52:16,394: MaxHebb=0.18847, T=1.00, F=1.00, L=1.00, train_i=368400, total_steps=9210000
2025-12-18 13:52:16,394: it=368400, lxP=0.01, lxG=0.08, lxGt=21.44, lp=0.02, lg=1.86, aP=100.00, aGinf=86.25, aGt=62.25
2025-12-18 13:52:45,268: MaxHebb=0.17865, T=1.00, F=1.00, L=1.00, train_i=368500, total_steps=9212500
2025-12-18 13:52:45,268: it=368500, lxP=0.02, lxG=0.11, lxGt=19.81, lp=0.02, lg=1.85, aP=100.00, aGinf=93.50, aGt=71.00
2025-12-18 13:53:12,675: MaxHebb=0.22180, T=1.00, F=1.00, L=1.00, train_i=368600, total_steps=9215000
2025-12-18 13:53:12,675: it=368600, lxP=0.00, lxG=0.03, lxGt=19.07, lp=0.04, lg=1.88, aP=100.00, aGinf=88.25, aGt=65.50
2025-12-18 13:53:39,935: MaxHebb=0.20963, T=1.00, F=1.00, L=1.00, train_i=368700, total_steps=9217500
2025-12-18 13:53:39,936: it=368700, lxP=0.00, lxG=0.05, lxGt=18.26, lp=0.02, lg=1.85, aP=100.00, aGinf=96.25, aGt=74.25
2025-12-18 13:54:07,264: MaxHebb=0.19772, T=1.00, F=1.00, L=1.00, train_i=368800, total_steps=9220000
2025-12-18 13:54:07,264: it=368800, lxP=0.00, lxG=0.43, lxGt=21.21, lp=0.02, lg=1.84, aP=100.00, aGinf=89.75, aGt=65.75
2025-12-18 13:54:35,922: MaxHebb=0.20058, T=1.00, F=1.00, L=1.00, train_i=368900, total_steps=9222500
2025-12-18 13:54:35,922: it=368900, lxP=0.00, lxG=0.03, lxGt=16.87, lp=0.01, lg=1.86, aP=100.00, aGinf=90.50, aGt=64.75
2025-12-18 13:55:03,305: MaxHebb=0.18261, T=1.00, F=1.00, L=1.00, train_i=369000, total_steps=9225000
2025-12-18 13:55:03,306: it=369000, lxP=0.01, lxG=0.01, lxGt=20.85, lp=0.03, lg=1.85, aP=100.00, aGinf=93.50, aGt=65.75
2025-12-18 13:55:30,553: MaxHebb=0.17899, T=1.00, F=1.00, L=1.00, train_i=369100, total_steps=9227500
2025-12-18 13:55:30,554: it=369100, lxP=0.00, lxG=0.01, lxGt=19.27, lp=0.01, lg=1.86, aP=100.00, aGinf=90.25, aGt=66.25
2025-12-18 13:55:57,894: MaxHebb=0.18576, T=1.00, F=1.00, L=1.00, train_i=369200, total_steps=9230000
2025-12-18 13:55:57,894: it=369200, lxP=0.00, lxG=0.05, lxGt=19.03, lp=0.02, lg=1.88, aP=100.00, aGinf=92.25, aGt=69.00
2025-12-18 13:56:26,540: MaxHebb=0.18755, T=1.00, F=1.00, L=1.00, train_i=369300, total_steps=9232500
2025-12-18 13:56:26,540: it=369300, lxP=0.01, lxG=0.02, lxGt=19.18, lp=0.01, lg=1.85, aP=100.00, aGinf=90.00, aGt=65.50
2025-12-18 13:56:53,747: MaxHebb=0.18642, T=1.00, F=1.00, L=1.00, train_i=369400, total_steps=9235000
2025-12-18 13:56:53,747: it=369400, lxP=0.00, lxG=0.01, lxGt=19.53, lp=0.02, lg=1.90, aP=100.00, aGinf=92.50, aGt=66.00
2025-12-18 13:57:21,024: MaxHebb=0.19383, T=1.00, F=1.00, L=1.00, train_i=369500, total_steps=9237500
2025-12-18 13:57:21,024: it=369500, lxP=0.00, lxG=0.01, lxGt=22.00, lp=0.02, lg=1.93, aP=100.00, aGinf=92.75, aGt=67.25
2025-12-18 13:57:48,242: MaxHebb=0.18817, T=1.00, F=1.00, L=1.00, train_i=369600, total_steps=9240000
2025-12-18 13:57:48,242: it=369600, lxP=0.00, lxG=0.69, lxGt=20.97, lp=0.01, lg=1.89, aP=100.00, aGinf=92.50, aGt=69.25
2025-12-18 13:58:16,960: MaxHebb=0.18819, T=1.00, F=1.00, L=1.00, train_i=369700, total_steps=9242500
2025-12-18 13:58:16,960: it=369700, lxP=0.00, lxG=0.04, lxGt=24.76, lp=0.01, lg=1.91, aP=100.00, aGinf=92.75, aGt=70.75
2025-12-18 13:58:44,287: MaxHebb=0.20086, T=1.00, F=1.00, L=1.00, train_i=369800, total_steps=9245000
2025-12-18 13:58:44,287: it=369800, lxP=0.00, lxG=0.03, lxGt=22.07, lp=0.02, lg=1.88, aP=100.00, aGinf=90.00, aGt=66.00
2025-12-18 13:59:11,616: MaxHebb=0.17735, T=1.00, F=1.00, L=1.00, train_i=369900, total_steps=9247500
2025-12-18 13:59:11,616: it=369900, lxP=0.02, lxG=1.05, lxGt=19.20, lp=0.01, lg=1.86, aP=100.00, aGinf=92.75, aGt=70.50
2025-12-18 13:59:38,844: MaxHebb=0.17733, T=1.00, F=1.00, L=1.00, train_i=370000, total_steps=9250000
2025-12-18 13:59:38,844: it=370000, lxP=0.00, lxG=0.07, lxGt=18.50, lp=0.04, lg=1.89, aP=100.00, aGinf=88.50, aGt=65.00
2025-12-18 13:59:40,401: save data time 0.12, train_i=370000.00, total_steps=9250000.00
2025-12-18 14:00:07,723: MaxHebb=0.19825, T=1.00, F=1.00, L=1.00, train_i=370100, total_steps=9252500
2025-12-18 14:00:07,723: it=370100, lxP=0.00, lxG=0.32, lxGt=19.91, lp=0.02, lg=1.88, aP=100.00, aGinf=89.75, aGt=64.50
2025-12-18 14:00:34,973: MaxHebb=0.20794, T=1.00, F=1.00, L=1.00, train_i=370200, total_steps=9255000
2025-12-18 14:00:34,974: it=370200, lxP=0.00, lxG=0.00, lxGt=18.25, lp=0.01, lg=1.89, aP=100.00, aGinf=92.75, aGt=68.25
2025-12-18 14:01:02,226: MaxHebb=0.21766, T=1.00, F=1.00, L=1.00, train_i=370300, total_steps=9257500
2025-12-18 14:01:02,227: it=370300, lxP=0.00, lxG=0.11, lxGt=20.16, lp=0.03, lg=1.88, aP=100.00, aGinf=88.50, aGt=64.75
2025-12-18 14:01:29,546: MaxHebb=0.23870, T=1.00, F=1.00, L=1.00, train_i=370400, total_steps=9260000
2025-12-18 14:01:29,546: it=370400, lxP=0.00, lxG=0.02, lxGt=21.66, lp=0.02, lg=1.89, aP=100.00, aGinf=93.00, aGt=68.50
2025-12-18 14:01:58,255: MaxHebb=0.22299, T=1.00, F=1.00, L=1.00, train_i=370500, total_steps=9262500
2025-12-18 14:01:58,255: it=370500, lxP=0.00, lxG=0.01, lxGt=18.57, lp=0.02, lg=1.88, aP=100.00, aGinf=94.50, aGt=69.75
2025-12-18 14:02:25,482: MaxHebb=0.18328, T=1.00, F=1.00, L=1.00, train_i=370600, total_steps=9265000
2025-12-18 14:02:25,482: it=370600, lxP=0.00, lxG=0.02, lxGt=18.33, lp=0.03, lg=1.89, aP=100.00, aGinf=85.00, aGt=61.50
2025-12-18 14:02:52,777: MaxHebb=0.17548, T=1.00, F=1.00, L=1.00, train_i=370700, total_steps=9267500
2025-12-18 14:02:52,777: it=370700, lxP=0.00, lxG=0.00, lxGt=19.12, lp=0.02, lg=1.87, aP=100.00, aGinf=94.75, aGt=70.00
2025-12-18 14:03:20,090: MaxHebb=0.22632, T=1.00, F=1.00, L=1.00, train_i=370800, total_steps=9270000
2025-12-18 14:03:20,090: it=370800, lxP=0.00, lxG=0.00, lxGt=21.88, lp=0.02, lg=1.85, aP=100.00, aGinf=93.00, aGt=66.00
2025-12-18 14:03:48,752: MaxHebb=0.21564, T=1.00, F=1.00, L=1.00, train_i=370900, total_steps=9272500
2025-12-18 14:03:48,752: it=370900, lxP=0.00, lxG=0.00, lxGt=20.54, lp=0.02, lg=1.86, aP=100.00, aGinf=93.00, aGt=67.75
2025-12-18 14:04:16,044: MaxHebb=0.19329, T=1.00, F=1.00, L=1.00, train_i=371000, total_steps=9275000
2025-12-18 14:04:16,044: it=371000, lxP=0.00, lxG=0.00, lxGt=27.08, lp=0.01, lg=1.88, aP=100.00, aGinf=92.00, aGt=62.50
2025-12-18 14:04:43,290: MaxHebb=0.25117, T=1.00, F=1.00, L=1.00, train_i=371100, total_steps=9277500
2025-12-18 14:04:43,290: it=371100, lxP=0.00, lxG=0.03, lxGt=23.87, lp=0.01, lg=1.87, aP=100.00, aGinf=95.75, aGt=66.25
2025-12-18 14:05:10,517: MaxHebb=0.18518, T=1.00, F=1.00, L=1.00, train_i=371200, total_steps=9280000
2025-12-18 14:05:10,517: it=371200, lxP=0.00, lxG=0.10, lxGt=19.43, lp=0.02, lg=1.88, aP=100.00, aGinf=91.00, aGt=66.75
2025-12-18 14:05:39,130: MaxHebb=0.21690, T=1.00, F=1.00, L=1.00, train_i=371300, total_steps=9282500
2025-12-18 14:05:39,130: it=371300, lxP=0.01, lxG=0.08, lxGt=20.30, lp=0.02, lg=1.90, aP=100.00, aGinf=91.50, aGt=69.00
2025-12-18 14:06:06,418: MaxHebb=0.19586, T=1.00, F=1.00, L=1.00, train_i=371400, total_steps=9285000
2025-12-18 14:06:06,418: it=371400, lxP=0.00, lxG=0.01, lxGt=21.88, lp=0.02, lg=1.89, aP=100.00, aGinf=90.00, aGt=62.75
2025-12-18 14:06:33,743: MaxHebb=0.18643, T=1.00, F=1.00, L=1.00, train_i=371500, total_steps=9287500
2025-12-18 14:06:33,743: it=371500, lxP=0.00, lxG=0.01, lxGt=23.50, lp=0.01, lg=1.89, aP=100.00, aGinf=92.75, aGt=66.25
2025-12-18 14:07:00,983: MaxHebb=0.18766, T=1.00, F=1.00, L=1.00, train_i=371600, total_steps=9290000
2025-12-18 14:07:00,983: it=371600, lxP=0.03, lxG=0.07, lxGt=21.38, lp=0.01, lg=1.86, aP=100.00, aGinf=92.00, aGt=65.25
2025-12-18 14:07:29,674: MaxHebb=0.18215, T=1.00, F=1.00, L=1.00, train_i=371700, total_steps=9292500
2025-12-18 14:07:29,674: it=371700, lxP=0.00, lxG=0.40, lxGt=21.82, lp=0.01, lg=1.89, aP=100.00, aGinf=90.75, aGt=69.25
2025-12-18 14:07:56,966: MaxHebb=0.19354, T=1.00, F=1.00, L=1.00, train_i=371800, total_steps=9295000
2025-12-18 14:07:56,966: it=371800, lxP=0.00, lxG=0.02, lxGt=18.67, lp=0.02, lg=1.91, aP=100.00, aGinf=84.75, aGt=61.00
2025-12-18 14:08:24,223: MaxHebb=0.19500, T=1.00, F=1.00, L=1.00, train_i=371900, total_steps=9297500
2025-12-18 14:08:24,223: it=371900, lxP=0.00, lxG=0.00, lxGt=20.83, lp=0.02, lg=1.88, aP=100.00, aGinf=94.50, aGt=69.00
2025-12-18 14:08:51,499: MaxHebb=0.23880, T=1.00, F=1.00, L=1.00, train_i=372000, total_steps=9300000
2025-12-18 14:08:51,499: it=372000, lxP=0.00, lxG=0.04, lxGt=20.26, lp=0.01, lg=1.89, aP=100.00, aGinf=95.00, aGt=69.75
2025-12-18 14:08:52,994: save data time 0.11, train_i=372000.00, total_steps=9300000.00
2025-12-18 14:09:20,304: MaxHebb=0.23302, T=1.00, F=1.00, L=1.00, train_i=372100, total_steps=9302500
2025-12-18 14:09:20,304: it=372100, lxP=0.00, lxG=0.00, lxGt=21.53, lp=0.01, lg=1.86, aP=100.00, aGinf=92.75, aGt=66.00
2025-12-18 14:09:47,582: MaxHebb=0.18538, T=1.00, F=1.00, L=1.00, train_i=372200, total_steps=9305000
2025-12-18 14:09:47,582: it=372200, lxP=0.01, lxG=0.16, lxGt=20.75, lp=0.01, lg=1.88, aP=100.00, aGinf=93.00, aGt=68.75
2025-12-18 14:10:14,806: MaxHebb=0.20863, T=1.00, F=1.00, L=1.00, train_i=372300, total_steps=9307500
2025-12-18 14:10:14,806: it=372300, lxP=0.01, lxG=0.00, lxGt=17.11, lp=0.02, lg=1.86, aP=100.00, aGinf=92.75, aGt=70.50
2025-12-18 14:10:42,050: MaxHebb=0.19702, T=1.00, F=1.00, L=1.00, train_i=372400, total_steps=9310000
2025-12-18 14:10:42,050: it=372400, lxP=0.00, lxG=0.00, lxGt=20.21, lp=0.01, lg=1.92, aP=100.00, aGinf=96.25, aGt=71.50
2025-12-18 14:11:10,797: MaxHebb=0.19646, T=1.00, F=1.00, L=1.00, train_i=372500, total_steps=9312500
2025-12-18 14:11:10,797: it=372500, lxP=0.00, lxG=0.88, lxGt=18.94, lp=0.02, lg=1.86, aP=100.00, aGinf=90.25, aGt=62.50
2025-12-18 14:11:38,077: MaxHebb=0.19097, T=1.00, F=1.00, L=1.00, train_i=372600, total_steps=9315000
2025-12-18 14:11:38,077: it=372600, lxP=0.00, lxG=0.02, lxGt=18.93, lp=0.02, lg=1.91, aP=100.00, aGinf=92.25, aGt=66.75
2025-12-18 14:12:05,448: MaxHebb=0.18978, T=1.00, F=1.00, L=1.00, train_i=372700, total_steps=9317500
2025-12-18 14:12:05,449: it=372700, lxP=0.01, lxG=0.04, lxGt=20.35, lp=0.01, lg=1.88, aP=100.00, aGinf=93.00, aGt=68.50
2025-12-18 14:12:32,778: MaxHebb=0.17855, T=1.00, F=1.00, L=1.00, train_i=372800, total_steps=9320000
2025-12-18 14:12:32,778: it=372800, lxP=0.00, lxG=0.02, lxGt=23.83, lp=0.02, lg=1.90, aP=100.00, aGinf=91.50, aGt=63.75
2025-12-18 14:13:01,528: MaxHebb=0.24017, T=1.00, F=1.00, L=1.00, train_i=372900, total_steps=9322500
2025-12-18 14:13:01,528: it=372900, lxP=0.00, lxG=0.00, lxGt=17.62, lp=0.02, lg=1.89, aP=100.00, aGinf=90.75, aGt=67.00
2025-12-18 14:13:28,841: MaxHebb=0.19478, T=1.00, F=1.00, L=1.00, train_i=373000, total_steps=9325000
2025-12-18 14:13:28,841: it=373000, lxP=0.00, lxG=0.14, lxGt=17.91, lp=0.03, lg=1.85, aP=100.00, aGinf=90.25, aGt=65.00
2025-12-18 14:13:56,186: MaxHebb=0.18738, T=1.00, F=1.00, L=1.00, train_i=373100, total_steps=9327500
2025-12-18 14:13:56,186: it=373100, lxP=0.00, lxG=0.21, lxGt=19.75, lp=0.02, lg=1.89, aP=100.00, aGinf=90.75, aGt=65.00
2025-12-18 14:14:23,431: MaxHebb=0.19608, T=1.00, F=1.00, L=1.00, train_i=373200, total_steps=9330000
2025-12-18 14:14:23,431: it=373200, lxP=0.00, lxG=0.03, lxGt=19.36, lp=0.01, lg=1.85, aP=100.00, aGinf=93.25, aGt=69.75
2025-12-18 14:14:52,221: MaxHebb=0.18226, T=1.00, F=1.00, L=1.00, train_i=373300, total_steps=9332500
2025-12-18 14:14:52,221: it=373300, lxP=0.00, lxG=0.02, lxGt=18.36, lp=0.02, lg=1.87, aP=100.00, aGinf=91.25, aGt=68.50
2025-12-18 14:15:19,492: MaxHebb=0.19018, T=1.00, F=1.00, L=1.00, train_i=373400, total_steps=9335000
2025-12-18 14:15:19,492: it=373400, lxP=0.00, lxG=0.06, lxGt=22.51, lp=0.01, lg=1.87, aP=100.00, aGinf=92.25, aGt=65.50
2025-12-18 14:15:46,771: MaxHebb=0.21413, T=1.00, F=1.00, L=1.00, train_i=373500, total_steps=9337500
2025-12-18 14:15:46,771: it=373500, lxP=0.00, lxG=0.08, lxGt=18.56, lp=0.03, lg=1.89, aP=100.00, aGinf=91.50, aGt=67.75
2025-12-18 14:16:13,985: MaxHebb=0.23300, T=1.00, F=1.00, L=1.00, train_i=373600, total_steps=9340000
2025-12-18 14:16:13,985: it=373600, lxP=0.00, lxG=0.01, lxGt=23.43, lp=0.01, lg=1.90, aP=100.00, aGinf=93.75, aGt=66.50
2025-12-18 14:16:42,632: MaxHebb=0.26343, T=1.00, F=1.00, L=1.00, train_i=373700, total_steps=9342500
2025-12-18 14:16:42,632: it=373700, lxP=0.00, lxG=0.01, lxGt=18.57, lp=0.02, lg=1.87, aP=100.00, aGinf=91.00, aGt=66.50
2025-12-18 14:17:09,826: MaxHebb=0.22738, T=1.00, F=1.00, L=1.00, train_i=373800, total_steps=9345000
2025-12-18 14:17:09,826: it=373800, lxP=0.00, lxG=0.02, lxGt=21.07, lp=0.03, lg=1.89, aP=100.00, aGinf=88.25, aGt=62.50
2025-12-18 14:17:37,111: MaxHebb=0.18792, T=1.00, F=1.00, L=1.00, train_i=373900, total_steps=9347500
2025-12-18 14:17:37,111: it=373900, lxP=0.01, lxG=0.02, lxGt=18.07, lp=0.03, lg=1.86, aP=100.00, aGinf=84.75, aGt=62.00
2025-12-18 14:18:04,439: MaxHebb=0.21580, T=1.00, F=1.00, L=1.00, train_i=374000, total_steps=9350000
2025-12-18 14:18:04,439: it=374000, lxP=0.00, lxG=0.02, lxGt=22.45, lp=0.01, lg=1.88, aP=100.00, aGinf=94.00, aGt=66.25
2025-12-18 14:18:05,986: save data time 0.11, train_i=374000.00, total_steps=9350000.00
2025-12-18 14:18:33,342: MaxHebb=0.22745, T=1.00, F=1.00, L=1.00, train_i=374100, total_steps=9352500
2025-12-18 14:18:33,342: it=374100, lxP=0.00, lxG=0.01, lxGt=19.59, lp=0.02, lg=1.89, aP=100.00, aGinf=91.75, aGt=67.00
2025-12-18 14:19:00,545: MaxHebb=0.18721, T=1.00, F=1.00, L=1.00, train_i=374200, total_steps=9355000
2025-12-18 14:19:00,545: it=374200, lxP=0.00, lxG=0.00, lxGt=19.58, lp=0.01, lg=1.88, aP=100.00, aGinf=91.50, aGt=66.00
2025-12-18 14:19:27,853: MaxHebb=0.18614, T=1.00, F=1.00, L=1.00, train_i=374300, total_steps=9357500
2025-12-18 14:19:27,853: it=374300, lxP=0.01, lxG=0.20, lxGt=18.99, lp=0.03, lg=1.85, aP=100.00, aGinf=87.25, aGt=62.50
2025-12-18 14:19:55,149: MaxHebb=0.19270, T=1.00, F=1.00, L=1.00, train_i=374400, total_steps=9360000
2025-12-18 14:19:55,149: it=374400, lxP=0.00, lxG=0.01, lxGt=18.66, lp=0.01, lg=1.90, aP=100.00, aGinf=90.25, aGt=65.25
2025-12-18 14:20:23,888: MaxHebb=0.19244, T=1.00, F=1.00, L=1.00, train_i=374500, total_steps=9362500
2025-12-18 14:20:23,888: it=374500, lxP=0.01, lxG=0.02, lxGt=22.46, lp=0.02, lg=1.88, aP=100.00, aGinf=87.25, aGt=62.25
2025-12-18 14:20:51,124: MaxHebb=0.18903, T=1.00, F=1.00, L=1.00, train_i=374600, total_steps=9365000
2025-12-18 14:20:51,124: it=374600, lxP=0.00, lxG=0.12, lxGt=20.21, lp=0.01, lg=1.86, aP=100.00, aGinf=93.50, aGt=70.50
2025-12-18 14:21:18,379: MaxHebb=0.18211, T=1.00, F=1.00, L=1.00, train_i=374700, total_steps=9367500
2025-12-18 14:21:18,380: it=374700, lxP=0.00, lxG=0.08, lxGt=22.88, lp=0.01, lg=1.88, aP=100.00, aGinf=91.00, aGt=61.75
2025-12-18 14:21:45,744: MaxHebb=0.19206, T=1.00, F=1.00, L=1.00, train_i=374800, total_steps=9370000
2025-12-18 14:21:45,744: it=374800, lxP=0.00, lxG=0.02, lxGt=22.06, lp=0.01, lg=1.89, aP=100.00, aGinf=92.75, aGt=68.25
2025-12-18 14:22:14,509: MaxHebb=0.23403, T=1.00, F=1.00, L=1.00, train_i=374900, total_steps=9372500
2025-12-18 14:22:14,510: it=374900, lxP=0.01, lxG=0.07, lxGt=22.24, lp=0.02, lg=1.88, aP=100.00, aGinf=91.75, aGt=65.75
2025-12-18 14:22:41,888: MaxHebb=0.18214, T=1.00, F=1.00, L=1.00, train_i=375000, total_steps=9375000
2025-12-18 14:22:41,888: it=375000, lxP=0.00, lxG=0.02, lxGt=21.00, lp=0.02, lg=1.86, aP=100.00, aGinf=94.00, aGt=68.25
2025-12-18 14:23:09,222: MaxHebb=0.18991, T=1.00, F=1.00, L=1.00, train_i=375100, total_steps=9377500
2025-12-18 14:23:09,223: it=375100, lxP=0.00, lxG=0.43, lxGt=20.22, lp=0.01, lg=1.87, aP=100.00, aGinf=92.00, aGt=69.00
2025-12-18 14:23:36,479: MaxHebb=0.21366, T=1.00, F=1.00, L=1.00, train_i=375200, total_steps=9380000
2025-12-18 14:23:36,479: it=375200, lxP=0.01, lxG=0.07, lxGt=16.88, lp=0.04, lg=1.87, aP=100.00, aGinf=87.00, aGt=64.50
2025-12-18 14:24:05,260: MaxHebb=0.19916, T=1.00, F=1.00, L=1.00, train_i=375300, total_steps=9382500
2025-12-18 14:24:05,260: it=375300, lxP=0.06, lxG=0.09, lxGt=20.16, lp=0.01, lg=1.84, aP=100.00, aGinf=93.75, aGt=68.00
2025-12-18 14:24:32,600: MaxHebb=0.18425, T=1.00, F=1.00, L=1.00, train_i=375400, total_steps=9385000
2025-12-18 14:24:32,600: it=375400, lxP=0.00, lxG=0.07, lxGt=20.93, lp=0.01, lg=1.87, aP=100.00, aGinf=97.75, aGt=71.50
2025-12-18 14:24:59,931: MaxHebb=0.20720, T=1.00, F=1.00, L=1.00, train_i=375500, total_steps=9387500
2025-12-18 14:24:59,931: it=375500, lxP=0.03, lxG=0.46, lxGt=19.61, lp=0.02, lg=1.85, aP=100.00, aGinf=90.50, aGt=67.50
2025-12-18 14:25:27,232: MaxHebb=0.18875, T=1.00, F=1.00, L=1.00, train_i=375600, total_steps=9390000
2025-12-18 14:25:27,232: it=375600, lxP=0.00, lxG=0.02, lxGt=21.27, lp=0.01, lg=1.87, aP=100.00, aGinf=90.50, aGt=64.50
2025-12-18 14:25:56,158: MaxHebb=0.21494, T=1.00, F=1.00, L=1.00, train_i=375700, total_steps=9392500
2025-12-18 14:25:56,158: it=375700, lxP=0.00, lxG=0.36, lxGt=21.47, lp=0.01, lg=1.87, aP=100.00, aGinf=94.00, aGt=67.75
2025-12-18 14:26:23,637: MaxHebb=0.18880, T=1.00, F=1.00, L=1.00, train_i=375800, total_steps=9395000
2025-12-18 14:26:23,637: it=375800, lxP=0.00, lxG=3.00, lxGt=20.60, lp=0.03, lg=1.89, aP=100.00, aGinf=87.50, aGt=61.50
2025-12-18 14:26:51,089: MaxHebb=0.18725, T=1.00, F=1.00, L=1.00, train_i=375900, total_steps=9397500
2025-12-18 14:26:51,089: it=375900, lxP=0.00, lxG=0.03, lxGt=21.74, lp=0.01, lg=1.89, aP=100.00, aGinf=90.50, aGt=65.25
2025-12-18 14:27:18,546: MaxHebb=0.23075, T=1.00, F=1.00, L=1.00, train_i=376000, total_steps=9400000
2025-12-18 14:27:18,546: it=376000, lxP=0.00, lxG=0.35, lxGt=18.34, lp=0.02, lg=1.86, aP=100.00, aGinf=96.00, aGt=74.00
2025-12-18 14:27:20,072: save data time 0.11, train_i=376000.00, total_steps=9400000.00
2025-12-18 14:27:47,498: MaxHebb=0.18826, T=1.00, F=1.00, L=1.00, train_i=376100, total_steps=9402500
2025-12-18 14:27:47,498: it=376100, lxP=0.00, lxG=0.05, lxGt=20.46, lp=0.01, lg=1.90, aP=100.00, aGinf=90.00, aGt=67.00
2025-12-18 14:28:14,853: MaxHebb=0.19178, T=1.00, F=1.00, L=1.00, train_i=376200, total_steps=9405000
2025-12-18 14:28:14,853: it=376200, lxP=0.00, lxG=0.04, lxGt=18.99, lp=0.01, lg=1.88, aP=100.00, aGinf=85.25, aGt=61.50
2025-12-18 14:28:42,128: MaxHebb=0.19973, T=1.00, F=1.00, L=1.00, train_i=376300, total_steps=9407500
2025-12-18 14:28:42,128: it=376300, lxP=0.00, lxG=0.01, lxGt=19.49, lp=0.01, lg=1.88, aP=100.00, aGinf=90.50, aGt=66.50
2025-12-18 14:29:09,362: MaxHebb=0.19177, T=1.00, F=1.00, L=1.00, train_i=376400, total_steps=9410000
2025-12-18 14:29:09,362: it=376400, lxP=0.00, lxG=0.02, lxGt=22.59, lp=0.01, lg=1.88, aP=100.00, aGinf=96.75, aGt=68.75
2025-12-18 14:29:38,091: MaxHebb=0.22053, T=1.00, F=1.00, L=1.00, train_i=376500, total_steps=9412500
2025-12-18 14:29:38,091: it=376500, lxP=0.00, lxG=0.03, lxGt=20.97, lp=0.02, lg=1.87, aP=100.00, aGinf=88.75, aGt=64.25
2025-12-18 14:30:05,477: MaxHebb=0.19962, T=1.00, F=1.00, L=1.00, train_i=376600, total_steps=9415000
2025-12-18 14:30:05,477: it=376600, lxP=0.00, lxG=0.03, lxGt=17.44, lp=0.03, lg=1.86, aP=100.00, aGinf=88.50, aGt=63.00
2025-12-18 14:30:32,845: MaxHebb=0.18857, T=1.00, F=1.00, L=1.00, train_i=376700, total_steps=9417500
2025-12-18 14:30:32,845: it=376700, lxP=0.01, lxG=0.07, lxGt=22.40, lp=0.01, lg=1.85, aP=100.00, aGinf=89.75, aGt=63.50
2025-12-18 14:31:00,134: MaxHebb=0.17885, T=1.00, F=1.00, L=1.00, train_i=376800, total_steps=9420000
2025-12-18 14:31:00,134: it=376800, lxP=0.00, lxG=0.02, lxGt=20.29, lp=0.02, lg=1.91, aP=100.00, aGinf=92.50, aGt=67.50
2025-12-18 14:31:28,842: MaxHebb=0.19030, T=1.00, F=1.00, L=1.00, train_i=376900, total_steps=9422500
2025-12-18 14:31:28,842: it=376900, lxP=0.00, lxG=0.65, lxGt=23.21, lp=0.02, lg=1.88, aP=100.00, aGinf=89.00, aGt=63.50
2025-12-18 14:31:56,147: MaxHebb=0.17884, T=1.00, F=1.00, L=1.00, train_i=377000, total_steps=9425000
2025-12-18 14:31:56,147: it=377000, lxP=0.00, lxG=0.03, lxGt=20.38, lp=0.01, lg=1.90, aP=100.00, aGinf=91.25, aGt=66.00
2025-12-18 14:32:23,514: MaxHebb=0.19950, T=1.00, F=1.00, L=1.00, train_i=377100, total_steps=9427500
2025-12-18 14:32:23,514: it=377100, lxP=0.00, lxG=0.12, lxGt=16.49, lp=0.02, lg=1.83, aP=100.00, aGinf=88.75, aGt=65.00
2025-12-18 14:32:50,725: MaxHebb=0.18833, T=1.00, F=1.00, L=1.00, train_i=377200, total_steps=9430000
2025-12-18 14:32:50,725: it=377200, lxP=0.00, lxG=0.03, lxGt=19.80, lp=0.03, lg=1.85, aP=100.00, aGinf=88.50, aGt=63.75
2025-12-18 14:33:19,741: MaxHebb=0.18617, T=1.00, F=1.00, L=1.00, train_i=377300, total_steps=9432500
2025-12-18 14:33:19,741: it=377300, lxP=0.00, lxG=0.30, lxGt=21.78, lp=0.02, lg=1.88, aP=100.00, aGinf=92.00, aGt=66.50
2025-12-18 14:33:47,015: MaxHebb=0.21389, T=1.00, F=1.00, L=1.00, train_i=377400, total_steps=9435000
2025-12-18 14:33:47,015: it=377400, lxP=0.00, lxG=0.10, lxGt=17.94, lp=0.03, lg=1.90, aP=100.00, aGinf=89.25, aGt=65.75
2025-12-18 14:34:14,340: MaxHebb=0.17498, T=1.00, F=1.00, L=1.00, train_i=377500, total_steps=9437500
2025-12-18 14:34:14,340: it=377500, lxP=0.00, lxG=0.00, lxGt=18.67, lp=0.03, lg=1.90, aP=100.00, aGinf=90.75, aGt=65.75
2025-12-18 14:34:41,566: MaxHebb=0.18251, T=1.00, F=1.00, L=1.00, train_i=377600, total_steps=9440000
2025-12-18 14:34:41,567: it=377600, lxP=0.00, lxG=0.30, lxGt=21.40, lp=0.01, lg=1.88, aP=100.00, aGinf=93.50, aGt=68.25
